kind,model_name,best_model,best_params,grid_cv_time,mean_fit_time,mean_test,mean_train,score
reg,ols,"LinearRegression(copy_X=True, fit_intercept=True, n_jobs=1, normalize=False)",{},0 days 00:00:02.246044000,0.016011524200439452,-1.1137486884201766e+23,-0.05455465205132361,neg_mean_squared_error
reg,lasso,"Lasso(alpha=1.0, copy_X=True, fit_intercept=True, max_iter=1000,
   normalize=False, positive=False, precompute=False, random_state=None,
   selection='cyclic', tol=0.0001, warm_start=False)",{'alpha': 1.0},0 days 00:00:02.464740000,0.0026021480560302736,-0.6731885882035575,-0.6698311968162751,neg_mean_squared_error
reg,ridge,"Ridge(alpha=12.915496650148841, copy_X=True, fit_intercept=True,
   max_iter=None, normalize=False, random_state=None, solver='auto',
   tol=0.001)",{'alpha': 12.915496650148841},0 days 00:00:02.448729000,0.008406448364257812,-0.4675194937965264,-0.32924514750869627,neg_mean_squared_error
reg,DTreg,"DecisionTreeRegressor(criterion='mse', max_depth=3, max_features=0.3,
           max_leaf_nodes=None, min_impurity_split=1e-07,
           min_samples_leaf=1, min_samples_split=2,
           min_weight_fraction_leaf=0.0, presort=False, random_state=None,
           splitter='best')","{'max_depth': 3, 'max_features': 0.3}",0 days 00:00:02.626875000,0.002602386474609375,-0.6179974291084441,-0.4268705775059436,neg_mean_squared_error
reg,linearSVR,"LinearSVR(C=0.10000000000000001, dual=True, epsilon=0, fit_intercept=True,
     intercept_scaling=1.0, loss='squared_epsilon_insensitive',
     max_iter=1000, random_state=None, tol=0.0001, verbose=0)","{'C': 0.10000000000000001, 'epsilon': 0, 'loss': 'squared_epsilon_insensitive'}",0 days 00:00:03.633548000,0.00400238037109375,-0.5360300662164628,-0.29794141595212015,neg_mean_squared_error
cls,logistics,"LogisticRegression(C=1.0, class_weight=None, dual=False, fit_intercept=True,
          intercept_scaling=1, max_iter=100, multi_class='ovr', n_jobs=1,
          penalty='l1', random_state=None, solver='liblinear', tol=0.0001,
          verbose=0, warm_start=False)","{'C': 1.0, 'penalty': 'l1'}",0 days 00:00:03.079174000,0.019413185119628907,0.5048193658405953,0.6950597206957119,f1_weighted
cls,DTcls,"DecisionTreeClassifier(class_weight=None, criterion='gini', max_depth=50,
            max_features=0.5, max_leaf_nodes=None,
            min_impurity_split=1e-07, min_samples_leaf=1,
            min_samples_split=2, min_weight_fraction_leaf=0.0,
            presort=False, random_state=None, splitter='best')","{'criterion': 'gini', 'max_depth': 50, 'max_features': 0.5}",0 days 00:00:02.826008000,0.006604623794555664,0.4394713819410266,1.0,f1_weighted
cls,linearSVM,"LinearSVC(C=0.10000000000000001, class_weight=None, dual=True,
     fit_intercept=True, intercept_scaling=1, loss='hinge', max_iter=1000,
     multi_class='ovr', penalty='l2', random_state=None, tol=0.0001,
     verbose=0)","{'C': 0.10000000000000001, 'loss': 'hinge'}",0 days 00:00:02.763441000,0.013608217239379883,0.4876153255663785,0.7184035118537471,f1_weighted
reg,ADAreg,"AdaBoostRegressor(base_estimator=None, learning_rate=0.56234132519034907,
         loss='linear', n_estimators=500, random_state=None)","{'learning_rate': 0.56234132519034907, 'n_estimators': 500}",0 days 00:00:25.269772000,1.8274895191192626,-0.4955629126877777,-0.15725541675181604,neg_mean_squared_error
reg,RFreg,"RandomForestRegressor(bootstrap=True, criterion='mse', max_depth=None,
           max_features='sqrt', max_leaf_nodes=None,
           min_impurity_split=1e-07, min_samples_leaf=1,
           min_samples_split=2, min_weight_fraction_leaf=0.0,
           n_estimators=100, n_jobs=1, oob_score=False, random_state=None,
           verbose=0, warm_start=False)","{'max_features': 'sqrt', 'min_samples_leaf': 1, 'n_estimators': 100}",0 days 00:00:07.708084000,0.1605156421661377,-0.4881952865071296,-0.06818779910680658,neg_mean_squared_error
reg,MLPreg,"MLPRegressor(activation='relu', alpha=0.0001, batch_size='auto', beta_1=0.9,
       beta_2=0.999, early_stopping=False, epsilon=1e-08,
       hidden_layer_sizes=(5, 2), learning_rate='adaptive',
       learning_rate_init=0.001, max_iter=10000, momentum=0.9,
       nesterovs_momentum=True, power_t=0.5, random_state=None,
       shuffle=True, solver='adam', tol=0.0001, validation_fraction=0.1,
       verbose=False, warm_start=False)","{'hidden_layer_sizes': (5, 2), 'learning_rate': 'adaptive', 'max_iter': 10000}",0 days 00:00:09.372616000,2.3882863998413084,-0.8662673311950733,-0.8153606758324349,neg_mean_squared_error
cls,ADAcls,"AdaBoostClassifier(algorithm='SAMME.R', base_estimator=None,
          learning_rate=0.0001, n_estimators=256, random_state=None)","{'learning_rate': 0.0001, 'n_estimators': 256}",0 days 00:00:19.487869000,0.716908597946167,0.3925389434666171,0.42841487641999104,f1_weighted
cls,RFcls,"RandomForestClassifier(bootstrap=True, class_weight=None, criterion='gini',
            max_depth=None, max_features='sqrt', max_leaf_nodes=None,
            min_impurity_split=1e-07, min_samples_leaf=2,
            min_samples_split=2, min_weight_fraction_leaf=0.0,
            n_estimators=10, n_jobs=1, oob_score=False, random_state=None,
            verbose=0, warm_start=False)","{'max_features': 'sqrt', 'min_samples_leaf': 2, 'n_estimators': 10}",0 days 00:00:08.482003000,0.0224153995513916,0.4727424998464579,0.9495845238625897,f1_weighted
cls,MLPcls,"MLPClassifier(activation='relu', alpha=0.0001, batch_size='auto', beta_1=0.9,
       beta_2=0.999, early_stopping=False, epsilon=1e-08,
       hidden_layer_sizes=(100,), learning_rate='adaptive',
       learning_rate_init=0.001, max_iter=10000, momentum=0.9,
       nesterovs_momentum=True, power_t=0.5, random_state=None,
       shuffle=True, solver='adam', tol=0.0001, validation_fraction=0.1,
       verbose=False, warm_start=False)","{'hidden_layer_sizes': (100,), 'learning_rate': 'adaptive', 'max_iter': 10000}",0 days 00:00:13.735685000,0.7193084239959717,0.46233110818498047,0.7101002260027581,f1_weighted
reg,BAGreg,"BaggingRegressor(base_estimator=None, bootstrap=True,
         bootstrap_features=False, max_features=0.4, max_samples=1.0,
         n_estimators=50, n_jobs=1, oob_score=False, random_state=None,
         verbose=0, warm_start=False)","{'max_features': 0.4, 'n_estimators': 50}",0 days 00:00:24.840861000,0.19293580055236817,-0.472651585184229,-0.07102910262739166,neg_mean_squared_error
cls,BAGcls,"BaggingClassifier(base_estimator=None, bootstrap=True,
         bootstrap_features=False, max_features=1.0, max_samples=1.0,
         n_estimators=10, n_jobs=1, oob_score=False, random_state=None,
         verbose=0, warm_start=False)","{'max_features': 1.0, 'n_estimators': 10}",0 days 00:00:24.860033000,0.14970526695251465,0.4934017358169374,0.9907162251889898,f1_weighted
reg,SVR,"SVR(C=0.10000000000000001, cache_size=200, coef0=0.0, degree=3, epsilon=0.1,
  gamma=0.1, kernel='poly', max_iter=-1, shrinking=True, tol=0.001,
  verbose=False)","{'C': 0.10000000000000001, 'degree': 3, 'gamma': 0.1, 'kernel': 'poly'}",0 days 00:00:02.935680000,0.010808086395263672,-0.4656872921903243,-0.28705211394512037,neg_mean_squared_error
reg,GDBreg,"GradientBoostingRegressor(alpha=0.9, criterion='friedman_mse', init=None,
             learning_rate=0.031622776601683791, loss='ls', max_depth=10,
             max_features='sqrt', max_leaf_nodes=None,
             min_impurity_split=1e-07, min_samples_leaf=1,
             min_samples_split=2, min_weight_fraction_leaf=0.0,
             n_estimators=100, presort='auto', random_state=None,
             subsample=1.0, verbose=0, warm_start=False)","{'learning_rate': 0.031622776601683791, 'max_depth': 10, 'max_features': 'sqrt', 'n_estimators': 100}",0 days 00:00:05.058180000,0.10327296257019043,-0.46736115272458223,-0.002260162812186062,neg_mean_squared_error
cls,SVM,"SVC(C=100.0, cache_size=200, class_weight=None, coef0=0.0,
  decision_function_shape=None, degree=3, gamma=0.001, kernel='sigmoid',
  max_iter=-1, probability=False, random_state=None, shrinking=True,
  tol=0.001, verbose=False)","{'C': 100.0, 'gamma': 0.001, 'kernel': 'sigmoid'}",0 days 00:00:03.166028000,0.014610195159912109,0.46774035607967496,0.5634011715580132,f1_weighted
cls,GDBcls,"GradientBoostingClassifier(criterion='friedman_mse', init=None,
              learning_rate=0.031622776601683791, loss='deviance',
              max_depth=50, max_features='sqrt', max_leaf_nodes=None,
              min_impurity_split=1e-07, min_samples_leaf=1,
              min_samples_split=2, min_weight_fraction_leaf=0.0,
              n_estimators=50, presort='auto', random_state=None,
              subsample=1.0, verbose=0, warm_start=False)","{'learning_rate': 0.031622776601683791, 'max_depth': 50, 'max_features': 'sqrt', 'n_estimators': 50}",0 days 00:00:26.503694000,0.7487287998199463,0.4911589489219632,1.0,f1_weighted
