kind,model_name,best_model,best_params,grid_cv_time,mean_fit_time,mean_test,mean_train,score
reg,ols,"LinearRegression(copy_X=True, fit_intercept=True, n_jobs=1, normalize=False)",{},0 days 00:00:02.125489000,0.005603933334350586,-1.2469251846968856e+22,-0.29061593585236584,neg_mean_squared_error
reg,lasso,"Lasso(alpha=1.0, copy_X=True, fit_intercept=True, max_iter=1000,
   normalize=False, positive=False, precompute=False, random_state=None,
   selection='cyclic', tol=0.0001, warm_start=False)",{'alpha': 1.0},0 days 00:00:02.273605000,0.001399660110473633,-0.6731885882035575,-0.6698311968162751,neg_mean_squared_error
reg,ridge,"Ridge(alpha=7.7426368268112693, copy_X=True, fit_intercept=True,
   max_iter=None, normalize=False, random_state=None, solver='auto',
   tol=0.001)",{'alpha': 7.7426368268112693},0 days 00:00:02.236580000,0.0024016380310058595,-0.5137254490925349,-0.43249706467101756,neg_mean_squared_error
reg,DTreg,"DecisionTreeRegressor(criterion='mse', max_depth=3, max_features=1.0,
           max_leaf_nodes=None, min_impurity_split=1e-07,
           min_samples_leaf=1, min_samples_split=2,
           min_weight_fraction_leaf=0.0, presort=False, random_state=None,
           splitter='best')","{'max_depth': 3, 'max_features': 1.0}",0 days 00:00:02.325391000,0.001801443099975586,-0.5781328391304248,-0.3645880126832437,neg_mean_squared_error
reg,linearSVR,"LinearSVR(C=0.10000000000000001, dual=True, epsilon=0, fit_intercept=True,
     intercept_scaling=1.0, loss='squared_epsilon_insensitive',
     max_iter=1000, random_state=None, tol=0.0001, verbose=0)","{'C': 0.10000000000000001, 'epsilon': 0, 'loss': 'squared_epsilon_insensitive'}",0 days 00:00:02.916599000,0.002601432800292969,-0.5693941909564121,-0.463213127637309,neg_mean_squared_error
cls,logistics,"LogisticRegression(C=100.0, class_weight=None, dual=False, fit_intercept=True,
          intercept_scaling=1, max_iter=100, multi_class='ovr', n_jobs=1,
          penalty='l2', random_state=None, solver='liblinear', tol=0.0001,
          verbose=0, warm_start=False)","{'C': 100.0, 'penalty': 'l2'}",0 days 00:00:04.750370000,0.015810012817382812,0.5176245249210403,0.7196248262924259,f1_weighted
cls,DTcls,"DecisionTreeClassifier(class_weight=None, criterion='gini', max_depth=5,
            max_features=0.1, max_leaf_nodes=None,
            min_impurity_split=1e-07, min_samples_leaf=1,
            min_samples_split=2, min_weight_fraction_leaf=0.0,
            presort=False, random_state=None, splitter='best')","{'criterion': 'gini', 'max_depth': 5, 'max_features': 0.1}",0 days 00:00:02.521803000,0.0010004997253417968,0.4816765742956571,0.7040176040796835,f1_weighted
cls,linearSVM,"LinearSVC(C=0.10000000000000001, class_weight=None, dual=True,
     fit_intercept=True, intercept_scaling=1, loss='squared_hinge',
     max_iter=1000, multi_class='ovr', penalty='l2', random_state=None,
     tol=0.0001, verbose=0)","{'C': 0.10000000000000001, 'loss': 'squared_hinge'}",0 days 00:00:02.531769000,0.00760498046875,0.4705326844197591,0.5481450841734332,f1_weighted
reg,ADAreg,"AdaBoostRegressor(base_estimator=None, learning_rate=0.56234132519034907,
         loss='linear', n_estimators=100, random_state=None)","{'learning_rate': 0.56234132519034907, 'n_estimators': 100}",0 days 00:00:14.368180000,0.19674172401428222,-0.4797705955557905,-0.19929094053399604,neg_mean_squared_error
reg,RFreg,"RandomForestRegressor(bootstrap=True, criterion='mse', max_depth=None,
           max_features='sqrt', max_leaf_nodes=None,
           min_impurity_split=1e-07, min_samples_leaf=1,
           min_samples_split=2, min_weight_fraction_leaf=0.0,
           n_estimators=500, n_jobs=1, oob_score=False, random_state=None,
           verbose=0, warm_start=False)","{'max_features': 'sqrt', 'min_samples_leaf': 1, 'n_estimators': 500}",0 days 00:00:07.444814000,0.6658700466156006,-0.4572934942141001,-0.0597461678120904,neg_mean_squared_error
reg,MLPreg,"MLPRegressor(activation='relu', alpha=0.0001, batch_size='auto', beta_1=0.9,
       beta_2=0.999, early_stopping=False, epsilon=1e-08,
       hidden_layer_sizes=(20, 5), learning_rate='constant',
       learning_rate_init=0.001, max_iter=10000, momentum=0.9,
       nesterovs_momentum=True, power_t=0.5, random_state=None,
       shuffle=True, solver='adam', tol=0.0001, validation_fraction=0.1,
       verbose=False, warm_start=False)","{'hidden_layer_sizes': (20, 5), 'learning_rate': 'constant', 'max_iter': 10000}",0 days 00:00:07.013684000,0.3028134346008301,-0.7764129985014735,-0.7322876993251619,neg_mean_squared_error
cls,ADAcls,"AdaBoostClassifier(algorithm='SAMME.R', base_estimator=None,
          learning_rate=0.0001, n_estimators=10, random_state=None)","{'learning_rate': 0.0001, 'n_estimators': 10}",0 days 00:00:14.536011000,0.018613004684448244,0.4508331535364937,0.45297220463810417,f1_weighted
cls,RFcls,"RandomForestClassifier(bootstrap=True, class_weight=None, criterion='gini',
            max_depth=None, max_features='sqrt', max_leaf_nodes=None,
            min_impurity_split=1e-07, min_samples_leaf=1,
            min_samples_split=2, min_weight_fraction_leaf=0.0,
            n_estimators=100, n_jobs=1, oob_score=False, random_state=None,
            verbose=0, warm_start=False)","{'max_features': 'sqrt', 'min_samples_leaf': 1, 'n_estimators': 100}",0 days 00:00:07.885869000,0.1559129238128662,0.53391055228645,1.0,f1_weighted
cls,MLPcls,"MLPClassifier(activation='relu', alpha=0.0001, batch_size='auto', beta_1=0.9,
       beta_2=0.999, early_stopping=False, epsilon=1e-08,
       hidden_layer_sizes=(100, 20), learning_rate='adaptive',
       learning_rate_init=0.001, max_iter=10000, momentum=0.9,
       nesterovs_momentum=True, power_t=0.5, random_state=None,
       shuffle=True, solver='adam', tol=0.0001, validation_fraction=0.1,
       verbose=False, warm_start=False)","{'hidden_layer_sizes': (100, 20), 'learning_rate': 'adaptive', 'max_iter': 10000}",0 days 00:00:15.104704000,0.8267842292785644,0.40516633784074124,0.6423633550592125,f1_weighted
reg,BAGreg,"BaggingRegressor(base_estimator=None, bootstrap=True,
         bootstrap_features=False, max_features=1.0, max_samples=1.0,
         n_estimators=100, n_jobs=1, oob_score=False, random_state=None,
         verbose=0, warm_start=False)","{'max_features': 1.0, 'n_estimators': 100}",0 days 00:00:12.601965000,0.29120540618896484,-0.45198046199215397,-0.0625032682662294,neg_mean_squared_error
cls,BAGcls,"BaggingClassifier(base_estimator=None, bootstrap=True,
         bootstrap_features=False, max_features=1.0, max_samples=1.0,
         n_estimators=50, n_jobs=1, oob_score=False, random_state=None,
         verbose=0, warm_start=False)","{'max_features': 1.0, 'n_estimators': 50}",0 days 00:00:13.136330000,0.15751080513000487,0.5312501543879503,1.0,f1_weighted
reg,SVR,"SVR(C=100.0, cache_size=200, coef0=0.0, degree=3, epsilon=0.1, gamma=0.001,
  kernel='sigmoid', max_iter=-1, shrinking=True, tol=0.001, verbose=False)","{'C': 100.0, 'gamma': 0.001, 'kernel': 'sigmoid'}",0 days 00:00:02.533616000,0.004202699661254883,-0.5185992551225789,-0.4507684444721689,neg_mean_squared_error
reg,GDBreg,"GradientBoostingRegressor(alpha=0.9, criterion='friedman_mse', init=None,
             learning_rate=0.031622776601683791, loss='ls', max_depth=50,
             max_features='sqrt', max_leaf_nodes=None,
             min_impurity_split=1e-07, min_samples_leaf=1,
             min_samples_split=2, min_weight_fraction_leaf=0.0,
             n_estimators=100, presort='auto', random_state=None,
             subsample=1.0, verbose=0, warm_start=False)","{'learning_rate': 0.031622776601683791, 'max_depth': 50, 'max_features': 'sqrt', 'n_estimators': 100}",0 days 00:00:04.516208000,0.0720479965209961,-0.441620677498255,-0.0010836249496572882,neg_mean_squared_error
cls,SVM,"SVC(C=100.0, cache_size=200, class_weight=None, coef0=0.0,
  decision_function_shape=None, degree=3, gamma=0.1, kernel='rbf',
  max_iter=-1, probability=False, random_state=None, shrinking=True,
  tol=0.001, verbose=False)","{'C': 100.0, 'gamma': 0.1, 'kernel': 'rbf'}",0 days 00:00:02.528839000,0.008005714416503907,0.4990933892100076,0.9212720380293632,f1_weighted
cls,GDBcls,"GradientBoostingClassifier(criterion='friedman_mse', init=None,
              learning_rate=0.031622776601683791, loss='deviance',
              max_depth=50, max_features='sqrt', max_leaf_nodes=None,
              min_impurity_split=1e-07, min_samples_leaf=1,
              min_samples_split=2, min_weight_fraction_leaf=0.0,
              n_estimators=100, presort='auto', random_state=None,
              subsample=1.0, verbose=0, warm_start=False)","{'learning_rate': 0.031622776601683791, 'max_depth': 50, 'max_features': 'sqrt', 'n_estimators': 100}",0 days 00:00:25.529868000,0.9684835433959961,0.5360034961885107,1.0,f1_weighted
