,best_params,feature_selection,ftr_combo_name,grid_cv_time,kind,mean_fit_time,mean_test,mean_train,model_name,score
0,"{'C': 100.0, 'gamma': 0.1, 'kernel': 'rbf'}",None,RoadNet,0 days 00:00:02.793153000,SVM,0.03306679725646973,0.7116330746127454,0.8551315819153397,SVM,f1_weighted
1,"{'max_features': 'log2', 'min_samples_leaf': 1, 'n_estimators': 500, 'random_state': 0}",None,RoadNet,0 days 00:00:11.701623000,cls,1.3848111629486084,0.7626492687906508,1.0,RFcls,f1_weighted
2,"{'learning_rate': 0.031622776601683791, 'max_depth': 50, 'max_features': 'sqrt', 'n_estimators': 100, 'random_state': 0}",None,RoadNet,0 days 00:00:53.437806000,cls,1.8449842929840088,0.7771129082975741,1.0,GDBcls,f1_weighted
3,"{'C': 100.0, 'gamma': 0.1, 'kernel': 'rbf'}",rfecv_linsvc,RoadNet,0 days 00:00:02.282505000,SVM,0.028275775909423827,0.7064806494206701,0.8075782475274031,SVM,f1_weighted
4,"{'max_features': 'log2', 'min_samples_leaf': 1, 'n_estimators': 500, 'random_state': 0}",rfecv_linsvc,RoadNet,0 days 00:00:11.534279000,cls,1.4518101692199707,0.7601892008357691,1.0,RFcls,f1_weighted
5,"{'learning_rate': 0.031622776601683791, 'max_depth': 50, 'max_features': 'log2', 'n_estimators': 50, 'random_state': 0}",rfecv_linsvc,RoadNet,0 days 00:00:46.989266000,cls,0.9840862274169921,0.7785398524592322,1.0,GDBcls,f1_weighted
6,"{'C': 100.0, 'gamma': 0.1, 'kernel': 'rbf'}",mrmr,RoadNet,0 days 00:00:02.792149000,SVM,0.03285536766052246,0.7116330746127454,0.8551315819153397,SVM,f1_weighted
7,"{'max_features': 'log2', 'min_samples_leaf': 1, 'n_estimators': 500, 'random_state': 0}",mrmr,RoadNet,0 days 00:00:10.346763000,cls,0.9046546459197998,0.7626492687906508,1.0,RFcls,f1_weighted
8,"{'learning_rate': 0.031622776601683791, 'max_depth': 50, 'max_features': 'sqrt', 'n_estimators': 100, 'random_state': 0}",mrmr,RoadNet,0 days 00:00:57.374341000,cls,2.2774125576019286,0.7771129082975741,1.0,GDBcls,f1_weighted
9,"{'C': 100.0, 'gamma': 0.1, 'kernel': 'rbf'}",None,Segment_NO_TOTAL_~2014,0 days 00:00:05.159509000,SVM,0.054802560806274415,0.750918091822362,0.998787786024289,SVM,f1_weighted
10,"{'max_features': 'log2', 'min_samples_leaf': 1, 'n_estimators': 100, 'random_state': 0}",None,Segment_NO_TOTAL_~2014,0 days 00:00:08.536632000,cls,0.20381879806518555,0.783824050133523,1.0,RFcls,f1_weighted
11,"{'learning_rate': 0.0001, 'max_depth': 10, 'max_features': 'sqrt', 'n_estimators': 100, 'random_state': 0}",None,Segment_NO_TOTAL_~2014,0 days 00:00:52.032324000,cls,1.5163536548614502,0.790517216641886,0.99959998999975,GDBcls,f1_weighted
12,"{'C': 100.0, 'gamma': 0.1, 'kernel': 'rbf'}",rfecv_linsvc,Segment_NO_TOTAL_~2014,0 days 00:00:04.099083000,SVM,0.05731649398803711,0.7432437685916568,0.9979877860242891,SVM,f1_weighted
13,"{'max_features': 'log2', 'min_samples_leaf': 2, 'n_estimators': 500, 'random_state': 0}",rfecv_linsvc,Segment_NO_TOTAL_~2014,0 days 00:00:09.616076000,cls,0.9671756267547608,0.7833544147930963,0.9991959392893452,RFcls,f1_weighted
14,"{'learning_rate': 0.0001, 'max_depth': 50, 'max_features': 'log2', 'n_estimators': 100, 'random_state': 0}",rfecv_linsvc,Segment_NO_TOTAL_~2014,0 days 00:00:52.218498000,cls,2.07111496925354,0.8021249853648138,1.0,GDBcls,f1_weighted
15,"{'C': 100.0, 'gamma': 0.1, 'kernel': 'rbf'}",mrmr,Segment_NO_TOTAL_~2014,0 days 00:00:05.140932000,SVM,0.06694273948669434,0.7429782821033039,0.998787786024289,SVM,f1_weighted
16,"{'max_features': 'log2', 'min_samples_leaf': 2, 'n_estimators': 100, 'random_state': 0}",mrmr,Segment_NO_TOTAL_~2014,0 days 00:00:08.517314000,cls,0.19739961624145508,0.7768720996946918,0.9983836128587354,RFcls,f1_weighted
17,"{'learning_rate': 0.031622776601683791, 'max_depth': 50, 'max_features': 'sqrt', 'n_estimators': 100, 'random_state': 0}",mrmr,Segment_NO_TOTAL_~2014,0 days 00:00:55.733399000,cls,2.256998825073242,0.7938122228753367,1.0,GDBcls,f1_weighted
18,"{'C': 100.0, 'gamma': 0.1, 'kernel': 'rbf'}",None,Segment_TOTAL_~2014,0 days 00:00:01.582674000,SVM,0.02909531593322754,0.43181401122800317,0.47579120099164396,SVM,f1_weighted
19,"{'max_features': 'log2', 'min_samples_leaf': 2, 'n_estimators': 500, 'random_state': 0}",None,Segment_TOTAL_~2014,0 days 00:00:09.402086000,cls,0.9260467052459717,0.6935431086715589,0.9987918267344439,RFcls,f1_weighted
20,"{'learning_rate': 0.031622776601683791, 'max_depth': 10, 'max_features': 'sqrt', 'n_estimators': 50, 'random_state': 0}",None,Segment_TOTAL_~2014,0 days 00:00:59.277313000,cls,2.5251256942749025,0.6990548108753142,1.0,GDBcls,f1_weighted
21,"{'C': 100.0, 'gamma': 0.1, 'kernel': 'sigmoid'}",rfecv_linsvc,Segment_TOTAL_~2014,0 days 00:00:01.593083000,SVM,0.012641716003417968,0.4382072982763903,0.44391270487357415,SVM,f1_weighted
22,"{'max_features': 'sqrt', 'min_samples_leaf': 1, 'n_estimators': 100, 'random_state': 0}",rfecv_linsvc,Segment_TOTAL_~2014,0 days 00:00:10.023207000,cls,0.2884057521820068,0.6962538498515042,1.0,RFcls,f1_weighted
23,"{'learning_rate': 0.031622776601683791, 'max_depth': 50, 'max_features': 'sqrt', 'n_estimators': 100, 'random_state': 0}",rfecv_linsvc,Segment_TOTAL_~2014,0 days 00:00:49.544492000,cls,2.0089484214782716,0.6880854685613976,1.0,GDBcls,f1_weighted
24,"{'C': 100.0, 'gamma': 0.1, 'kernel': 'rbf'}",mrmr,Segment_TOTAL_~2014,0 days 00:00:01.783686000,SVM,0.03393187522888184,0.4334705397087342,0.4679060680730506,SVM,f1_weighted
25,"{'max_features': 'sqrt', 'min_samples_leaf': 1, 'n_estimators': 100, 'random_state': 0}",mrmr,Segment_TOTAL_~2014,0 days 00:00:09.201885000,cls,0.22471179962158203,0.6787755995847341,1.0,RFcls,f1_weighted
26,"{'learning_rate': 0.0001, 'max_depth': 50, 'max_features': 'sqrt', 'n_estimators': 100, 'random_state': 0}",mrmr,Segment_TOTAL_~2014,0 days 00:00:54.636025000,cls,1.759688663482666,0.6868181071992467,1.0,GDBcls,f1_weighted
27,"{'C': 100.0, 'gamma': 0.1, 'kernel': 'rbf'}",None,RoadNet+Segment_NO_TOTAL_~2014,0 days 00:00:06.256134000,SVM,0.06373605728149415,0.7839160558410215,1.0,SVM,f1_weighted
28,"{'max_features': 'sqrt', 'min_samples_leaf': 1, 'n_estimators': 500, 'random_state': 0}",None,RoadNet+Segment_NO_TOTAL_~2014,0 days 00:00:13.863084000,cls,1.2435276508331299,0.7980739508306753,1.0,RFcls,f1_weighted
29,"{'learning_rate': 0.0001, 'max_depth': 50, 'max_features': 'log2', 'n_estimators': 100, 'random_state': 0}",None,RoadNet+Segment_NO_TOTAL_~2014,0 days 00:00:48.011519000,cls,1.6978620529174804,0.8099635310869512,1.0,GDBcls,f1_weighted
30,"{'C': 100.0, 'gamma': 0.1, 'kernel': 'rbf'}",rfecv_linsvc,RoadNet+Segment_NO_TOTAL_~2014,0 days 00:00:03.904227000,SVM,0.04365110397338867,0.8000265126387235,1.0,SVM,f1_weighted
31,"{'max_features': 'log2', 'min_samples_leaf': 1, 'n_estimators': 100, 'random_state': 0}",rfecv_linsvc,RoadNet+Segment_NO_TOTAL_~2014,0 days 00:00:12.420636000,cls,0.3264627933502197,0.8000964597826022,1.0,RFcls,f1_weighted
32,"{'learning_rate': 0.0001, 'max_depth': 50, 'max_features': 'log2', 'n_estimators': 50, 'random_state': 0}",rfecv_linsvc,RoadNet+Segment_NO_TOTAL_~2014,0 days 00:00:49.660660000,cls,0.8126377582550048,0.8124867723100335,1.0,GDBcls,f1_weighted
33,"{'C': 100.0, 'gamma': 0.1, 'kernel': 'rbf'}",mrmr,RoadNet+Segment_NO_TOTAL_~2014,0 days 00:00:06.456568000,SVM,0.06435623168945312,0.7839160558410215,1.0,SVM,f1_weighted
34,"{'max_features': 'sqrt', 'min_samples_leaf': 1, 'n_estimators': 500, 'random_state': 0}",mrmr,RoadNet+Segment_NO_TOTAL_~2014,0 days 00:00:09.654586000,cls,1.2778629302978515,0.7980739508306753,1.0,RFcls,f1_weighted
35,"{'learning_rate': 0.0001, 'max_depth': 50, 'max_features': 'log2', 'n_estimators': 100, 'random_state': 0}",mrmr,RoadNet+Segment_NO_TOTAL_~2014,0 days 00:00:50.508035000,cls,1.6920380592346191,0.8099635310869512,1.0,GDBcls,f1_weighted
36,"{'C': 100.0, 'gamma': 0.1, 'kernel': 'rbf'}",None,RoadNet+Segment_TOTAL_~2014,0 days 00:00:02.896227000,SVM,0.03480186462402344,0.7415782219567634,0.8947253358188313,SVM,f1_weighted
37,"{'max_features': 'log2', 'min_samples_leaf': 1, 'n_estimators': 500, 'random_state': 0}",None,RoadNet+Segment_TOTAL_~2014,0 days 00:00:10.836823000,cls,1.4154633045196534,0.7691555225206137,1.0,RFcls,f1_weighted
38,"{'learning_rate': 0.0001, 'max_depth': 50, 'max_features': 'log2', 'n_estimators': 100, 'random_state': 0}",None,RoadNet+Segment_TOTAL_~2014,0 days 00:00:53.012562000,cls,1.9787048816680908,0.7861367271563859,1.0,GDBcls,f1_weighted
39,"{'C': 100.0, 'gamma': 0.1, 'kernel': 'rbf'}",rfecv_linsvc,RoadNet+Segment_TOTAL_~2014,0 days 00:00:02.473981000,SVM,0.025008726119995116,0.7434146759179742,0.87903327769585,SVM,f1_weighted
40,"{'max_features': 'sqrt', 'min_samples_leaf': 1, 'n_estimators': 500, 'random_state': 0}",rfecv_linsvc,RoadNet+Segment_TOTAL_~2014,0 days 00:00:12.211759000,cls,1.0409824848175049,0.7733591200021351,1.0,RFcls,f1_weighted
41,"{'learning_rate': 0.031622776601683791, 'max_depth': 50, 'max_features': 'sqrt', 'n_estimators': 100, 'random_state': 0}",rfecv_linsvc,RoadNet+Segment_TOTAL_~2014,0 days 00:00:51.500451000,cls,1.7066884994506837,0.7827940834725885,1.0,GDBcls,f1_weighted
42,"{'C': 100.0, 'gamma': 0.1, 'kernel': 'rbf'}",mrmr,RoadNet+Segment_TOTAL_~2014,0 days 00:00:02.892130000,SVM,0.03480381965637207,0.7415782219567634,0.8947253358188313,SVM,f1_weighted
43,"{'max_features': 'log2', 'min_samples_leaf': 1, 'n_estimators': 500, 'random_state': 0}",mrmr,RoadNet+Segment_TOTAL_~2014,0 days 00:00:12.841756000,cls,1.4399044990539551,0.7691555225206137,1.0,RFcls,f1_weighted
44,"{'learning_rate': 0.0001, 'max_depth': 50, 'max_features': 'log2', 'n_estimators': 100, 'random_state': 0}",mrmr,RoadNet+Segment_TOTAL_~2014,0 days 00:00:57.517359000,cls,2.5733281135559083,0.7861367271563859,1.0,GDBcls,f1_weighted
