,best_params,feature_selection,ftr_combo_name,grid_cv_time,kind,mean_fit_time,mean_test,mean_train,model_name,score
0,"{'C': 100.0, 'gamma': 0.1, 'kernel': 'rbf'}",None,RoadNet,0 days 00:00:01.681493000,SVM,0.01987619400024414,0.635655840485816,0.8057502689678115,SVM,f1_weighted
1,"{'max_features': 'log2', 'min_samples_leaf': 1, 'n_estimators': 500, 'random_state': 0}",None,RoadNet,0 days 00:00:08.898151000,cls,0.8712379932403564,0.6733453295152957,1.0,RFcls,f1_weighted
2,"{'learning_rate': 0.031622776601683791, 'max_depth': 50, 'max_features': 'log2', 'n_estimators': 50, 'random_state': 0}",None,RoadNet,0 days 00:00:42.866347000,cls,0.9720123767852783,0.6826907579320242,1.0,GDBcls,f1_weighted
3,"{'C': 100.0, 'gamma': 0.1, 'kernel': 'rbf'}",rfecv_linsvc,RoadNet,0 days 00:00:01.877312000,SVM,0.02421560287475586,0.635655840485816,0.8057502689678115,SVM,f1_weighted
4,"{'max_features': 'log2', 'min_samples_leaf': 1, 'n_estimators': 500, 'random_state': 0}",rfecv_linsvc,RoadNet,0 days 00:00:07.980906000,cls,0.880823802947998,0.6733453295152957,1.0,RFcls,f1_weighted
5,"{'learning_rate': 0.031622776601683791, 'max_depth': 50, 'max_features': 'log2', 'n_estimators': 50, 'random_state': 0}",rfecv_linsvc,RoadNet,0 days 00:00:42.066697000,cls,0.9700150489807129,0.6826907579320242,1.0,GDBcls,f1_weighted
6,"{'C': 100.0, 'degree': 3, 'gamma': 0.1, 'kernel': 'poly'}",mrmr,RoadNet,0 days 00:00:01.679597000,SVM,0.014296722412109376,0.6330410115161443,0.8247677816187344,SVM,f1_weighted
7,"{'max_features': 'sqrt', 'min_samples_leaf': 1, 'n_estimators': 100, 'random_state': 0}",mrmr,RoadNet,0 days 00:00:09.022448000,cls,0.22633895874023438,0.6817778070790271,1.0,RFcls,f1_weighted
8,"{'learning_rate': 0.031622776601683791, 'max_depth': 10, 'max_features': 'log2', 'n_estimators': 100, 'random_state': 0}",mrmr,RoadNet,0 days 00:00:49.315446000,cls,3.152543544769287,0.6959826810753581,1.0,GDBcls,f1_weighted
9,"{'C': 100.0, 'gamma': 0.1, 'kernel': 'rbf'}",None,Segment_NO_TOTAL_~2014,0 days 00:00:03.126885000,SVM,0.051861143112182616,0.62768793397389,0.99894872301177,SVM,f1_weighted
10,"{'max_features': 'sqrt', 'min_samples_leaf': 1, 'n_estimators': 500, 'random_state': 0}",None,Segment_NO_TOTAL_~2014,0 days 00:00:08.588160000,cls,1.0558759689331054,0.6974536970834312,1.0,RFcls,f1_weighted
11,"{'learning_rate': 0.031622776601683791, 'max_depth': 50, 'max_features': 'log2', 'n_estimators': 100, 'random_state': 0}",None,Segment_NO_TOTAL_~2014,0 days 00:00:47.123536000,cls,2.122441625595093,0.7143697109080627,1.0,GDBcls,f1_weighted
12,"{'C': 100.0, 'gamma': 0.1, 'kernel': 'rbf'}",rfecv_linsvc,Segment_NO_TOTAL_~2014,0 days 00:00:02.607939000,SVM,0.033639383316040036,0.6475464908595736,0.9963236326948927,SVM,f1_weighted
13,"{'max_features': 'sqrt', 'min_samples_leaf': 1, 'n_estimators': 500, 'random_state': 0}",rfecv_linsvc,Segment_NO_TOTAL_~2014,0 days 00:00:10.489006000,cls,1.058652639389038,0.7127978911386378,1.0,RFcls,f1_weighted
14,"{'learning_rate': 0.031622776601683791, 'max_depth': 50, 'max_features': 'log2', 'n_estimators': 100, 'random_state': 0}",rfecv_linsvc,Segment_NO_TOTAL_~2014,0 days 00:00:41.786348000,cls,1.6682767391204834,0.7279986486452082,1.0,GDBcls,f1_weighted
15,"{'C': 100.0, 'gamma': 0.1, 'kernel': 'rbf'}",mrmr,Segment_NO_TOTAL_~2014,0 days 00:00:03.035060000,SVM,0.04952054023742676,0.6239676619295761,0.9984236948892604,SVM,f1_weighted
16,"{'max_features': 'sqrt', 'min_samples_leaf': 1, 'n_estimators': 100, 'random_state': 0}",mrmr,Segment_NO_TOTAL_~2014,0 days 00:00:07.646387000,cls,0.21374616622924805,0.701563407940764,1.0,RFcls,f1_weighted
17,"{'learning_rate': 0.031622776601683791, 'max_depth': 50, 'max_features': 'log2', 'n_estimators': 100, 'random_state': 0}",mrmr,Segment_NO_TOTAL_~2014,0 days 00:00:43.616294000,cls,1.6979148387908936,0.7392697269256342,1.0,GDBcls,f1_weighted
18,"{'C': 100.0, 'gamma': 0.1, 'kernel': 'rbf'}",None,Segment_TOTAL_~2014,0 days 00:00:01.075813000,SVM,0.021124267578125,0.41333582152512477,0.4984896036445162,SVM,f1_weighted
19,"{'max_features': 'sqrt', 'min_samples_leaf': 1, 'n_estimators': 100, 'random_state': 0}",None,Segment_TOTAL_~2014,0 days 00:00:09.108347000,cls,0.23916444778442383,0.6162337259692515,1.0,RFcls,f1_weighted
20,"{'learning_rate': 0.031622776601683791, 'max_depth': 10, 'max_features': 'sqrt', 'n_estimators': 50, 'random_state': 0}",None,Segment_TOTAL_~2014,0 days 00:00:46.447007000,cls,2.105803966522217,0.6122428999486288,1.0,GDBcls,f1_weighted
21,"{'C': 100.0, 'gamma': 0.1, 'kernel': 'rbf'}",rfecv_linsvc,Segment_TOTAL_~2014,0 days 00:00:01.082476000,SVM,0.02108931541442871,0.41333582152512477,0.4984896036445162,SVM,f1_weighted
22,"{'max_features': 'sqrt', 'min_samples_leaf': 1, 'n_estimators': 100, 'random_state': 0}",rfecv_linsvc,Segment_TOTAL_~2014,0 days 00:00:10.720426000,cls,0.2808054447174072,0.6162337259692515,1.0,RFcls,f1_weighted
23,"{'learning_rate': 0.031622776601683791, 'max_depth': 10, 'max_features': 'sqrt', 'n_estimators': 50, 'random_state': 0}",rfecv_linsvc,Segment_TOTAL_~2014,0 days 00:00:45.920102000,cls,1.6858757495880128,0.6122428999486288,1.0,GDBcls,f1_weighted
24,"{'C': 100.0, 'gamma': 0.1, 'kernel': 'rbf'}",mrmr,Segment_TOTAL_~2014,0 days 00:00:00.968590000,SVM,0.020907163619995117,0.35275805773888674,0.4423800763000626,SVM,f1_weighted
25,"{'max_features': 'sqrt', 'min_samples_leaf': 1, 'n_estimators': 500, 'random_state': 0}",mrmr,Segment_TOTAL_~2014,0 days 00:00:07.468843000,cls,0.8530845165252685,0.5869074543590969,1.0,RFcls,f1_weighted
26,"{'learning_rate': 0.031622776601683791, 'max_depth': 10, 'max_features': 'sqrt', 'n_estimators': 100, 'random_state': 0}",mrmr,Segment_TOTAL_~2014,0 days 00:00:49.352750000,cls,3.1396757125854493,0.567126023197072,1.0,GDBcls,f1_weighted
27,"{'C': 100.0, 'gamma': 0.1, 'kernel': 'rbf'}",None,RoadNet+Segment_NO_TOTAL_~2014,0 days 00:00:04.321145000,SVM,0.05867266654968262,0.6874060831789183,1.0,SVM,f1_weighted
28,"{'max_features': 'sqrt', 'min_samples_leaf': 1, 'n_estimators': 500, 'random_state': 0}",None,RoadNet+Segment_NO_TOTAL_~2014,0 days 00:00:10.786592000,cls,1.4703332901000976,0.723233149546505,1.0,RFcls,f1_weighted
29,"{'learning_rate': 0.031622776601683791, 'max_depth': 50, 'max_features': 'sqrt', 'n_estimators': 50, 'random_state': 0}",None,RoadNet+Segment_NO_TOTAL_~2014,0 days 00:00:45.747442000,cls,0.8809197425842286,0.7383637730706428,1.0,GDBcls,f1_weighted
30,"{'C': 100.0, 'degree': 3, 'gamma': 0.1, 'kernel': 'poly'}",rfecv_linsvc,RoadNet+Segment_NO_TOTAL_~2014,0 days 00:00:02.077631000,SVM,0.015607309341430665,0.7181921947853183,0.9446575400583335,SVM,f1_weighted
31,"{'max_features': 'sqrt', 'min_samples_leaf': 2, 'n_estimators': 100, 'random_state': 0}",rfecv_linsvc,RoadNet+Segment_NO_TOTAL_~2014,0 days 00:00:09.384862000,cls,0.19106497764587402,0.7293270725800642,0.9984232341788492,RFcls,f1_weighted
32,"{'learning_rate': 0.031622776601683791, 'max_depth': 50, 'max_features': 'log2', 'n_estimators': 100, 'random_state': 0}",rfecv_linsvc,RoadNet+Segment_NO_TOTAL_~2014,0 days 00:00:43.424092000,cls,1.6257810592651367,0.7325686214511321,1.0,GDBcls,f1_weighted
33,"{'C': 100.0, 'gamma': 0.1, 'kernel': 'rbf'}",mrmr,RoadNet+Segment_NO_TOTAL_~2014,0 days 00:00:03.937380000,SVM,0.04721846580505371,0.6754413378527746,1.0,SVM,f1_weighted
34,"{'max_features': 'log2', 'min_samples_leaf': 1, 'n_estimators': 500, 'random_state': 0}",mrmr,RoadNet+Segment_NO_TOTAL_~2014,0 days 00:00:08.553244000,cls,0.9329797744750976,0.7343839314753329,1.0,RFcls,f1_weighted
35,"{'learning_rate': 0.031622776601683791, 'max_depth': 50, 'max_features': 'sqrt', 'n_estimators': 100, 'random_state': 0}",mrmr,RoadNet+Segment_NO_TOTAL_~2014,0 days 00:00:45.306814000,cls,1.591067409515381,0.7402607547759117,1.0,GDBcls,f1_weighted
36,"{'C': 100.0, 'gamma': 0.1, 'kernel': 'rbf'}",None,RoadNet+Segment_TOTAL_~2014,0 days 00:00:01.985316000,SVM,0.026417922973632813,0.6773470271968165,0.8808241713964234,SVM,f1_weighted
37,"{'max_features': 'log2', 'min_samples_leaf': 1, 'n_estimators': 100, 'random_state': 0}",None,RoadNet+Segment_TOTAL_~2014,0 days 00:00:09.014943000,cls,0.30588359832763673,0.7052627034423901,1.0,RFcls,f1_weighted
38,"{'learning_rate': 0.031622776601683791, 'max_depth': 50, 'max_features': 'sqrt', 'n_estimators': 100, 'random_state': 0}",None,RoadNet+Segment_TOTAL_~2014,0 days 00:00:49.110168000,cls,1.5224189281463623,0.7039784732971284,1.0,GDBcls,f1_weighted
39,"{'C': 100.0, 'gamma': 0.1, 'kernel': 'rbf'}",rfecv_linsvc,RoadNet+Segment_TOTAL_~2014,0 days 00:00:01.059449000,SVM,0.015744113922119142,0.6179352655865623,0.7011745875252352,SVM,f1_weighted
40,"{'max_features': 'sqrt', 'min_samples_leaf': 2, 'n_estimators': 500, 'random_state': 0}",rfecv_linsvc,RoadNet+Segment_TOTAL_~2014,0 days 00:00:08.207999000,cls,0.8853566646575928,0.7114726549879785,0.9916010261486461,RFcls,f1_weighted
41,"{'learning_rate': 0.031622776601683791, 'max_depth': 10, 'max_features': 'sqrt', 'n_estimators': 100, 'random_state': 0}",rfecv_linsvc,RoadNet+Segment_TOTAL_~2014,0 days 00:00:41.891668000,cls,3.028762769699097,0.6948508980309646,1.0,GDBcls,f1_weighted
42,"{'C': 100.0, 'degree': 3, 'gamma': 0.1, 'kernel': 'poly'}",mrmr,RoadNet+Segment_TOTAL_~2014,0 days 00:00:01.567041000,SVM,0.013495159149169923,0.6746376015340569,0.8911912502102345,SVM,f1_weighted
43,"{'max_features': 'log2', 'min_samples_leaf': 1, 'n_estimators': 100, 'random_state': 0}",mrmr,RoadNet+Segment_TOTAL_~2014,0 days 00:00:07.887510000,cls,0.21812815666198732,0.7020670411161466,1.0,RFcls,f1_weighted
44,"{'learning_rate': 0.031622776601683791, 'max_depth': 50, 'max_features': 'sqrt', 'n_estimators': 10, 'random_state': 0}",mrmr,RoadNet+Segment_TOTAL_~2014,0 days 00:00:44.439124000,cls,0.16891283988952638,0.710824990464396,1.0,GDBcls,f1_weighted
