,best_params,feature_selection,ftr_combo_name,grid_cv_time,kind,mean_fit_time,mean_test,mean_train,model_name,score
0,"{'C': 100.0, 'degree': 3, 'gamma': 0.1, 'kernel': 'poly'}",None,RoadNet,0 days 00:00:03.692279000,SVM,0.028936386108398438,0.7271969838343237,0.8681142387013221,SVM,f1_weighted
1,"{'max_features': 'sqrt', 'min_samples_leaf': 1, 'n_estimators': 100, 'random_state': 0}",None,RoadNet,0 days 00:00:09.930599000,cls,0.27669196128845214,0.8064312764128888,1.0,RFcls,f1_weighted
2,"{'learning_rate': 0.031622776601683791, 'max_depth': 50, 'max_features': 'log2', 'n_estimators': 100, 'random_state': 0}",None,RoadNet,0 days 00:00:58.063682000,cls,2.0151973724365235,0.8206769477966416,1.0,GDBcls,f1_weighted
3,"{'C': 100.0, 'degree': 3, 'gamma': 0.1, 'kernel': 'poly'}",rfecv_linsvc,RoadNet,0 days 00:00:03.081710000,SVM,0.023197650909423828,0.7271969838343237,0.8681142387013221,SVM,f1_weighted
4,"{'max_features': 'sqrt', 'min_samples_leaf': 1, 'n_estimators': 100, 'random_state': 0}",rfecv_linsvc,RoadNet,0 days 00:00:09.636315000,cls,0.253510856628418,0.8064312764128888,1.0,RFcls,f1_weighted
5,"{'learning_rate': 0.031622776601683791, 'max_depth': 50, 'max_features': 'log2', 'n_estimators': 100, 'random_state': 0}",rfecv_linsvc,RoadNet,0 days 00:00:51.361647000,cls,2.0199963569641115,0.8206769477966416,1.0,GDBcls,f1_weighted
6,"{'C': 100.0, 'degree': 3, 'gamma': 0.1, 'kernel': 'poly'}",mrmr,RoadNet,0 days 00:00:03.192859000,SVM,0.02350749969482422,0.7271969838343237,0.8681142387013221,SVM,f1_weighted
7,"{'max_features': 'sqrt', 'min_samples_leaf': 1, 'n_estimators': 100, 'random_state': 0}",mrmr,RoadNet,0 days 00:00:08.727416000,cls,0.24982280731201173,0.8064312764128888,1.0,RFcls,f1_weighted
8,"{'learning_rate': 0.031622776601683791, 'max_depth': 50, 'max_features': 'log2', 'n_estimators': 100, 'random_state': 0}",mrmr,RoadNet,0 days 00:00:56.927345000,cls,2.016433763504028,0.8206769477966416,1.0,GDBcls,f1_weighted
9,"{'C': 100.0, 'gamma': 0.1, 'kernel': 'rbf'}",None,Segment_NO_TOTAL_~2014,0 days 00:00:06.037630000,SVM,0.057143211364746094,0.7759188407109707,0.9977463305393686,SVM,f1_weighted
10,"{'max_features': 'sqrt', 'min_samples_leaf': 1, 'n_estimators': 500, 'random_state': 0}",None,Segment_NO_TOTAL_~2014,0 days 00:00:12.785019000,cls,1.1977888584136962,0.8090030565314689,1.0,RFcls,f1_weighted
11,"{'learning_rate': 0.031622776601683791, 'max_depth': 50, 'max_features': 'log2', 'n_estimators': 100, 'random_state': 0}",None,Segment_NO_TOTAL_~2014,0 days 00:00:52.371838000,cls,1.9208311080932616,0.8284894946338085,1.0,GDBcls,f1_weighted
12,"{'C': 100.0, 'gamma': 0.1, 'kernel': 'rbf'}",rfecv_linsvc,Segment_NO_TOTAL_~2014,0 days 00:00:04.828095000,SVM,0.05668458938598633,0.7725027771208832,0.9977498085042358,SVM,f1_weighted
13,"{'max_features': 'sqrt', 'min_samples_leaf': 1, 'n_estimators': 100, 'random_state': 0}",rfecv_linsvc,Segment_NO_TOTAL_~2014,0 days 00:00:09.288486000,cls,0.3056970119476318,0.8170547304027134,1.0,RFcls,f1_weighted
14,"{'learning_rate': 0.031622776601683791, 'max_depth': 50, 'max_features': 'log2', 'n_estimators': 100, 'random_state': 0}",rfecv_linsvc,Segment_NO_TOTAL_~2014,0 days 00:00:54.688972000,cls,1.8806918144226075,0.8354957551783431,1.0,GDBcls,f1_weighted
15,"{'C': 100.0, 'gamma': 0.1, 'kernel': 'rbf'}",mrmr,Segment_NO_TOTAL_~2014,0 days 00:00:05.942872000,SVM,0.0654362678527832,0.7759188407109707,0.9977463305393686,SVM,f1_weighted
16,"{'max_features': 'sqrt', 'min_samples_leaf': 1, 'n_estimators': 500, 'random_state': 0}",mrmr,Segment_NO_TOTAL_~2014,0 days 00:00:14.286406000,cls,1.9091150283813476,0.8090030565314689,1.0,RFcls,f1_weighted
17,"{'learning_rate': 0.031622776601683791, 'max_depth': 50, 'max_features': 'log2', 'n_estimators': 100, 'random_state': 0}",mrmr,Segment_NO_TOTAL_~2014,0 days 00:00:50.920395000,cls,1.9201363563537597,0.8284894946338085,1.0,GDBcls,f1_weighted
18,"{'C': 100.0, 'gamma': 0.1, 'kernel': 'rbf'}",None,Segment_TOTAL_~2014,0 days 00:00:01.781730000,SVM,0.03200044631958008,0.46952404529541236,0.5199403116427135,SVM,f1_weighted
19,"{'max_features': 'sqrt', 'min_samples_leaf': 1, 'n_estimators': 100, 'random_state': 0}",None,Segment_TOTAL_~2014,0 days 00:00:09.619159000,cls,0.22836318016052246,0.7433038090061994,1.0,RFcls,f1_weighted
20,"{'learning_rate': 0.031622776601683791, 'max_depth': 50, 'max_features': 'sqrt', 'n_estimators': 100, 'random_state': 0}",None,Segment_TOTAL_~2014,0 days 00:00:52.114227000,cls,2.0140772342681883,0.7362317419333204,1.0,GDBcls,f1_weighted
21,"{'C': 100.0, 'gamma': 0.1, 'kernel': 'rbf'}",rfecv_linsvc,Segment_TOTAL_~2014,0 days 00:00:01.780231000,SVM,0.03344740867614746,0.46952404529541236,0.5199403116427135,SVM,f1_weighted
22,"{'max_features': 'sqrt', 'min_samples_leaf': 1, 'n_estimators': 100, 'random_state': 0}",rfecv_linsvc,Segment_TOTAL_~2014,0 days 00:00:08.718838000,cls,0.2281181812286377,0.7433038090061994,1.0,RFcls,f1_weighted
23,"{'learning_rate': 0.031622776601683791, 'max_depth': 50, 'max_features': 'sqrt', 'n_estimators': 100, 'random_state': 0}",rfecv_linsvc,Segment_TOTAL_~2014,0 days 00:00:50.383743000,cls,2.012551498413086,0.7362317419333204,1.0,GDBcls,f1_weighted
24,"{'C': 100.0, 'gamma': 0.1, 'kernel': 'rbf'}",mrmr,Segment_TOTAL_~2014,0 days 00:00:01.679681000,SVM,0.03133039474487305,0.4916185795881591,0.5167225053767608,SVM,f1_weighted
25,"{'max_features': 'sqrt', 'min_samples_leaf': 1, 'n_estimators': 100, 'random_state': 0}",mrmr,Segment_TOTAL_~2014,0 days 00:00:10.610189000,cls,0.2935949802398682,0.7250938701658703,1.0,RFcls,f1_weighted
26,"{'learning_rate': 0.0001, 'max_depth': 50, 'max_features': 'sqrt', 'n_estimators': 50, 'random_state': 0}",mrmr,Segment_TOTAL_~2014,0 days 00:00:53.254409000,cls,1.1306026935577393,0.7391306735558593,1.0,GDBcls,f1_weighted
27,"{'C': 100.0, 'gamma': 0.1, 'kernel': 'rbf'}",None,RoadNet+Segment_NO_TOTAL_~2014,0 days 00:00:07.362730000,SVM,0.06978693008422851,0.7918913693085278,1.0,SVM,f1_weighted
28,"{'max_features': 'sqrt', 'min_samples_leaf': 1, 'n_estimators': 500, 'random_state': 0}",None,RoadNet+Segment_NO_TOTAL_~2014,0 days 00:00:11.811348000,cls,1.3360694885253905,0.8263038075842042,1.0,RFcls,f1_weighted
29,"{'learning_rate': 0.031622776601683791, 'max_depth': 50, 'max_features': 'log2', 'n_estimators': 100, 'random_state': 0}",None,RoadNet+Segment_NO_TOTAL_~2014,0 days 00:00:54.092430000,cls,1.8932155132293702,0.8459503782865972,1.0,GDBcls,f1_weighted
30,"{'C': 100.0, 'gamma': 0.1, 'kernel': 'rbf'}",rfecv_linsvc,RoadNet+Segment_NO_TOTAL_~2014,0 days 00:00:05.731370000,SVM,0.05200352668762207,0.7956091340434167,1.0,SVM,f1_weighted
31,"{'max_features': 'sqrt', 'min_samples_leaf': 1, 'n_estimators': 100, 'random_state': 0}",rfecv_linsvc,RoadNet+Segment_NO_TOTAL_~2014,0 days 00:00:13.396214000,cls,0.3175348281860352,0.8347498834245128,1.0,RFcls,f1_weighted
32,"{'learning_rate': 0.0001, 'max_depth': 50, 'max_features': 'sqrt', 'n_estimators': 50, 'random_state': 0}",rfecv_linsvc,RoadNet+Segment_NO_TOTAL_~2014,0 days 00:00:55.796559000,cls,0.9118144512176514,0.8367349604487391,1.0,GDBcls,f1_weighted
33,"{'C': 100.0, 'gamma': 0.1, 'kernel': 'rbf'}",mrmr,RoadNet+Segment_NO_TOTAL_~2014,0 days 00:00:07.368771000,SVM,0.06570572853088379,0.7918913693085278,1.0,SVM,f1_weighted
34,"{'max_features': 'sqrt', 'min_samples_leaf': 1, 'n_estimators': 500, 'random_state': 0}",mrmr,RoadNet+Segment_NO_TOTAL_~2014,0 days 00:00:12.712243000,cls,1.2957448005676269,0.8263038075842042,1.0,RFcls,f1_weighted
35,"{'learning_rate': 0.031622776601683791, 'max_depth': 50, 'max_features': 'log2', 'n_estimators': 100, 'random_state': 0}",mrmr,RoadNet+Segment_NO_TOTAL_~2014,0 days 00:00:51.486541000,cls,1.9016801834106445,0.8459503782865972,1.0,GDBcls,f1_weighted
36,"{'C': 100.0, 'gamma': 0.1, 'kernel': 'rbf'}",None,RoadNet+Segment_TOTAL_~2014,0 days 00:00:03.288736000,SVM,0.034754276275634766,0.7516627624161963,0.9059565438565549,SVM,f1_weighted
37,"{'max_features': 'sqrt', 'min_samples_leaf': 1, 'n_estimators': 500, 'random_state': 0}",None,RoadNet+Segment_TOTAL_~2014,0 days 00:00:13.272262000,cls,1.0794240951538085,0.8266436122069443,1.0,RFcls,f1_weighted
38,"{'learning_rate': 0.0001, 'max_depth': 50, 'max_features': 'log2', 'n_estimators': 10, 'random_state': 0}",None,RoadNet+Segment_TOTAL_~2014,0 days 00:00:46.454289000,cls,0.16450133323669433,0.8239555455981624,1.0,GDBcls,f1_weighted
39,"{'C': 100.0, 'degree': 3, 'gamma': 0.1, 'kernel': 'poly'}",rfecv_linsvc,RoadNet+Segment_TOTAL_~2014,0 days 00:00:03.095221000,SVM,0.029970073699951173,0.7546763571323122,0.9036511919798947,SVM,f1_weighted
40,"{'max_features': 'sqrt', 'min_samples_leaf': 1, 'n_estimators': 100, 'random_state': 0}",rfecv_linsvc,RoadNet+Segment_TOTAL_~2014,0 days 00:00:10.829203000,cls,0.2980550765991211,0.8301622021517964,1.0,RFcls,f1_weighted
41,"{'learning_rate': 0.031622776601683791, 'max_depth': 10, 'max_features': 'sqrt', 'n_estimators': 50, 'random_state': 0}",rfecv_linsvc,RoadNet+Segment_TOTAL_~2014,0 days 00:00:48.861770000,cls,1.853196144104004,0.8220264401195595,1.0,GDBcls,f1_weighted
42,"{'C': 100.0, 'gamma': 0.1, 'kernel': 'rbf'}",mrmr,RoadNet+Segment_TOTAL_~2014,0 days 00:00:03.197104000,SVM,0.03471741676330566,0.7516627624161963,0.9059565438565549,SVM,f1_weighted
43,"{'max_features': 'sqrt', 'min_samples_leaf': 1, 'n_estimators': 500, 'random_state': 0}",mrmr,RoadNet+Segment_TOTAL_~2014,0 days 00:00:13.169040000,cls,1.7160160064697265,0.8266436122069443,1.0,RFcls,f1_weighted
44,"{'learning_rate': 0.0001, 'max_depth': 50, 'max_features': 'log2', 'n_estimators': 10, 'random_state': 0}",mrmr,RoadNet+Segment_TOTAL_~2014,0 days 00:00:47.172214000,cls,0.1639493942260742,0.8239555455981624,1.0,GDBcls,f1_weighted
