kind,model_name,best_model,best_params,grid_cv_time,mean_fit_time,mean_test,mean_train,score
reg,ols,"LinearRegression(copy_X=True, fit_intercept=True, n_jobs=1, normalize=False)",{},0 days 00:00:02.092791000,0.003802633285522461,-0.5403983805182574,-0.3967536543579545,neg_mean_squared_error
reg,lasso,"Lasso(alpha=1.0, copy_X=True, fit_intercept=True, max_iter=1000,
   normalize=False, positive=False, precompute=False, random_state=None,
   selection='cyclic', tol=0.0001, warm_start=False)",{'alpha': 1.0},0 days 00:00:02.323733000,0.0012011051177978516,-0.6731885882035575,-0.6698311968162751,neg_mean_squared_error
reg,ridge,"Ridge(alpha=1.6681005372000588, copy_X=True, fit_intercept=True,
   max_iter=None, normalize=False, random_state=None, solver='auto',
   tol=0.001)",{'alpha': 1.6681005372000588},0 days 00:00:02.240566000,0.0016011714935302735,-0.5049817056564542,-0.418112195746213,neg_mean_squared_error
reg,DTreg,"DecisionTreeRegressor(criterion='mse', max_depth=3, max_features=0.5,
           max_leaf_nodes=None, min_impurity_split=1e-07,
           min_samples_leaf=1, min_samples_split=2,
           min_weight_fraction_leaf=0.0, presort=False, random_state=None,
           splitter='best')","{'max_depth': 3, 'max_features': 0.5}",0 days 00:00:02.324695000,0.0006000518798828125,-0.6431408841615619,-0.44900271812243797,neg_mean_squared_error
reg,linearSVR,"LinearSVR(C=0.10000000000000001, dual=True, epsilon=0, fit_intercept=True,
     intercept_scaling=1.0, loss='squared_epsilon_insensitive',
     max_iter=1000, random_state=None, tol=0.0001, verbose=0)","{'C': 0.10000000000000001, 'epsilon': 0, 'loss': 'squared_epsilon_insensitive'}",0 days 00:00:02.525765000,0.0010005474090576173,-0.5509458020067339,-0.4842782594116482,neg_mean_squared_error
cls,logistics,"LogisticRegression(C=100.0, class_weight=None, dual=False, fit_intercept=True,
          intercept_scaling=1, max_iter=100, multi_class='ovr', n_jobs=1,
          penalty='l2', random_state=None, solver='liblinear', tol=0.0001,
          verbose=0, warm_start=False)","{'C': 100.0, 'penalty': 'l2'}",0 days 00:00:02.416687000,0.005804204940795898,0.5813294410470004,0.774777304863316,f1_weighted
cls,DTcls,"DecisionTreeClassifier(class_weight=None, criterion='gini', max_depth=30,
            max_features=0.1, max_leaf_nodes=None,
            min_impurity_split=1e-07, min_samples_leaf=1,
            min_samples_split=2, min_weight_fraction_leaf=0.0,
            presort=False, random_state=None, splitter='best')","{'criterion': 'gini', 'max_depth': 30, 'max_features': 0.1}",0 days 00:00:02.412193000,0.0004004001617431641,0.45099136668529044,1.0,f1_weighted
cls,linearSVM,"LinearSVC(C=100.0, class_weight=None, dual=True, fit_intercept=True,
     intercept_scaling=1, loss='hinge', max_iter=1000, multi_class='ovr',
     penalty='l2', random_state=None, tol=0.0001, verbose=0)","{'C': 100.0, 'loss': 'hinge'}",0 days 00:00:02.351411000,0.03682565689086914,0.5979645932554616,0.7916719343495602,f1_weighted
reg,ADAreg,"AdaBoostRegressor(base_estimator=None, learning_rate=0.56234132519034907,
         loss='linear', n_estimators=100, random_state=None)","{'learning_rate': 0.56234132519034907, 'n_estimators': 100}",0 days 00:00:11.904575000,0.15410881042480468,-0.5384793269991948,-0.2523448444820128,neg_mean_squared_error
reg,RFreg,"RandomForestRegressor(bootstrap=True, criterion='mse', max_depth=None,
           max_features='log2', max_leaf_nodes=None,
           min_impurity_split=1e-07, min_samples_leaf=1,
           min_samples_split=2, min_weight_fraction_leaf=0.0,
           n_estimators=100, n_jobs=1, oob_score=False, random_state=None,
           verbose=0, warm_start=False)","{'max_features': 'log2', 'min_samples_leaf': 1, 'n_estimators': 100}",0 days 00:00:06.959212000,0.1326993465423584,-0.5165566055284955,-0.07269999826007455,neg_mean_squared_error
reg,MLPreg,"MLPRegressor(activation='relu', alpha=0.0001, batch_size='auto', beta_1=0.9,
       beta_2=0.999, early_stopping=False, epsilon=1e-08,
       hidden_layer_sizes=(20, 5), learning_rate='constant',
       learning_rate_init=0.001, max_iter=10000, momentum=0.9,
       nesterovs_momentum=True, power_t=0.5, random_state=None,
       shuffle=True, solver='adam', tol=0.0001, validation_fraction=0.1,
       verbose=False, warm_start=False)","{'hidden_layer_sizes': (20, 5), 'learning_rate': 'constant', 'max_iter': 10000}",0 days 00:00:14.178734000,0.32342848777770994,-0.8225966732321104,-0.8061634149498154,neg_mean_squared_error
cls,ADAcls,"AdaBoostClassifier(algorithm='SAMME.R', base_estimator=None,
          learning_rate=0.031622776601683791, n_estimators=500,
          random_state=None)","{'learning_rate': 0.031622776601683791, 'n_estimators': 500}",0 days 00:00:13.649527000,0.819577980041504,0.42162646999775644,0.48768811737561446,f1_weighted
cls,RFcls,"RandomForestClassifier(bootstrap=True, class_weight=None, criterion='gini',
            max_depth=None, max_features='sqrt', max_leaf_nodes=None,
            min_impurity_split=1e-07, min_samples_leaf=1,
            min_samples_split=2, min_weight_fraction_leaf=0.0,
            n_estimators=100, n_jobs=1, oob_score=False, random_state=None,
            verbose=0, warm_start=False)","{'max_features': 'sqrt', 'min_samples_leaf': 1, 'n_estimators': 100}",0 days 00:00:07.887296000,0.15731091499328614,0.4873610957481597,1.0,f1_weighted
cls,MLPcls,"MLPClassifier(activation='relu', alpha=0.0001, batch_size='auto', beta_1=0.9,
       beta_2=0.999, early_stopping=False, epsilon=1e-08,
       hidden_layer_sizes=(100,), learning_rate='constant',
       learning_rate_init=0.001, max_iter=10000, momentum=0.9,
       nesterovs_momentum=True, power_t=0.5, random_state=None,
       shuffle=True, solver='adam', tol=0.0001, validation_fraction=0.1,
       verbose=False, warm_start=False)","{'hidden_layer_sizes': (100,), 'learning_rate': 'constant', 'max_iter': 10000}",0 days 00:00:14.494448000,1.066753101348877,0.4832715218924934,0.6904726152442437,f1_weighted
reg,BAGreg,"BaggingRegressor(base_estimator=None, bootstrap=True,
         bootstrap_features=False, max_features=0.4, max_samples=1.0,
         n_estimators=256, n_jobs=1, oob_score=False, random_state=None,
         verbose=0, warm_start=False)","{'max_features': 0.4, 'n_estimators': 256}",0 days 00:00:10.245246000,0.3898742198944092,-0.5236029480476397,-0.07317253570127068,neg_mean_squared_error
cls,BAGcls,"BaggingClassifier(base_estimator=None, bootstrap=True,
         bootstrap_features=False, max_features=0.7, max_samples=1.0,
         n_estimators=100, n_jobs=1, oob_score=False, random_state=None,
         verbose=0, warm_start=False)","{'max_features': 0.7, 'n_estimators': 100}",0 days 00:00:10.759851000,0.20314326286315917,0.49592569864497577,1.0,f1_weighted
reg,SVR,"SVR(C=100.0, cache_size=200, coef0=0.0, degree=3, epsilon=0.1, gamma=0.1,
  kernel='poly', max_iter=-1, shrinking=True, tol=0.001, verbose=False)","{'C': 100.0, 'degree': 3, 'gamma': 0.1, 'kernel': 'poly'}",0 days 00:00:02.430979000,0.0034035682678222657,-0.5026468614298842,-0.2991688088242535,neg_mean_squared_error
reg,GDBreg,"GradientBoostingRegressor(alpha=0.9, criterion='friedman_mse', init=None,
             learning_rate=0.031622776601683791, loss='ls', max_depth=10,
             max_features='log2', max_leaf_nodes=None,
             min_impurity_split=1e-07, min_samples_leaf=1,
             min_samples_split=2, min_weight_fraction_leaf=0.0,
             n_estimators=100, presort='auto', random_state=None,
             subsample=1.0, verbose=0, warm_start=False)","{'learning_rate': 0.031622776601683791, 'max_depth': 10, 'max_features': 'log2', 'n_estimators': 100}",0 days 00:00:04.382146000,0.05703969001770019,-0.5136685644060535,-0.00434019904276522,neg_mean_squared_error
cls,SVM,"SVC(C=100.0, cache_size=200, class_weight=None, coef0=0.0,
  decision_function_shape=None, degree=3, gamma=0.1, kernel='rbf',
  max_iter=-1, probability=False, random_state=None, shrinking=True,
  tol=0.001, verbose=False)","{'C': 100.0, 'gamma': 0.1, 'kernel': 'rbf'}",0 days 00:00:02.521977000,0.005803537368774414,0.5626608186169667,0.8727604288287629,f1_weighted
cls,GDBcls,"GradientBoostingClassifier(criterion='friedman_mse', init=None,
              learning_rate=0.031622776601683791, loss='deviance',
              max_depth=50, max_features='log2', max_leaf_nodes=None,
              min_impurity_split=1e-07, min_samples_leaf=1,
              min_samples_split=2, min_weight_fraction_leaf=0.0,
              n_estimators=100, presort='auto', random_state=None,
              subsample=1.0, verbose=0, warm_start=False)","{'learning_rate': 0.031622776601683791, 'max_depth': 50, 'max_features': 'log2', 'n_estimators': 100}",0 days 00:00:26.298388000,1.1037795543670654,0.5316258427704749,1.0,f1_weighted
