,best_params,feature_selection,ftr_combo_name,grid_cv_time,kind,mean_fit_time,mean_test,mean_train,model_name,score
0,"{'C': 100.0, 'degree': 3, 'gamma': 0.1, 'kernel': 'poly'}",None,RoadNet,0 days 00:00:02.996273000,SVM,0.02722058296203613,0.7157272576752902,0.8616514068045286,SVM,f1_weighted
1,"{'max_features': 'sqrt', 'min_samples_leaf': 1, 'n_estimators': 500, 'random_state': 0}",None,RoadNet,0 days 00:00:11.832335000,cls,1.5952856063842773,0.7839123448404083,1.0,RFcls,f1_weighted
2,"{'learning_rate': 0.0001, 'max_depth': 10, 'max_features': 'log2', 'n_estimators': 10, 'random_state': 0}",None,RoadNet,0 days 00:00:47.910537000,cls,0.14811363220214843,0.7879499678156077,1.0,GDBcls,f1_weighted
3,"{'C': 100.0, 'degree': 3, 'gamma': 0.1, 'kernel': 'poly'}",rfecv_linsvc,RoadNet,0 days 00:00:02.798959000,SVM,0.029670333862304686,0.7292231822532217,0.8472435825488625,SVM,f1_weighted
4,"{'max_features': 'log2', 'min_samples_leaf': 1, 'n_estimators': 500, 'random_state': 0}",rfecv_linsvc,RoadNet,0 days 00:00:10.678942000,cls,1.5336349964141847,0.7819926056303346,1.0,RFcls,f1_weighted
5,"{'learning_rate': 0.031622776601683791, 'max_depth': 50, 'max_features': 'log2', 'n_estimators': 50, 'random_state': 0}",rfecv_linsvc,RoadNet,0 days 00:00:50.226963000,cls,0.9688782691955566,0.7915885153562845,1.0,GDBcls,f1_weighted
6,"{'C': 100.0, 'degree': 3, 'gamma': 0.1, 'kernel': 'poly'}",mrmr,RoadNet,0 days 00:00:03.009720000,SVM,0.027808570861816408,0.7157272576752902,0.8616514068045286,SVM,f1_weighted
7,"{'max_features': 'sqrt', 'min_samples_leaf': 1, 'n_estimators': 500, 'random_state': 0}",mrmr,RoadNet,0 days 00:00:12.219949000,cls,1.6088687896728515,0.7839123448404083,1.0,RFcls,f1_weighted
8,"{'learning_rate': 0.0001, 'max_depth': 10, 'max_features': 'log2', 'n_estimators': 10, 'random_state': 0}",mrmr,RoadNet,0 days 00:00:51.543784000,cls,0.23829503059387208,0.7879499678156077,1.0,GDBcls,f1_weighted
9,"{'C': 100.0, 'gamma': 0.1, 'kernel': 'rbf'}",None,Segment_NO_TOTAL_~2014,0 days 00:00:05.340087000,SVM,0.06715273857116699,0.7492356653397063,1.0,SVM,f1_weighted
10,"{'max_features': 'log2', 'min_samples_leaf': 1, 'n_estimators': 500, 'random_state': 0}",None,Segment_NO_TOTAL_~2014,0 days 00:00:11.777872000,cls,1.3664681434631347,0.7789102954520747,1.0,RFcls,f1_weighted
11,"{'learning_rate': 0.031622776601683791, 'max_depth': 50, 'max_features': 'log2', 'n_estimators': 100, 'random_state': 0}",None,Segment_NO_TOTAL_~2014,0 days 00:00:49.130746000,cls,1.9095661163330078,0.7910589229517612,1.0,GDBcls,f1_weighted
12,"{'C': 100.0, 'gamma': 0.1, 'kernel': 'rbf'}",rfecv_linsvc,Segment_NO_TOTAL_~2014,0 days 00:00:03.712717000,SVM,0.04597158432006836,0.7540944713987697,0.9914215252380341,SVM,f1_weighted
13,"{'max_features': 'log2', 'min_samples_leaf': 1, 'n_estimators': 500, 'random_state': 0}",rfecv_linsvc,Segment_NO_TOTAL_~2014,0 days 00:00:11.580274000,cls,1.0018315315246582,0.7744964163091926,1.0,RFcls,f1_weighted
14,"{'learning_rate': 0.0001, 'max_depth': 10, 'max_features': 'log2', 'n_estimators': 50, 'random_state': 0}",rfecv_linsvc,Segment_NO_TOTAL_~2014,0 days 00:00:46.632721000,cls,0.8403409957885742,0.7917002069722522,0.9996078337138051,GDBcls,f1_weighted
15,"{'C': 100.0, 'gamma': 0.1, 'kernel': 'rbf'}",mrmr,Segment_NO_TOTAL_~2014,0 days 00:00:05.425334000,SVM,0.06545433998107911,0.7449686821583166,1.0,SVM,f1_weighted
16,"{'max_features': 'log2', 'min_samples_leaf': 1, 'n_estimators': 100, 'random_state': 0}",mrmr,Segment_NO_TOTAL_~2014,0 days 00:00:08.678823000,cls,0.20702314376831055,0.7802841492644543,1.0,RFcls,f1_weighted
17,"{'learning_rate': 0.031622776601683791, 'max_depth': 50, 'max_features': 'sqrt', 'n_estimators': 50, 'random_state': 0}",mrmr,Segment_NO_TOTAL_~2014,0 days 00:00:52.616827000,cls,1.0141417980194092,0.7983339735437873,1.0,GDBcls,f1_weighted
18,"{'C': 100.0, 'gamma': 0.1, 'kernel': 'rbf'}",None,Segment_TOTAL_~2014,0 days 00:00:01.690019000,SVM,0.030654335021972658,0.43804573936933366,0.4841385182267407,SVM,f1_weighted
19,"{'max_features': 'sqrt', 'min_samples_leaf': 1, 'n_estimators': 500, 'random_state': 0}",None,Segment_TOTAL_~2014,0 days 00:00:10.750768000,cls,0.8900095462799072,0.7258214209855121,1.0,RFcls,f1_weighted
20,"{'learning_rate': 0.0001, 'max_depth': 50, 'max_features': 'sqrt', 'n_estimators': 50, 'random_state': 0}",None,Segment_TOTAL_~2014,0 days 00:00:57.648353000,cls,0.9859961986541748,0.7406874329963816,1.0,GDBcls,f1_weighted
21,"{'C': 100.0, 'gamma': 0.1, 'kernel': 'rbf'}",rfecv_linsvc,Segment_TOTAL_~2014,0 days 00:00:01.579339000,SVM,0.029608440399169923,0.41721598018266126,0.4462478148004124,SVM,f1_weighted
22,"{'max_features': 'sqrt', 'min_samples_leaf': 1, 'n_estimators': 100, 'random_state': 0}",rfecv_linsvc,Segment_TOTAL_~2014,0 days 00:00:10.925156000,cls,0.2296834945678711,0.6820428362055864,1.0,RFcls,f1_weighted
23,"{'learning_rate': 0.031622776601683791, 'max_depth': 10, 'max_features': 'sqrt', 'n_estimators': 50, 'random_state': 0}",rfecv_linsvc,Segment_TOTAL_~2014,0 days 00:01:00.106797000,cls,2.5660870552062987,0.691451339663152,1.0,GDBcls,f1_weighted
24,"{'C': 100.0, 'gamma': 0.1, 'kernel': 'rbf'}",mrmr,Segment_TOTAL_~2014,0 days 00:00:01.691848000,SVM,0.030158042907714844,0.4124579956038188,0.4468432952398283,SVM,f1_weighted
25,"{'max_features': 'sqrt', 'min_samples_leaf': 1, 'n_estimators': 100, 'random_state': 0}",mrmr,Segment_TOTAL_~2014,0 days 00:00:08.117148000,cls,0.22401556968688965,0.713455883304351,1.0,RFcls,f1_weighted
26,"{'learning_rate': 0.0001, 'max_depth': 50, 'max_features': 'sqrt', 'n_estimators': 100, 'random_state': 0}",mrmr,Segment_TOTAL_~2014,0 days 00:00:51.699287000,cls,1.8279748439788819,0.7397805522303711,1.0,GDBcls,f1_weighted
27,"{'C': 100.0, 'gamma': 0.1, 'kernel': 'rbf'}",None,RoadNet+Segment_NO_TOTAL_~2014,0 days 00:00:06.344499000,SVM,0.06333279609680176,0.7923538792174419,1.0,SVM,f1_weighted
28,"{'max_features': 'sqrt', 'min_samples_leaf': 2, 'n_estimators': 100, 'random_state': 0}",None,RoadNet+Segment_NO_TOTAL_~2014,0 days 00:00:12.474359000,cls,0.276959753036499,0.7954780667237001,1.0,RFcls,f1_weighted
29,"{'learning_rate': 0.0001, 'max_depth': 10, 'max_features': 'sqrt', 'n_estimators': 100, 'random_state': 0}",None,RoadNet+Segment_NO_TOTAL_~2014,0 days 00:00:49.639655000,cls,1.5755866050720215,0.8134989744724379,1.0,GDBcls,f1_weighted
30,"{'C': 100.0, 'gamma': 0.1, 'kernel': 'rbf'}",rfecv_linsvc,RoadNet+Segment_NO_TOTAL_~2014,0 days 00:00:04.939595000,SVM,0.059044170379638675,0.7966664460827468,1.0,SVM,f1_weighted
31,"{'max_features': 'sqrt', 'min_samples_leaf': 2, 'n_estimators': 500, 'random_state': 0}",rfecv_linsvc,RoadNet+Segment_NO_TOTAL_~2014,0 days 00:00:10.031009000,cls,1.2450462341308595,0.7918169505328368,0.9996116413338048,RFcls,f1_weighted
32,"{'learning_rate': 0.0001, 'max_depth': 10, 'max_features': 'log2', 'n_estimators': 100, 'random_state': 0}",rfecv_linsvc,RoadNet+Segment_NO_TOTAL_~2014,0 days 00:00:50.719784000,cls,1.4767794132232666,0.8146270415966196,1.0,GDBcls,f1_weighted
33,"{'C': 100.0, 'gamma': 0.1, 'kernel': 'rbf'}",mrmr,RoadNet+Segment_NO_TOTAL_~2014,0 days 00:00:06.776211000,SVM,0.07040128707885743,0.7923538792174419,1.0,SVM,f1_weighted
34,"{'max_features': 'sqrt', 'min_samples_leaf': 2, 'n_estimators': 100, 'random_state': 0}",mrmr,RoadNet+Segment_NO_TOTAL_~2014,0 days 00:00:08.793319000,cls,0.25171990394592286,0.7954780667237001,1.0,RFcls,f1_weighted
35,"{'learning_rate': 0.0001, 'max_depth': 10, 'max_features': 'sqrt', 'n_estimators': 100, 'random_state': 0}",mrmr,RoadNet+Segment_NO_TOTAL_~2014,0 days 00:00:49.137297000,cls,1.5731716632843018,0.8134989744724379,1.0,GDBcls,f1_weighted
36,"{'C': 100.0, 'degree': 3, 'gamma': 0.1, 'kernel': 'poly'}",None,RoadNet+Segment_TOTAL_~2014,0 days 00:00:02.821857000,SVM,0.02484579086303711,0.7328902638261503,0.904302783881014,SVM,f1_weighted
37,"{'max_features': 'log2', 'min_samples_leaf': 2, 'n_estimators': 500, 'random_state': 0}",None,RoadNet+Segment_TOTAL_~2014,0 days 00:00:12.508833000,cls,1.1514729022979737,0.7737278040449046,0.9972623381443674,RFcls,f1_weighted
38,"{'learning_rate': 0.031622776601683791, 'max_depth': 10, 'max_features': 'log2', 'n_estimators': 100, 'random_state': 0}",None,RoadNet+Segment_TOTAL_~2014,0 days 00:00:49.644701000,cls,3.541367292404175,0.8040453735909171,1.0,GDBcls,f1_weighted
39,"{'C': 100.0, 'degree': 3, 'gamma': 0.1, 'kernel': 'poly'}",rfecv_linsvc,RoadNet+Segment_TOTAL_~2014,0 days 00:00:02.272956000,SVM,0.01366109848022461,0.7120253608378654,0.8236206781591789,SVM,f1_weighted
40,"{'max_features': 'sqrt', 'min_samples_leaf': 1, 'n_estimators': 500, 'random_state': 0}",rfecv_linsvc,RoadNet+Segment_TOTAL_~2014,0 days 00:00:09.401598000,cls,1.0551780700683593,0.7790246710637879,1.0,RFcls,f1_weighted
41,"{'learning_rate': 0.031622776601683791, 'max_depth': 10, 'max_features': 'sqrt', 'n_estimators': 100, 'random_state': 0}",rfecv_linsvc,RoadNet+Segment_TOTAL_~2014,0 days 00:00:48.797835000,cls,3.3429028511047365,0.8066719059901301,1.0,GDBcls,f1_weighted
42,"{'C': 100.0, 'degree': 3, 'gamma': 0.1, 'kernel': 'poly'}",mrmr,RoadNet+Segment_TOTAL_~2014,0 days 00:00:03.108017000,SVM,0.030188846588134765,0.7328902638261503,0.904302783881014,SVM,f1_weighted
43,"{'max_features': 'log2', 'min_samples_leaf': 2, 'n_estimators': 500, 'random_state': 0}",mrmr,RoadNet+Segment_TOTAL_~2014,0 days 00:00:12.231422000,cls,1.2588993549346923,0.7737278040449046,0.9972623381443674,RFcls,f1_weighted
44,"{'learning_rate': 0.031622776601683791, 'max_depth': 10, 'max_features': 'log2', 'n_estimators': 100, 'random_state': 0}",mrmr,RoadNet+Segment_TOTAL_~2014,0 days 00:00:49.190429000,cls,3.544523334503174,0.8040453735909171,1.0,GDBcls,f1_weighted
