,best_params,feature_selection,ftr_combo_name,grid_cv_time,kind,mean_fit_time,mean_test,mean_train,model_name,score
0,"{'C': 100.0, 'degree': 3, 'gamma': 0.1, 'kernel': 'poly'}",None,RoadNet,0 days 00:00:01.792320000,SVM,0.014902305603027344,0.6210550678923882,0.8351094433318764,SVM,f1_weighted
1,"{'max_features': 'sqrt', 'min_samples_leaf': 1, 'n_estimators': 100, 'random_state': 0}",None,RoadNet,0 days 00:00:09.124088000,cls,0.2246260166168213,0.6984545784915054,1.0,RFcls,f1_weighted
2,"{'learning_rate': 0.031622776601683791, 'max_depth': 50, 'max_features': 'sqrt', 'n_estimators': 50, 'random_state': 0}",None,RoadNet,0 days 00:00:46.208671000,cls,0.9321666717529297,0.7191176812808462,1.0,GDBcls,f1_weighted
3,"{'C': 100.0, 'degree': 3, 'gamma': 0.1, 'kernel': 'poly'}",rfecv_linsvc,RoadNet,0 days 00:00:01.986697000,SVM,0.021506500244140626,0.6210550678923882,0.8351094433318764,SVM,f1_weighted
4,"{'max_features': 'sqrt', 'min_samples_leaf': 1, 'n_estimators': 100, 'random_state': 0}",rfecv_linsvc,RoadNet,0 days 00:00:08.295343000,cls,0.23276910781860352,0.6984545784915054,1.0,RFcls,f1_weighted
5,"{'learning_rate': 0.031622776601683791, 'max_depth': 50, 'max_features': 'sqrt', 'n_estimators': 50, 'random_state': 0}",rfecv_linsvc,RoadNet,0 days 00:00:58.513624000,cls,1.0368957042694091,0.7191176812808462,1.0,GDBcls,f1_weighted
6,"{'C': 100.0, 'degree': 3, 'gamma': 0.1, 'kernel': 'poly'}",mrmr,RoadNet,0 days 00:00:01.876524000,SVM,0.013422775268554687,0.6096388124959413,0.8231918426223984,SVM,f1_weighted
7,"{'max_features': 'log2', 'min_samples_leaf': 1, 'n_estimators': 500, 'random_state': 0}",mrmr,RoadNet,0 days 00:00:08.899095000,cls,1.0073123455047608,0.6936991535767647,1.0,RFcls,f1_weighted
8,"{'learning_rate': 0.031622776601683791, 'max_depth': 10, 'max_features': 'sqrt', 'n_estimators': 50, 'random_state': 0}",mrmr,RoadNet,0 days 00:00:45.625401000,cls,1.6651813983917236,0.7226589293829668,1.0,GDBcls,f1_weighted
9,"{'C': 100.0, 'gamma': 0.001, 'kernel': 'rbf'}",None,Segment_NO_TOTAL_~2014,0 days 00:00:03.424081000,SVM,0.04327397346496582,0.6644010647215923,0.7673026379182543,SVM,f1_weighted
10,"{'max_features': 'log2', 'min_samples_leaf': 1, 'n_estimators': 500, 'random_state': 0}",None,Segment_NO_TOTAL_~2014,0 days 00:00:09.741152000,cls,0.915869140625,0.7245697189309003,1.0,RFcls,f1_weighted
11,"{'learning_rate': 0.031622776601683791, 'max_depth': 10, 'max_features': 'sqrt', 'n_estimators': 50, 'random_state': 0}",None,Segment_NO_TOTAL_~2014,0 days 00:00:47.706177000,cls,1.610262680053711,0.7252886105603801,1.0,GDBcls,f1_weighted
12,"{'C': 100.0, 'degree': 3, 'gamma': 0.1, 'kernel': 'poly'}",rfecv_linsvc,Segment_NO_TOTAL_~2014,0 days 00:00:02.496332000,SVM,0.017526578903198243,0.6931306516267755,0.9270609249347702,SVM,f1_weighted
13,"{'max_features': 'log2', 'min_samples_leaf': 1, 'n_estimators': 100, 'random_state': 0}",rfecv_linsvc,Segment_NO_TOTAL_~2014,0 days 00:00:09.502280000,cls,0.30805096626281736,0.7174986037853369,1.0,RFcls,f1_weighted
14,"{'learning_rate': 0.031622776601683791, 'max_depth': 10, 'max_features': 'sqrt', 'n_estimators': 100, 'random_state': 0}",rfecv_linsvc,Segment_NO_TOTAL_~2014,0 days 00:00:46.731330000,cls,3.699580717086792,0.7328262929780341,1.0,GDBcls,f1_weighted
15,"{'C': 100.0, 'gamma': 0.001, 'kernel': 'rbf'}",mrmr,Segment_NO_TOTAL_~2014,0 days 00:00:03.333756000,SVM,0.05253148078918457,0.6671075274242358,0.7662315408941642,SVM,f1_weighted
16,"{'max_features': 'log2', 'min_samples_leaf': 1, 'n_estimators': 100, 'random_state': 0}",mrmr,Segment_NO_TOTAL_~2014,0 days 00:00:08.112417000,cls,0.23649682998657226,0.7285975564682091,1.0,RFcls,f1_weighted
17,"{'learning_rate': 0.031622776601683791, 'max_depth': 10, 'max_features': 'log2', 'n_estimators': 100, 'random_state': 0}",mrmr,Segment_NO_TOTAL_~2014,0 days 00:00:44.064452000,cls,3.066905164718628,0.7368296844495114,1.0,GDBcls,f1_weighted
18,"{'C': 100.0, 'gamma': 0.1, 'kernel': 'rbf'}",None,RoadNet+Segment_NO_TOTAL_~2014,0 days 00:00:04.203705000,SVM,0.058174657821655276,0.709549049996373,1.0,SVM,f1_weighted
19,"{'max_features': 'log2', 'min_samples_leaf': 1, 'n_estimators': 500, 'random_state': 0}",None,RoadNet+Segment_NO_TOTAL_~2014,0 days 00:00:10.070112000,cls,0.9342222690582276,0.713731276613227,1.0,RFcls,f1_weighted
20,"{'learning_rate': 0.031622776601683791, 'max_depth': 10, 'max_features': 'sqrt', 'n_estimators': 50, 'random_state': 0}",None,RoadNet+Segment_NO_TOTAL_~2014,0 days 00:00:43.678343000,cls,1.5718134880065917,0.7342810221756861,1.0,GDBcls,f1_weighted
21,"{'C': 100.0, 'gamma': 0.1, 'kernel': 'rbf'}",rfecv_linsvc,RoadNet+Segment_NO_TOTAL_~2014,0 days 00:00:03.325191000,SVM,0.04140291213989258,0.7189846583593488,1.0,SVM,f1_weighted
22,"{'max_features': 'log2', 'min_samples_leaf': 1, 'n_estimators': 100, 'random_state': 0}",rfecv_linsvc,RoadNet+Segment_NO_TOTAL_~2014,0 days 00:00:08.117666000,cls,0.196694278717041,0.7277413107493185,1.0,RFcls,f1_weighted
23,"{'learning_rate': 0.031622776601683791, 'max_depth': 10, 'max_features': 'sqrt', 'n_estimators': 50, 'random_state': 0}",rfecv_linsvc,RoadNet+Segment_NO_TOTAL_~2014,0 days 00:00:45.425020000,cls,1.8986063957214356,0.7388534264558057,1.0,GDBcls,f1_weighted
24,"{'C': 100.0, 'gamma': 0.1, 'kernel': 'rbf'}",mrmr,RoadNet+Segment_NO_TOTAL_~2014,0 days 00:00:04.047003000,SVM,0.04697990417480469,0.7136721691844762,1.0,SVM,f1_weighted
25,"{'max_features': 'log2', 'min_samples_leaf': 1, 'n_estimators': 500, 'random_state': 0}",mrmr,RoadNet+Segment_NO_TOTAL_~2014,0 days 00:00:12.628197000,cls,0.9215463161468506,0.7126813225390283,1.0,RFcls,f1_weighted
26,"{'learning_rate': 0.031622776601683791, 'max_depth': 10, 'max_features': 'sqrt', 'n_estimators': 100, 'random_state': 0}",mrmr,RoadNet+Segment_NO_TOTAL_~2014,0 days 00:00:47.192270000,cls,2.9120418071746825,0.730767527313568,1.0,GDBcls,f1_weighted
27,"{'C': 100.0, 'gamma': 0.1, 'kernel': 'rbf'}",None,RoadNet+Segment_TOTAL_~2014,0 days 00:00:02.181879000,SVM,0.02813420295715332,0.667785725530141,0.8901284653494237,SVM,f1_weighted
28,"{'max_features': 'sqrt', 'min_samples_leaf': 1, 'n_estimators': 500, 'random_state': 0}",None,RoadNet+Segment_TOTAL_~2014,0 days 00:00:09.512075000,cls,0.9643490791320801,0.7072538056080583,1.0,RFcls,f1_weighted
29,"{'learning_rate': 0.031622776601683791, 'max_depth': 50, 'max_features': 'log2', 'n_estimators': 50, 'random_state': 0}",None,RoadNet+Segment_TOTAL_~2014,0 days 00:00:42.635621000,cls,0.9034425258636475,0.7375272165003096,1.0,GDBcls,f1_weighted
30,"{'C': 100.0, 'gamma': 0.1, 'kernel': 'rbf'}",rfecv_linsvc,RoadNet+Segment_TOTAL_~2014,0 days 00:00:01.169198000,SVM,0.01541748046875,0.6421279147585897,0.7226014392631948,SVM,f1_weighted
31,"{'max_features': 'sqrt', 'min_samples_leaf': 1, 'n_estimators': 500, 'random_state': 0}",rfecv_linsvc,RoadNet+Segment_TOTAL_~2014,0 days 00:00:10.152412000,cls,1.357634925842285,0.7107678521315501,1.0,RFcls,f1_weighted
32,"{'learning_rate': 0.031622776601683791, 'max_depth': 10, 'max_features': 'sqrt', 'n_estimators': 10, 'random_state': 0}",rfecv_linsvc,RoadNet+Segment_TOTAL_~2014,0 days 00:00:38.499315000,cls,0.2880129337310791,0.714829260718529,0.999502474611195,GDBcls,f1_weighted
33,"{'C': 100.0, 'degree': 3, 'gamma': 0.1, 'kernel': 'poly'}",mrmr,RoadNet+Segment_TOTAL_~2014,0 days 00:00:01.880935000,SVM,0.019251394271850585,0.6718910462134046,0.8859824610941274,SVM,f1_weighted
34,"{'max_features': 'log2', 'min_samples_leaf': 2, 'n_estimators': 100, 'random_state': 0}",mrmr,RoadNet+Segment_TOTAL_~2014,0 days 00:00:09.608921000,cls,0.293165922164917,0.7120112107015363,0.997030194585703,RFcls,f1_weighted
35,"{'learning_rate': 0.031622776601683791, 'max_depth': 50, 'max_features': 'log2', 'n_estimators': 100, 'random_state': 0}",mrmr,RoadNet+Segment_TOTAL_~2014,0 days 00:00:43.459853000,cls,1.6690690040588378,0.7249659687814047,1.0,GDBcls,f1_weighted
