kind,model_name,best_model,best_params,grid_cv_time,mean_fit_time,mean_test,mean_train,score
reg,ols,"LinearRegression(copy_X=True, fit_intercept=True, n_jobs=1, normalize=False)",{},0 days 00:00:02.236590000,0.010206222534179688,-1.8804766010115455e+26,-0.14536005190099197,neg_mean_squared_error
reg,lasso,"Lasso(alpha=1.0, copy_X=True, fit_intercept=True, max_iter=1000,
   normalize=False, positive=False, precompute=False, random_state=None,
   selection='cyclic', tol=0.0001, warm_start=False)",{'alpha': 1.0},0 days 00:00:02.351661000,0.0020014762878417967,-0.6731885882035575,-0.6698311968162751,neg_mean_squared_error
reg,ridge,"Ridge(alpha=12.915496650148841, copy_X=True, fit_intercept=True,
   max_iter=None, normalize=False, random_state=None, solver='auto',
   tol=0.001)",{'alpha': 12.915496650148841},0 days 00:00:02.341654000,0.010005521774291991,-0.4896289100189149,-0.35686285019378305,neg_mean_squared_error
reg,DTreg,"DecisionTreeRegressor(criterion='mse', max_depth=3, max_features=0.5,
           max_leaf_nodes=None, min_impurity_split=1e-07,
           min_samples_leaf=1, min_samples_split=2,
           min_weight_fraction_leaf=0.0, presort=False, random_state=None,
           splitter='best')","{'max_depth': 3, 'max_features': 0.5}",0 days 00:00:02.424944000,0.002601337432861328,-0.6411861271036736,-0.4346180300468771,neg_mean_squared_error
reg,linearSVR,"LinearSVR(C=0.10000000000000001, dual=True, epsilon=0.1, fit_intercept=True,
     intercept_scaling=1.0, loss='epsilon_insensitive', max_iter=1000,
     random_state=None, tol=0.0001, verbose=0)","{'C': 0.10000000000000001, 'epsilon': 0.1, 'loss': 'epsilon_insensitive'}",0 days 00:00:03.120185000,0.004202747344970703,-0.555331517068029,-0.40164924848443606,neg_mean_squared_error
cls,logistics,"LogisticRegression(C=1.0, class_weight=None, dual=False, fit_intercept=True,
          intercept_scaling=1, max_iter=100, multi_class='ovr', n_jobs=1,
          penalty='l1', random_state=None, solver='liblinear', tol=0.0001,
          verbose=0, warm_start=False)","{'C': 1.0, 'penalty': 'l1'}",0 days 00:00:05.239118000,0.014009428024291993,0.5097391857330286,0.6615077326680506,f1_weighted
cls,DTcls,"DecisionTreeClassifier(class_weight=None, criterion='entropy', max_depth=50,
            max_features=1.0, max_leaf_nodes=None,
            min_impurity_split=1e-07, min_samples_leaf=1,
            min_samples_split=2, min_weight_fraction_leaf=0.0,
            presort=False, random_state=None, splitter='best')","{'criterion': 'entropy', 'max_depth': 50, 'max_features': 1.0}",0 days 00:00:02.640293000,0.01441020965576172,0.4653074556893945,1.0,f1_weighted
cls,linearSVM,"LinearSVC(C=0.10000000000000001, class_weight=None, dual=True,
     fit_intercept=True, intercept_scaling=1, loss='squared_hinge',
     max_iter=1000, multi_class='ovr', penalty='l2', random_state=None,
     tol=0.0001, verbose=0)","{'C': 0.10000000000000001, 'loss': 'squared_hinge'}",0 days 00:00:02.574810000,0.014409971237182618,0.4811028761110202,0.7543256069200651,f1_weighted
reg,ADAreg,"AdaBoostRegressor(base_estimator=None, learning_rate=0.56234132519034907,
         loss='linear', n_estimators=30, random_state=None)","{'learning_rate': 0.56234132519034907, 'n_estimators': 30}",0 days 00:00:18.885149000,0.08586015701293945,-0.5375710671556032,-0.23555599456851645,neg_mean_squared_error
reg,RFreg,"RandomForestRegressor(bootstrap=True, criterion='mse', max_depth=None,
           max_features='sqrt', max_leaf_nodes=None,
           min_impurity_split=1e-07, min_samples_leaf=1,
           min_samples_split=2, min_weight_fraction_leaf=0.0,
           n_estimators=500, n_jobs=1, oob_score=False, random_state=None,
           verbose=0, warm_start=False)","{'max_features': 'sqrt', 'min_samples_leaf': 1, 'n_estimators': 500}",0 days 00:00:07.696174000,0.7365204811096191,-0.4958350955470143,-0.06536152565456187,neg_mean_squared_error
reg,MLPreg,"MLPRegressor(activation='relu', alpha=0.0001, batch_size='auto', beta_1=0.9,
       beta_2=0.999, early_stopping=False, epsilon=1e-08,
       hidden_layer_sizes=(5, 2), learning_rate='constant',
       learning_rate_init=0.001, max_iter=10000, momentum=0.9,
       nesterovs_momentum=True, power_t=0.5, random_state=None,
       shuffle=True, solver='adam', tol=0.0001, validation_fraction=0.1,
       verbose=False, warm_start=False)","{'hidden_layer_sizes': (5, 2), 'learning_rate': 'constant', 'max_iter': 10000}",0 days 00:00:12.705959000,1.6385563850402831,-0.798179113629567,-0.8225380062850993,neg_mean_squared_error
cls,ADAcls,"AdaBoostClassifier(algorithm='SAMME.R', base_estimator=None,
          learning_rate=0.56234132519034907, n_estimators=500,
          random_state=None)","{'learning_rate': 0.56234132519034907, 'n_estimators': 500}",0 days 00:00:17.411343000,1.1602189540863037,0.4027263553564876,0.6405212185867133,f1_weighted
cls,RFcls,"RandomForestClassifier(bootstrap=True, class_weight=None, criterion='gini',
            max_depth=None, max_features='sqrt', max_leaf_nodes=None,
            min_impurity_split=1e-07, min_samples_leaf=1,
            min_samples_split=2, min_weight_fraction_leaf=0.0,
            n_estimators=100, n_jobs=1, oob_score=False, random_state=None,
            verbose=0, warm_start=False)","{'max_features': 'sqrt', 'min_samples_leaf': 1, 'n_estimators': 100}",0 days 00:00:08.189717000,0.16491570472717285,0.47549305344438547,1.0,f1_weighted
cls,MLPcls,"MLPClassifier(activation='relu', alpha=0.0001, batch_size='auto', beta_1=0.9,
       beta_2=0.999, early_stopping=False, epsilon=1e-08,
       hidden_layer_sizes=(100, 20), learning_rate='constant',
       learning_rate_init=0.001, max_iter=10000, momentum=0.9,
       nesterovs_momentum=True, power_t=0.5, random_state=None,
       shuffle=True, solver='adam', tol=0.0001, validation_fraction=0.1,
       verbose=False, warm_start=False)","{'hidden_layer_sizes': (100, 20), 'learning_rate': 'constant', 'max_iter': 10000}",0 days 00:00:11.191939000,0.4895471572875977,0.4203216896216327,0.6735540192039075,f1_weighted
reg,BAGreg,"BaggingRegressor(base_estimator=None, bootstrap=True,
         bootstrap_features=False, max_features=1.0, max_samples=1.0,
         n_estimators=100, n_jobs=1, oob_score=False, random_state=None,
         verbose=0, warm_start=False)","{'max_features': 1.0, 'n_estimators': 100}",0 days 00:00:19.932710000,0.5535904884338378,-0.48990454899520436,-0.06358056685246286,neg_mean_squared_error
cls,BAGcls,"BaggingClassifier(base_estimator=None, bootstrap=True,
         bootstrap_features=False, max_features=0.7, max_samples=1.0,
         n_estimators=50, n_jobs=1, oob_score=False, random_state=None,
         verbose=0, warm_start=False)","{'max_features': 0.7, 'n_estimators': 50}",0 days 00:00:19.423041000,0.21054744720458984,0.5124034373540307,1.0,f1_weighted
reg,SVR,"SVR(C=0.10000000000000001, cache_size=200, coef0=0.0, degree=3, epsilon=0.1,
  gamma=0.1, kernel='poly', max_iter=-1, shrinking=True, tol=0.001,
  verbose=False)","{'C': 0.10000000000000001, 'degree': 3, 'gamma': 0.1, 'kernel': 'poly'}",0 days 00:00:02.839998000,0.007205152511596679,-0.48815894150969613,-0.30681953080996843,neg_mean_squared_error
reg,GDBreg,"GradientBoostingRegressor(alpha=0.9, criterion='friedman_mse', init=None,
             learning_rate=0.031622776601683791, loss='ls', max_depth=50,
             max_features='sqrt', max_leaf_nodes=None,
             min_impurity_split=1e-07, min_samples_leaf=1,
             min_samples_split=2, min_weight_fraction_leaf=0.0,
             n_estimators=50, presort='auto', random_state=None,
             subsample=1.0, verbose=0, warm_start=False)","{'learning_rate': 0.031622776601683791, 'max_depth': 50, 'max_features': 'sqrt', 'n_estimators': 50}",0 days 00:00:04.892772000,0.049434852600097653,-0.48223214117533003,-0.026941513054860394,neg_mean_squared_error
cls,SVM,"SVC(C=100.0, cache_size=200, class_weight=None, coef0=0.0,
  decision_function_shape=None, degree=3, gamma=0.1, kernel='sigmoid',
  max_iter=-1, probability=False, random_state=None, shrinking=True,
  tol=0.001, verbose=False)","{'C': 100.0, 'gamma': 0.1, 'kernel': 'sigmoid'}",0 days 00:00:02.927144000,0.009206485748291016,0.47318979306986786,0.5465570333332498,f1_weighted
cls,GDBcls,"GradientBoostingClassifier(criterion='friedman_mse', init=None,
              learning_rate=0.031622776601683791, loss='deviance',
              max_depth=10, max_features='sqrt', max_leaf_nodes=None,
              min_impurity_split=1e-07, min_samples_leaf=1,
              min_samples_split=2, min_weight_fraction_leaf=0.0,
              n_estimators=100, presort='auto', random_state=None,
              subsample=1.0, verbose=0, warm_start=False)","{'learning_rate': 0.031622776601683791, 'max_depth': 10, 'max_features': 'sqrt', 'n_estimators': 100}",0 days 00:00:27.598521000,1.7056076526641846,0.5124952989387928,1.0,f1_weighted
