kind,model_name,best_model,best_params,grid_cv_time,mean_fit_time,mean_test,mean_train,score
reg,ols,"LinearRegression(copy_X=True, fit_intercept=True, n_jobs=1, normalize=False)",{},0 days 00:00:02.227573000,0.009006643295288086,-3.983937228475208e+22,-0.2955353074225418,neg_mean_squared_error
reg,lasso,"Lasso(alpha=1.0, copy_X=True, fit_intercept=True, max_iter=1000,
   normalize=False, positive=False, precompute=False, random_state=None,
   selection='cyclic', tol=0.0001, warm_start=False)",{'alpha': 1.0},0 days 00:00:02.248588000,0.001400899887084961,-0.6731885882035575,-0.6698311968162751,neg_mean_squared_error
reg,ridge,"Ridge(alpha=7.7426368268112693, copy_X=True, fit_intercept=True,
   max_iter=None, normalize=False, random_state=None, solver='auto',
   tol=0.001)",{'alpha': 7.7426368268112693},0 days 00:00:02.321909000,0.004002857208251953,-0.5148810472627511,-0.4347931825069069,neg_mean_squared_error
reg,DTreg,"DecisionTreeRegressor(criterion='mse', max_depth=3, max_features=1.0,
           max_leaf_nodes=None, min_impurity_split=1e-07,
           min_samples_leaf=1, min_samples_split=2,
           min_weight_fraction_leaf=0.0, presort=False, random_state=None,
           splitter='best')","{'max_depth': 3, 'max_features': 1.0}",0 days 00:00:02.323486000,0.0014009952545166015,-0.5898806911233098,-0.3645880126832437,neg_mean_squared_error
reg,linearSVR,"LinearSVR(C=0.10000000000000001, dual=True, epsilon=0, fit_intercept=True,
     intercept_scaling=1.0, loss='squared_epsilon_insensitive',
     max_iter=1000, random_state=None, tol=0.0001, verbose=0)","{'C': 0.10000000000000001, 'epsilon': 0, 'loss': 'squared_epsilon_insensitive'}",0 days 00:00:03.008538000,0.0020014762878417967,-0.5699766324126533,-0.4627136123384936,neg_mean_squared_error
cls,logistics,"LogisticRegression(C=100.0, class_weight=None, dual=False, fit_intercept=True,
          intercept_scaling=1, max_iter=100, multi_class='ovr', n_jobs=1,
          penalty='l2', random_state=None, solver='liblinear', tol=0.0001,
          verbose=0, warm_start=False)","{'C': 100.0, 'penalty': 'l2'}",0 days 00:00:05.047326000,0.01741199493408203,0.5023699857623247,0.7227892459057086,f1_weighted
cls,DTcls,"DecisionTreeClassifier(class_weight=None, criterion='entropy', max_depth=50,
            max_features=1.0, max_leaf_nodes=None,
            min_impurity_split=1e-07, min_samples_leaf=1,
            min_samples_split=2, min_weight_fraction_leaf=0.0,
            presort=False, random_state=None, splitter='best')","{'criterion': 'entropy', 'max_depth': 50, 'max_features': 1.0}",0 days 00:00:02.428714000,0.007408332824707031,0.4761733620177155,1.0,f1_weighted
cls,linearSVM,"LinearSVC(C=100.0, class_weight=None, dual=True, fit_intercept=True,
     intercept_scaling=1, loss='hinge', max_iter=1000, multi_class='ovr',
     penalty='l2', random_state=None, tol=0.0001, verbose=0)","{'C': 100.0, 'loss': 'hinge'}",0 days 00:00:02.636710000,0.09446630477905274,0.482359570263825,0.7046829174485146,f1_weighted
reg,ADAreg,"AdaBoostRegressor(base_estimator=None, learning_rate=0.56234132519034907,
         loss='linear', n_estimators=256, random_state=None)","{'learning_rate': 0.56234132519034907, 'n_estimators': 256}",0 days 00:00:14.519814000,0.5531978607177734,-0.47260893930565895,-0.18782306722221123,neg_mean_squared_error
reg,RFreg,"RandomForestRegressor(bootstrap=True, criterion='mse', max_depth=None,
           max_features='log2', max_leaf_nodes=None,
           min_impurity_split=1e-07, min_samples_leaf=1,
           min_samples_split=2, min_weight_fraction_leaf=0.0,
           n_estimators=100, n_jobs=1, oob_score=False, random_state=None,
           verbose=0, warm_start=False)","{'max_features': 'log2', 'min_samples_leaf': 1, 'n_estimators': 100}",0 days 00:00:07.160440000,0.12909083366394042,-0.456536447499374,-0.0622347471964114,neg_mean_squared_error
reg,MLPreg,"MLPRegressor(activation='relu', alpha=0.0001, batch_size='auto', beta_1=0.9,
       beta_2=0.999, early_stopping=False, epsilon=1e-08,
       hidden_layer_sizes=(5, 2), learning_rate='constant',
       learning_rate_init=0.001, max_iter=10000, momentum=0.9,
       nesterovs_momentum=True, power_t=0.5, random_state=None,
       shuffle=True, solver='adam', tol=0.0001, validation_fraction=0.1,
       verbose=False, warm_start=False)","{'hidden_layer_sizes': (5, 2), 'learning_rate': 'constant', 'max_iter': 10000}",0 days 00:00:11.193293000,1.1890393257141114,-0.6875423731549571,-0.6270389918482676,neg_mean_squared_error
cls,ADAcls,"AdaBoostClassifier(algorithm='SAMME.R', base_estimator=None,
          learning_rate=0.0001, n_estimators=10, random_state=None)","{'learning_rate': 0.0001, 'n_estimators': 10}",0 days 00:00:14.520559000,0.018613100051879883,0.4508331535364937,0.45297220463810417,f1_weighted
cls,RFcls,"RandomForestClassifier(bootstrap=True, class_weight=None, criterion='gini',
            max_depth=None, max_features='sqrt', max_leaf_nodes=None,
            min_impurity_split=1e-07, min_samples_leaf=2,
            min_samples_split=2, min_weight_fraction_leaf=0.0,
            n_estimators=500, n_jobs=1, oob_score=False, random_state=None,
            verbose=0, warm_start=False)","{'max_features': 'sqrt', 'min_samples_leaf': 2, 'n_estimators': 500}",0 days 00:00:08.800374000,0.7807559967041016,0.5222338126831368,0.9829700685305086,f1_weighted
cls,MLPcls,"MLPClassifier(activation='relu', alpha=0.0001, batch_size='auto', beta_1=0.9,
       beta_2=0.999, early_stopping=False, epsilon=1e-08,
       hidden_layer_sizes=(100, 20), learning_rate='constant',
       learning_rate_init=0.001, max_iter=10000, momentum=0.9,
       nesterovs_momentum=True, power_t=0.5, random_state=None,
       shuffle=True, solver='adam', tol=0.0001, validation_fraction=0.1,
       verbose=False, warm_start=False)","{'hidden_layer_sizes': (100, 20), 'learning_rate': 'constant', 'max_iter': 10000}",0 days 00:00:14.687461000,0.7361202239990234,0.4544178762070564,0.6747740211661176,f1_weighted
reg,BAGreg,"BaggingRegressor(base_estimator=None, bootstrap=True,
         bootstrap_features=False, max_features=0.7, max_samples=1.0,
         n_estimators=256, n_jobs=1, oob_score=False, random_state=None,
         verbose=0, warm_start=False)","{'max_features': 0.7, 'n_estimators': 256}",0 days 00:00:13.104317000,0.6194373607635498,-0.45108776803738276,-0.05921094245277856,neg_mean_squared_error
cls,BAGcls,"BaggingClassifier(base_estimator=None, bootstrap=True,
         bootstrap_features=False, max_features=1.0, max_samples=1.0,
         n_estimators=30, n_jobs=1, oob_score=False, random_state=None,
         verbose=0, warm_start=False)","{'max_features': 1.0, 'n_estimators': 30}",0 days 00:00:13.292600000,0.09906916618347168,0.5283154068889299,0.9969605549671637,f1_weighted
reg,SVR,"SVR(C=100.0, cache_size=200, coef0=0.0, degree=3, epsilon=0.1, gamma=0.001,
  kernel='sigmoid', max_iter=-1, shrinking=True, tol=0.001, verbose=False)","{'C': 100.0, 'gamma': 0.001, 'kernel': 'sigmoid'}",0 days 00:00:02.526868000,0.004202365875244141,-0.5216620576686396,-0.4535866346076814,neg_mean_squared_error
reg,GDBreg,"GradientBoostingRegressor(alpha=0.9, criterion='friedman_mse', init=None,
             learning_rate=0.031622776601683791, loss='ls', max_depth=10,
             max_features='log2', max_leaf_nodes=None,
             min_impurity_split=1e-07, min_samples_leaf=1,
             min_samples_split=2, min_weight_fraction_leaf=0.0,
             n_estimators=100, presort='auto', random_state=None,
             subsample=1.0, verbose=0, warm_start=False)","{'learning_rate': 0.031622776601683791, 'max_depth': 10, 'max_features': 'log2', 'n_estimators': 100}",0 days 00:00:04.511228000,0.05984067916870117,-0.4429903903561642,-0.002269439753642319,neg_mean_squared_error
cls,SVM,"SVC(C=100.0, cache_size=200, class_weight=None, coef0=0.0,
  decision_function_shape=None, degree=3, gamma=0.1, kernel='poly',
  max_iter=-1, probability=False, random_state=None, shrinking=True,
  tol=0.001, verbose=False)","{'C': 100.0, 'degree': 3, 'gamma': 0.1, 'kernel': 'poly'}",0 days 00:00:02.530902000,0.007004499435424805,0.4860330380343774,0.9461448225172479,f1_weighted
cls,GDBcls,"GradientBoostingClassifier(criterion='friedman_mse', init=None,
              learning_rate=0.031622776601683791, loss='deviance',
              max_depth=10, max_features='sqrt', max_leaf_nodes=None,
              min_impurity_split=1e-07, min_samples_leaf=1,
              min_samples_split=2, min_weight_fraction_leaf=0.0,
              n_estimators=100, presort='auto', random_state=None,
              subsample=1.0, verbose=0, warm_start=False)","{'learning_rate': 0.031622776601683791, 'max_depth': 10, 'max_features': 'sqrt', 'n_estimators': 100}",0 days 00:00:26.546695000,1.5470963954925536,0.5305197755892896,1.0,f1_weighted
