kind,model_name,best_model,best_params,grid_cv_time,mean_fit_time,mean_test,mean_train,score
cls,RFcls,"RandomForestClassifier(bootstrap=True, class_weight=None, criterion='gini',
            max_depth=None, max_features=0.1, max_leaf_nodes=None,
            min_impurity_split=1e-07, min_samples_leaf=1,
            min_samples_split=2, min_weight_fraction_leaf=0.0,
            n_estimators=256, n_jobs=1, oob_score=False, random_state=None,
            verbose=0, warm_start=False)","{'max_features': 0.1, 'n_estimators': 256}",0 days 00:10:11.072292000,8.129429245,0.700385432004,1.0,f1_weighted
cls,BAGcls,"BaggingClassifier(base_estimator=None, bootstrap=True,
         bootstrap_features=False, max_features=0.4, max_samples=1.0,
         n_estimators=500, n_jobs=1, oob_score=False, random_state=None,
         verbose=0, warm_start=False)","{'max_features': 0.4, 'n_estimators': 500}",0 days 00:12:12.092501000,45.145589447,0.69868434007,1.0,f1_weighted
cls,GDBcls,"GradientBoostingClassifier(criterion='friedman_mse', init=None,
              learning_rate=0.031622776601683791, loss='deviance',
              max_depth=50, max_features=0.1, max_leaf_nodes=None,
              min_impurity_split=1e-07, min_samples_leaf=1,
              min_samples_split=2, min_weight_fraction_leaf=0.0,
              n_estimators=100, presort='auto', random_state=None,
              subsample=1.0, verbose=0, warm_start=False)","{'max_features': 0.1, 'n_estimators': 100, 'learning_rate': 0.031622776601683791, 'max_depth': 50}",0 days 01:20:55.858048000,106.47371254,0.709449994043,1.0,f1_weighted
