,best_params,feature_selection,ftr_combo_name,grid_cv_time,kind,mean_fit_time,mean_test,mean_train,model_name,score
0,"{'C': 100.0, 'gamma': 0.1, 'kernel': 'rbf'}",None,RoadNet,0 days 00:00:01.591958000,SVM,0.01808156967163086,0.6639790742342078,0.816390222772639,SVM,f1_weighted
1,"{'max_features': 'log2', 'min_samples_leaf': 1, 'n_estimators': 100, 'random_state': 0}",None,RoadNet,0 days 00:00:08.606395000,cls,0.21480560302734375,0.6997988105956452,1.0,RFcls,f1_weighted
2,"{'learning_rate': 0.031622776601683791, 'max_depth': 10, 'max_features': 'log2', 'n_estimators': 100, 'random_state': 0}",None,RoadNet,0 days 00:00:43.478617000,cls,2.8943487644195556,0.70835151579209,1.0,GDBcls,f1_weighted
3,"{'C': 100.0, 'gamma': 0.1, 'kernel': 'rbf'}",rfecv_linsvc,RoadNet,0 days 00:00:01.471125000,SVM,0.017005252838134765,0.6807761923605301,0.7971252487400633,SVM,f1_weighted
4,"{'max_features': 'sqrt', 'min_samples_leaf': 1, 'n_estimators': 500, 'random_state': 0}",rfecv_linsvc,RoadNet,0 days 00:00:10.644775000,cls,1.3865040302276612,0.7040713625082683,1.0,RFcls,f1_weighted
5,"{'learning_rate': 0.031622776601683791, 'max_depth': 50, 'max_features': 'sqrt', 'n_estimators': 50, 'random_state': 0}",rfecv_linsvc,RoadNet,0 days 00:00:49.324287000,cls,0.9638807773590088,0.6923713610514348,1.0,GDBcls,f1_weighted
6,"{'C': 100.0, 'gamma': 0.1, 'kernel': 'rbf'}",mrmr,RoadNet,0 days 00:00:01.677465000,SVM,0.017726802825927736,0.6639790742342078,0.816390222772639,SVM,f1_weighted
7,"{'max_features': 'log2', 'min_samples_leaf': 1, 'n_estimators': 100, 'random_state': 0}",mrmr,RoadNet,0 days 00:00:08.003953000,cls,0.21861038208007813,0.6997988105956452,1.0,RFcls,f1_weighted
8,"{'learning_rate': 0.031622776601683791, 'max_depth': 10, 'max_features': 'log2', 'n_estimators': 100, 'random_state': 0}",mrmr,RoadNet,0 days 00:00:49.705367000,cls,3.66854043006897,0.70835151579209,1.0,GDBcls,f1_weighted
9,"{'C': 100.0, 'degree': 3, 'gamma': 0.1, 'kernel': 'poly'}",None,Segment_NO_TOTAL_~2014,0 days 00:00:03.023078000,SVM,0.02999434471130371,0.672257551109806,0.95638084152136,SVM,f1_weighted
10,"{'max_features': 'log2', 'min_samples_leaf': 1, 'n_estimators': 500, 'random_state': 0}",None,Segment_NO_TOTAL_~2014,0 days 00:00:08.668858000,cls,0.9437418937683105,0.7034343242322004,1.0,RFcls,f1_weighted
11,"{'learning_rate': 0.031622776601683791, 'max_depth': 50, 'max_features': 'log2', 'n_estimators': 100, 'random_state': 0}",None,Segment_NO_TOTAL_~2014,0 days 00:00:45.041754000,cls,1.7565117835998536,0.7216841597717142,1.0,GDBcls,f1_weighted
12,"{'C': 100.0, 'degree': 3, 'gamma': 0.1, 'kernel': 'poly'}",rfecv_linsvc,Segment_NO_TOTAL_~2014,0 days 00:00:02.382900000,SVM,0.01753554344177246,0.6856006248729156,0.9322725568180708,SVM,f1_weighted
13,"{'max_features': 'sqrt', 'min_samples_leaf': 2, 'n_estimators': 500, 'random_state': 0}",rfecv_linsvc,Segment_NO_TOTAL_~2014,0 days 00:00:10.662584000,cls,1.5341923236846924,0.7101504769413042,0.9970136228100772,RFcls,f1_weighted
14,"{'learning_rate': 0.031622776601683791, 'max_depth': 10, 'max_features': 'log2', 'n_estimators': 50, 'random_state': 0}",rfecv_linsvc,Segment_NO_TOTAL_~2014,0 days 00:00:46.851709000,cls,1.5956844329833983,0.7288115753127368,1.0,GDBcls,f1_weighted
15,"{'C': 100.0, 'degree': 3, 'gamma': 0.1, 'kernel': 'poly'}",mrmr,Segment_NO_TOTAL_~2014,0 days 00:00:03.116284000,SVM,0.028227853775024413,0.672257551109806,0.95638084152136,SVM,f1_weighted
16,"{'max_features': 'log2', 'min_samples_leaf': 2, 'n_estimators': 500, 'random_state': 0}",mrmr,Segment_NO_TOTAL_~2014,0 days 00:00:10.420523000,cls,1.1357343673706055,0.7052586183264433,0.9975136228100772,RFcls,f1_weighted
17,"{'learning_rate': 0.031622776601683791, 'max_depth': 10, 'max_features': 'sqrt', 'n_estimators': 50, 'random_state': 0}",mrmr,Segment_NO_TOTAL_~2014,0 days 00:00:46.898424000,cls,1.596616840362549,0.7238852493625438,1.0,GDBcls,f1_weighted
18,"{'C': 100.0, 'gamma': 0.1, 'kernel': 'rbf'}",None,Segment_TOTAL_~2014,0 days 00:00:01.074493000,SVM,0.020291566848754883,0.47629567046280813,0.5364211318392446,SVM,f1_weighted
19,"{'max_features': 'log2', 'min_samples_leaf': 2, 'n_estimators': 500, 'random_state': 0}",None,Segment_TOTAL_~2014,0 days 00:00:10.036330000,cls,0.9666491031646729,0.6503229769240687,0.9940071566355284,RFcls,f1_weighted
20,"{'learning_rate': 0.031622776601683791, 'max_depth': 10, 'max_features': 'sqrt', 'n_estimators': 50, 'random_state': 0}",None,Segment_TOTAL_~2014,0 days 00:00:42.231456000,cls,1.645976686477661,0.648631595380014,1.0,GDBcls,f1_weighted
21,"{'C': 100.0, 'gamma': 0.1, 'kernel': 'rbf'}",rfecv_linsvc,Segment_TOTAL_~2014,0 days 00:00:01.084645000,SVM,0.020311689376831053,0.47629567046280813,0.5364211318392446,SVM,f1_weighted
22,"{'max_features': 'log2', 'min_samples_leaf': 2, 'n_estimators': 500, 'random_state': 0}",rfecv_linsvc,Segment_TOTAL_~2014,0 days 00:00:08.124298000,cls,0.8703083515167236,0.6503229769240687,0.9940071566355284,RFcls,f1_weighted
23,"{'learning_rate': 0.031622776601683791, 'max_depth': 10, 'max_features': 'sqrt', 'n_estimators': 50, 'random_state': 0}",rfecv_linsvc,Segment_TOTAL_~2014,0 days 00:00:42.120044000,cls,1.6527069091796875,0.648631595380014,1.0,GDBcls,f1_weighted
24,"{'C': 100.0, 'gamma': 0.1, 'kernel': 'rbf'}",mrmr,Segment_TOTAL_~2014,0 days 00:00:00.968925000,SVM,0.020825004577636717,0.4703259758055607,0.5195437143100284,SVM,f1_weighted
25,"{'max_features': 'sqrt', 'min_samples_leaf': 1, 'n_estimators': 500, 'random_state': 0}",mrmr,Segment_TOTAL_~2014,0 days 00:00:08.381320000,cls,0.8439148902893067,0.6215440370684033,1.0,RFcls,f1_weighted
26,"{'learning_rate': 0.031622776601683791, 'max_depth': 10, 'max_features': 'sqrt', 'n_estimators': 100, 'random_state': 0}",mrmr,Segment_TOTAL_~2014,0 days 00:00:43.848388000,cls,3.099281740188599,0.6197066366061579,1.0,GDBcls,f1_weighted
27,"{'C': 100.0, 'degree': 3, 'gamma': 0.1, 'kernel': 'poly'}",None,RoadNet+Segment_NO_TOTAL_~2014,0 days 00:00:03.690239000,SVM,0.0384009838104248,0.6957358516195155,1.0,SVM,f1_weighted
28,"{'max_features': 'sqrt', 'min_samples_leaf': 1, 'n_estimators': 500, 'random_state': 0}",None,RoadNet+Segment_NO_TOTAL_~2014,0 days 00:00:09.858527000,cls,1.4659058570861816,0.7346226303900781,1.0,RFcls,f1_weighted
29,"{'learning_rate': 0.031622776601683791, 'max_depth': 50, 'max_features': 'sqrt', 'n_estimators': 100, 'random_state': 0}",None,RoadNet+Segment_NO_TOTAL_~2014,0 days 00:00:40.779412000,cls,1.4935237407684325,0.7386817130624697,1.0,GDBcls,f1_weighted
30,"{'C': 100.0, 'gamma': 0.1, 'kernel': 'rbf'}",rfecv_linsvc,RoadNet+Segment_NO_TOTAL_~2014,0 days 00:00:01.676705000,SVM,0.017883872985839842,0.7185535883734142,0.9752771549328132,SVM,f1_weighted
31,"{'max_features': 'log2', 'min_samples_leaf': 1, 'n_estimators': 500, 'random_state': 0}",rfecv_linsvc,RoadNet+Segment_NO_TOTAL_~2014,0 days 00:00:10.037628000,cls,1.4309884071350099,0.7282235188382513,1.0,RFcls,f1_weighted
32,"{'learning_rate': 0.031622776601683791, 'max_depth': 50, 'max_features': 'log2', 'n_estimators': 100, 'random_state': 0}",rfecv_linsvc,RoadNet+Segment_NO_TOTAL_~2014,0 days 00:00:46.972613000,cls,1.5708220958709718,0.7196170191439967,1.0,GDBcls,f1_weighted
33,"{'C': 100.0, 'degree': 3, 'gamma': 0.1, 'kernel': 'poly'}",mrmr,RoadNet+Segment_NO_TOTAL_~2014,0 days 00:00:03.734020000,SVM,0.03534994125366211,0.6957358516195155,1.0,SVM,f1_weighted
34,"{'max_features': 'sqrt', 'min_samples_leaf': 1, 'n_estimators': 500, 'random_state': 0}",mrmr,RoadNet+Segment_NO_TOTAL_~2014,0 days 00:00:12.965993000,cls,1.7455738067626954,0.7346226303900781,1.0,RFcls,f1_weighted
35,"{'learning_rate': 0.031622776601683791, 'max_depth': 50, 'max_features': 'sqrt', 'n_estimators': 100, 'random_state': 0}",mrmr,RoadNet+Segment_NO_TOTAL_~2014,0 days 00:00:45.519541000,cls,1.4976301193237305,0.7386817130624697,1.0,GDBcls,f1_weighted
36,"{'C': 100.0, 'degree': 3, 'gamma': 0.1, 'kernel': 'poly'}",None,RoadNet+Segment_TOTAL_~2014,0 days 00:00:01.784625000,SVM,0.020002460479736327,0.6600420383420834,0.895573577486279,SVM,f1_weighted
37,"{'max_features': 'log2', 'min_samples_leaf': 1, 'n_estimators': 100, 'random_state': 0}",None,RoadNet+Segment_TOTAL_~2014,0 days 00:00:10.021844000,cls,0.29918532371520995,0.7246916665169899,1.0,RFcls,f1_weighted
38,"{'learning_rate': 0.031622776601683791, 'max_depth': 50, 'max_features': 'log2', 'n_estimators': 100, 'random_state': 0}",None,RoadNet+Segment_TOTAL_~2014,0 days 00:00:40.050535000,cls,1.468070888519287,0.7432630411449241,1.0,GDBcls,f1_weighted
39,"{'C': 100.0, 'gamma': 0.1, 'kernel': 'rbf'}",rfecv_linsvc,RoadNet+Segment_TOTAL_~2014,0 days 00:00:01.173773000,SVM,0.0169827938079834,0.6383195102024037,0.691283244197935,SVM,f1_weighted
40,"{'max_features': 'sqrt', 'min_samples_leaf': 1, 'n_estimators': 500, 'random_state': 0}",rfecv_linsvc,RoadNet+Segment_TOTAL_~2014,0 days 00:00:09.925691000,cls,1.3482170104980469,0.7198354854025809,1.0,RFcls,f1_weighted
41,"{'learning_rate': 0.031622776601683791, 'max_depth': 50, 'max_features': 'sqrt', 'n_estimators': 10, 'random_state': 0}",rfecv_linsvc,RoadNet+Segment_TOTAL_~2014,0 days 00:00:43.728361000,cls,0.14301629066467286,0.7172020679246196,1.0,GDBcls,f1_weighted
42,"{'C': 100.0, 'degree': 3, 'gamma': 0.1, 'kernel': 'poly'}",mrmr,RoadNet+Segment_TOTAL_~2014,0 days 00:00:01.775618000,SVM,0.019829702377319337,0.6600420383420834,0.895573577486279,SVM,f1_weighted
43,"{'max_features': 'log2', 'min_samples_leaf': 1, 'n_estimators': 100, 'random_state': 0}",mrmr,RoadNet+Segment_TOTAL_~2014,0 days 00:00:10.023815000,cls,0.297595739364624,0.7246916665169899,1.0,RFcls,f1_weighted
44,"{'learning_rate': 0.031622776601683791, 'max_depth': 50, 'max_features': 'log2', 'n_estimators': 100, 'random_state': 0}",mrmr,RoadNet+Segment_TOTAL_~2014,0 days 00:00:38.125144000,cls,1.4685174942016601,0.7432630411449241,1.0,GDBcls,f1_weighted
