kind,model_name,best_model,best_params,grid_cv_time,mean_fit_time,mean_test,mean_train,score
reg,ols,"LinearRegression(copy_X=True, fit_intercept=True, n_jobs=1, normalize=False)",{},0 days 00:00:02.279608000,0.017410850524902342,-2.051113422088299e+22,-0.041219555128916716,neg_mean_squared_error
reg,lasso,"Lasso(alpha=1.0, copy_X=True, fit_intercept=True, max_iter=1000,
   normalize=False, positive=False, precompute=False, random_state=None,
   selection='cyclic', tol=0.0001, warm_start=False)",{'alpha': 1.0},0 days 00:00:02.247587000,0.002401256561279297,-0.6731885882035575,-0.6698311968162751,neg_mean_squared_error
reg,ridge,"Ridge(alpha=12.915496650148841, copy_X=True, fit_intercept=True,
   max_iter=None, normalize=False, random_state=None, solver='auto',
   tol=0.001)",{'alpha': 12.915496650148841},0 days 00:00:02.442045000,0.009606647491455077,-0.46848712123361436,-0.303130850442452,neg_mean_squared_error
reg,DTreg,"DecisionTreeRegressor(criterion='mse', max_depth=3, max_features=0.1,
           max_leaf_nodes=None, min_impurity_split=1e-07,
           min_samples_leaf=1, min_samples_split=2,
           min_weight_fraction_leaf=0.0, presort=False, random_state=None,
           splitter='best')","{'max_depth': 3, 'max_features': 0.1}",0 days 00:00:02.524782000,0.0014010429382324218,-0.6630765324724134,-0.46082920758989243,neg_mean_squared_error
reg,linearSVR,"LinearSVR(C=0.10000000000000001, dual=True, epsilon=0, fit_intercept=True,
     intercept_scaling=1.0, loss='epsilon_insensitive', max_iter=1000,
     random_state=None, tol=0.0001, verbose=0)","{'C': 0.10000000000000001, 'epsilon': 0, 'loss': 'epsilon_insensitive'}",0 days 00:00:03.625560000,0.006404352188110351,-0.5375335714076903,-0.34093397385662005,neg_mean_squared_error
cls,logistics,"LogisticRegression(C=1.0, class_weight=None, dual=False, fit_intercept=True,
          intercept_scaling=1, max_iter=100, multi_class='ovr', n_jobs=1,
          penalty='l2', random_state=None, solver='liblinear', tol=0.0001,
          verbose=0, warm_start=False)","{'C': 1.0, 'penalty': 'l2'}",0 days 00:00:02.843004000,0.0172116756439209,0.492105040852696,0.867184593301993,f1_weighted
cls,DTcls,"DecisionTreeClassifier(class_weight=None, criterion='gini', max_depth=50,
            max_features=0.3, max_leaf_nodes=None,
            min_impurity_split=1e-07, min_samples_leaf=1,
            min_samples_split=2, min_weight_fraction_leaf=0.0,
            presort=False, random_state=None, splitter='best')","{'criterion': 'gini', 'max_depth': 50, 'max_features': 0.3}",0 days 00:00:02.737882000,0.004002809524536133,0.47328725060743326,1.0,f1_weighted
cls,linearSVM,"LinearSVC(C=0.10000000000000001, class_weight=None, dual=True,
     fit_intercept=True, intercept_scaling=1, loss='squared_hinge',
     max_iter=1000, multi_class='ovr', penalty='l2', random_state=None,
     tol=0.0001, verbose=0)","{'C': 0.10000000000000001, 'loss': 'squared_hinge'}",0 days 00:00:02.610843000,0.022814846038818358,0.4937588221673114,0.8800697916560394,f1_weighted
reg,ADAreg,"AdaBoostRegressor(base_estimator=None, learning_rate=0.56234132519034907,
         loss='linear', n_estimators=500, random_state=None)","{'learning_rate': 0.56234132519034907, 'n_estimators': 500}",0 days 00:00:24.415156000,1.765244722366333,-0.4911832719723511,-0.15643232454072362,neg_mean_squared_error
reg,RFreg,"RandomForestRegressor(bootstrap=True, criterion='mse', max_depth=None,
           max_features='sqrt', max_leaf_nodes=None,
           min_impurity_split=1e-07, min_samples_leaf=1,
           min_samples_split=2, min_weight_fraction_leaf=0.0,
           n_estimators=500, n_jobs=1, oob_score=False, random_state=None,
           verbose=0, warm_start=False)","{'max_features': 'sqrt', 'min_samples_leaf': 1, 'n_estimators': 500}",0 days 00:00:08.057568000,0.8616079807281494,-0.48965263623970623,-0.06624482144194724,neg_mean_squared_error
reg,MLPreg,"MLPRegressor(activation='relu', alpha=0.0001, batch_size='auto', beta_1=0.9,
       beta_2=0.999, early_stopping=False, epsilon=1e-08,
       hidden_layer_sizes=(5, 2), learning_rate='constant',
       learning_rate_init=0.001, max_iter=10000, momentum=0.9,
       nesterovs_momentum=True, power_t=0.5, random_state=None,
       shuffle=True, solver='adam', tol=0.0001, validation_fraction=0.1,
       verbose=False, warm_start=False)","{'hidden_layer_sizes': (5, 2), 'learning_rate': 'constant', 'max_iter': 10000}",0 days 00:00:17.339616000,1.5915235519409179,-0.9009374486250978,-0.8912996066487127,neg_mean_squared_error
cls,ADAcls,"AdaBoostClassifier(algorithm='SAMME.R', base_estimator=None,
          learning_rate=0.0001, n_estimators=256, random_state=None)","{'learning_rate': 0.0001, 'n_estimators': 256}",0 days 00:00:19.020499000,0.6680717468261719,0.3925389434666171,0.42841487641999104,f1_weighted
cls,RFcls,"RandomForestClassifier(bootstrap=True, class_weight=None, criterion='gini',
            max_depth=None, max_features='log2', max_leaf_nodes=None,
            min_impurity_split=1e-07, min_samples_leaf=2,
            min_samples_split=2, min_weight_fraction_leaf=0.0,
            n_estimators=500, n_jobs=1, oob_score=False, random_state=None,
            verbose=0, warm_start=False)","{'max_features': 'log2', 'min_samples_leaf': 2, 'n_estimators': 500}",0 days 00:00:08.769205000,0.6898862838745117,0.4484472228622019,0.9934916224503855,f1_weighted
cls,MLPcls,"MLPClassifier(activation='relu', alpha=0.0001, batch_size='auto', beta_1=0.9,
       beta_2=0.999, early_stopping=False, epsilon=1e-08,
       hidden_layer_sizes=(100,), learning_rate='adaptive',
       learning_rate_init=0.001, max_iter=10000, momentum=0.9,
       nesterovs_momentum=True, power_t=0.5, random_state=None,
       shuffle=True, solver='adam', tol=0.0001, validation_fraction=0.1,
       verbose=False, warm_start=False)","{'hidden_layer_sizes': (100,), 'learning_rate': 'adaptive', 'max_iter': 10000}",0 days 00:00:14.076962000,0.6306453704833984,0.3847693969587669,0.6717850030143828,f1_weighted
reg,BAGreg,"BaggingRegressor(base_estimator=None, bootstrap=True,
         bootstrap_features=False, max_features=1.0, max_samples=1.0,
         n_estimators=256, n_jobs=1, oob_score=False, random_state=None,
         verbose=0, warm_start=False)","{'max_features': 1.0, 'n_estimators': 256}",0 days 00:00:26.545561000,1.896741008758545,-0.48607333851836004,-0.06544068700198266,neg_mean_squared_error
cls,BAGcls,"BaggingClassifier(base_estimator=None, bootstrap=True,
         bootstrap_features=False, max_features=0.7, max_samples=1.0,
         n_estimators=50, n_jobs=1, oob_score=False, random_state=None,
         verbose=0, warm_start=False)","{'max_features': 0.7, 'n_estimators': 50}",0 days 00:00:24.459698000,0.2763992786407471,0.4939597581085214,1.0,f1_weighted
reg,SVR,"SVR(C=100.0, cache_size=200, coef0=0.0, degree=3, epsilon=0.1, gamma=0.1,
  kernel='rbf', max_iter=-1, shrinking=True, tol=0.001, verbose=False)","{'C': 100.0, 'gamma': 0.1, 'kernel': 'rbf'}",0 days 00:00:02.945078000,0.011807775497436524,-0.46700412861658736,-0.009084518193358145,neg_mean_squared_error
reg,GDBreg,"GradientBoostingRegressor(alpha=0.9, criterion='friedman_mse', init=None,
             learning_rate=0.031622776601683791, loss='ls', max_depth=50,
             max_features='sqrt', max_leaf_nodes=None,
             min_impurity_split=1e-07, min_samples_leaf=1,
             min_samples_split=2, min_weight_fraction_leaf=0.0,
             n_estimators=100, presort='auto', random_state=None,
             subsample=1.0, verbose=0, warm_start=False)","{'learning_rate': 0.031622776601683791, 'max_depth': 50, 'max_features': 'sqrt', 'n_estimators': 100}",0 days 00:00:05.061146000,0.10707526206970215,-0.480053993961948,-0.0010836241064095802,neg_mean_squared_error
cls,SVM,"SVC(C=100.0, cache_size=200, class_weight=None, coef0=0.0,
  decision_function_shape=None, degree=3, gamma=0.1, kernel='rbf',
  max_iter=-1, probability=False, random_state=None, shrinking=True,
  tol=0.001, verbose=False)","{'C': 100.0, 'gamma': 0.1, 'kernel': 'rbf'}",0 days 00:00:03.056288000,0.021015071868896486,0.4921988685281351,1.0,f1_weighted
cls,GDBcls,"GradientBoostingClassifier(criterion='friedman_mse', init=None,
              learning_rate=0.031622776601683791, loss='deviance',
              max_depth=50, max_features='sqrt', max_leaf_nodes=None,
              min_impurity_split=1e-07, min_samples_leaf=1,
              min_samples_split=2, min_weight_fraction_leaf=0.0,
              n_estimators=50, presort='auto', random_state=None,
              subsample=1.0, verbose=0, warm_start=False)","{'learning_rate': 0.031622776601683791, 'max_depth': 50, 'max_features': 'sqrt', 'n_estimators': 50}",0 days 00:00:26.849066000,0.6634680271148682,0.494486458471896,1.0,f1_weighted
