,best_params,feature_selection,ftr_combo_name,grid_cv_time,kind,mean_fit_time,mean_test,mean_train,model_name,score
0,"{'C': 100.0, 'degree': 3, 'gamma': 0.1, 'kernel': 'poly'}",None,RoadNet,0 days 00:00:03.202851000,SVM,0.034252595901489255,0.6889733275557167,0.8638503180721301,SVM,f1_weighted
1,"{'max_features': 'log2', 'min_samples_leaf': 1, 'n_estimators': 100, 'random_state': 0}",None,RoadNet,0 days 00:00:10.028729000,cls,0.1797618865966797,0.7796913066693981,1.0,RFcls,f1_weighted
2,"{'learning_rate': 0.031622776601683791, 'max_depth': 50, 'max_features': 'sqrt', 'n_estimators': 50, 'random_state': 0}",None,RoadNet,0 days 00:00:49.962076000,cls,0.9950154304504395,0.7943038536395772,1.0,GDBcls,f1_weighted
3,"{'C': 100.0, 'gamma': 0.1, 'kernel': 'rbf'}",rfecv_linsvc,RoadNet,0 days 00:00:02.280957000,SVM,0.02253613471984863,0.6913969599134201,0.8286433459694666,SVM,f1_weighted
4,"{'max_features': 'log2', 'min_samples_leaf': 1, 'n_estimators': 500, 'random_state': 0}",rfecv_linsvc,RoadNet,0 days 00:00:11.839087000,cls,1.0838571548461915,0.7680170429824609,1.0,RFcls,f1_weighted
5,"{'learning_rate': 0.031622776601683791, 'max_depth': 50, 'max_features': 'log2', 'n_estimators': 50, 'random_state': 0}",rfecv_linsvc,RoadNet,0 days 00:00:52.007625000,cls,0.9499674320220948,0.7879671079366891,1.0,GDBcls,f1_weighted
6,"{'C': 100.0, 'degree': 3, 'gamma': 0.1, 'kernel': 'poly'}",mrmr,RoadNet,0 days 00:00:02.801481000,SVM,0.026766872406005858,0.6889733275557167,0.8638503180721301,SVM,f1_weighted
7,"{'max_features': 'log2', 'min_samples_leaf': 1, 'n_estimators': 100, 'random_state': 0}",mrmr,RoadNet,0 days 00:00:11.125223000,cls,0.29492340087890623,0.7796913066693981,1.0,RFcls,f1_weighted
8,"{'learning_rate': 0.031622776601683791, 'max_depth': 50, 'max_features': 'sqrt', 'n_estimators': 50, 'random_state': 0}",mrmr,RoadNet,0 days 00:00:56.229788000,cls,0.9948115348815918,0.7943038536395772,1.0,GDBcls,f1_weighted
9,"{'C': 100.0, 'gamma': 0.1, 'kernel': 'rbf'}",None,Segment_NO_TOTAL_~2014,0 days 00:00:05.156869000,SVM,0.0653160572052002,0.7392709928544227,0.9991918985791903,SVM,f1_weighted
10,"{'max_features': 'sqrt', 'min_samples_leaf': 1, 'n_estimators': 500, 'random_state': 0}",None,Segment_NO_TOTAL_~2014,0 days 00:00:13.766300000,cls,1.9076111793518067,0.7838615110880657,1.0,RFcls,f1_weighted
11,"{'learning_rate': 0.0001, 'max_depth': 10, 'max_features': 'log2', 'n_estimators': 50, 'random_state': 0}",None,Segment_NO_TOTAL_~2014,0 days 00:00:46.148459000,cls,0.7365557193756104,0.7999937932196001,0.9995959492895953,GDBcls,f1_weighted
12,"{'C': 100.0, 'gamma': 0.1, 'kernel': 'sigmoid'}",rfecv_linsvc,Segment_NO_TOTAL_~2014,0 days 00:00:03.300103000,SVM,0.025653076171875,0.7215598514704435,0.8852629079786306,SVM,f1_weighted
13,"{'max_features': 'sqrt', 'min_samples_leaf': 1, 'n_estimators': 500, 'random_state': 0}",rfecv_linsvc,Segment_NO_TOTAL_~2014,0 days 00:00:12.798761000,cls,1.0987003803253175,0.7877891200184938,1.0,RFcls,f1_weighted
14,"{'learning_rate': 0.031622776601683791, 'max_depth': 50, 'max_features': 'sqrt', 'n_estimators': 50, 'random_state': 0}",rfecv_linsvc,Segment_NO_TOTAL_~2014,0 days 00:00:47.824444000,cls,0.9564512729644775,0.8003318802139712,1.0,GDBcls,f1_weighted
15,"{'C': 100.0, 'gamma': 0.1, 'kernel': 'rbf'}",mrmr,Segment_NO_TOTAL_~2014,0 days 00:00:05.948025000,SVM,0.06729512214660645,0.7350709350716398,0.9991918985791903,SVM,f1_weighted
16,"{'max_features': 'log2', 'min_samples_leaf': 1, 'n_estimators': 500, 'random_state': 0}",mrmr,Segment_NO_TOTAL_~2014,0 days 00:00:13.344483000,cls,0.9959919452667236,0.7774244296494841,1.0,RFcls,f1_weighted
17,"{'learning_rate': 0.031622776601683791, 'max_depth': 10, 'max_features': 'sqrt', 'n_estimators': 50, 'random_state': 0}",mrmr,Segment_NO_TOTAL_~2014,0 days 00:00:55.525292000,cls,2.2560035228729247,0.8026947174720299,1.0,GDBcls,f1_weighted
18,"{'C': 100.0, 'gamma': 0.1, 'kernel': 'rbf'}",None,Segment_TOTAL_~2014,0 days 00:00:01.581615000,SVM,0.02855234146118164,0.4605057895477482,0.51603852345322,SVM,f1_weighted
19,"{'max_features': 'sqrt', 'min_samples_leaf': 1, 'n_estimators': 100, 'random_state': 0}",None,Segment_TOTAL_~2014,0 days 00:00:09.904700000,cls,0.2298823356628418,0.6759685776696585,1.0,RFcls,f1_weighted
20,"{'learning_rate': 0.031622776601683791, 'max_depth': 50, 'max_features': 'sqrt', 'n_estimators': 50, 'random_state': 0}",None,Segment_TOTAL_~2014,0 days 00:00:48.764252000,cls,1.0990206718444824,0.6905324230297478,1.0,GDBcls,f1_weighted
21,"{'C': 100.0, 'gamma': 0.1, 'kernel': 'rbf'}",rfecv_linsvc,Segment_TOTAL_~2014,0 days 00:00:01.687966000,SVM,0.03313136100769043,0.43404812478541877,0.47701890900699545,SVM,f1_weighted
22,"{'max_features': 'sqrt', 'min_samples_leaf': 1, 'n_estimators': 100, 'random_state': 0}",rfecv_linsvc,Segment_TOTAL_~2014,0 days 00:00:08.816643000,cls,0.2252364158630371,0.6632778541917291,1.0,RFcls,f1_weighted
23,"{'learning_rate': 0.031622776601683791, 'max_depth': 10, 'max_features': 'sqrt', 'n_estimators': 50, 'random_state': 0}",rfecv_linsvc,Segment_TOTAL_~2014,0 days 00:00:49.094690000,cls,1.843909788131714,0.680081509498362,1.0,GDBcls,f1_weighted
24,"{'C': 100.0, 'gamma': 0.1, 'kernel': 'rbf'}",mrmr,Segment_TOTAL_~2014,0 days 00:00:01.683992000,SVM,0.03364715576171875,0.45644519395298916,0.5070844402829754,SVM,f1_weighted
25,"{'max_features': 'sqrt', 'min_samples_leaf': 1, 'n_estimators': 100, 'random_state': 0}",mrmr,Segment_TOTAL_~2014,0 days 00:00:10.422682000,cls,0.2236191749572754,0.6736372944248041,1.0,RFcls,f1_weighted
26,"{'learning_rate': 0.031622776601683791, 'max_depth': 10, 'max_features': 'sqrt', 'n_estimators': 100, 'random_state': 0}",mrmr,Segment_TOTAL_~2014,0 days 00:00:51.646814000,cls,3.7375568389892577,0.6857324253052176,1.0,GDBcls,f1_weighted
27,"{'C': 100.0, 'gamma': 0.1, 'kernel': 'rbf'}",None,RoadNet+Segment_NO_TOTAL_~2014,0 days 00:00:05.861969000,SVM,0.06028561592102051,0.7641049549307719,1.0,SVM,f1_weighted
28,"{'max_features': 'log2', 'min_samples_leaf': 1, 'n_estimators': 500, 'random_state': 0}",None,RoadNet+Segment_NO_TOTAL_~2014,0 days 00:00:09.353427000,cls,1.0162981510162354,0.801935032656404,1.0,RFcls,f1_weighted
29,"{'learning_rate': 0.0001, 'max_depth': 10, 'max_features': 'log2', 'n_estimators': 50, 'random_state': 0}",None,RoadNet+Segment_NO_TOTAL_~2014,0 days 00:00:53.255479000,cls,0.7152169704437256,0.8159059366867942,1.0,GDBcls,f1_weighted
30,"{'C': 100.0, 'gamma': 0.1, 'kernel': 'rbf'}",rfecv_linsvc,RoadNet+Segment_NO_TOTAL_~2014,0 days 00:00:05.045648000,SVM,0.05025029182434082,0.7734143644712357,1.0,SVM,f1_weighted
31,"{'max_features': 'sqrt', 'min_samples_leaf': 1, 'n_estimators': 500, 'random_state': 0}",rfecv_linsvc,RoadNet+Segment_NO_TOTAL_~2014,0 days 00:00:14.160709000,cls,1.2274773597717286,0.8003063100028316,1.0,RFcls,f1_weighted
32,"{'learning_rate': 0.0001, 'max_depth': 50, 'max_features': 'log2', 'n_estimators': 100, 'random_state': 0}",rfecv_linsvc,RoadNet+Segment_NO_TOTAL_~2014,0 days 00:00:51.279813000,cls,1.9592051029205322,0.8257192622420498,1.0,GDBcls,f1_weighted
33,"{'C': 100.0, 'gamma': 0.1, 'kernel': 'rbf'}",mrmr,RoadNet+Segment_NO_TOTAL_~2014,0 days 00:00:05.749593000,SVM,0.060171318054199216,0.7656674537077766,1.0,SVM,f1_weighted
34,"{'max_features': 'log2', 'min_samples_leaf': 1, 'n_estimators': 500, 'random_state': 0}",mrmr,RoadNet+Segment_NO_TOTAL_~2014,0 days 00:00:10.057267000,cls,1.0141743659973144,0.8053672726235365,1.0,RFcls,f1_weighted
35,"{'learning_rate': 0.031622776601683791, 'max_depth': 50, 'max_features': 'log2', 'n_estimators': 100, 'random_state': 0}",mrmr,RoadNet+Segment_NO_TOTAL_~2014,0 days 00:00:49.852112000,cls,2.2468809604644777,0.8199069981661934,1.0,GDBcls,f1_weighted
36,"{'C': 100.0, 'gamma': 0.1, 'kernel': 'rbf'}",None,RoadNet+Segment_TOTAL_~2014,0 days 00:00:03.299006000,SVM,0.03543100357055664,0.7221660383945872,0.9074228991310008,SVM,f1_weighted
37,"{'max_features': 'log2', 'min_samples_leaf': 1, 'n_estimators': 500, 'random_state': 0}",None,RoadNet+Segment_TOTAL_~2014,0 days 00:00:12.034652000,cls,1.5824933528900147,0.7749041064793983,1.0,RFcls,f1_weighted
38,"{'learning_rate': 0.031622776601683791, 'max_depth': 10, 'max_features': 'sqrt', 'n_estimators': 100, 'random_state': 0}",None,RoadNet+Segment_TOTAL_~2014,0 days 00:00:48.760418000,cls,3.3708142280578612,0.8010516326930742,1.0,GDBcls,f1_weighted
39,"{'C': 100.0, 'gamma': 0.1, 'kernel': 'rbf'}",rfecv_linsvc,RoadNet+Segment_TOTAL_~2014,0 days 00:00:02.375432000,SVM,0.03147387504577637,0.7245445876279668,0.8827530452596475,SVM,f1_weighted
40,"{'max_features': 'log2', 'min_samples_leaf': 1, 'n_estimators': 500, 'random_state': 0}",rfecv_linsvc,RoadNet+Segment_TOTAL_~2014,0 days 00:00:10.957111000,cls,1.5647571086883545,0.7822470552869266,1.0,RFcls,f1_weighted
41,"{'learning_rate': 0.0001, 'max_depth': 50, 'max_features': 'sqrt', 'n_estimators': 100, 'random_state': 0}",rfecv_linsvc,RoadNet+Segment_TOTAL_~2014,0 days 00:00:46.257748000,cls,1.8407420635223388,0.8053496477267122,1.0,GDBcls,f1_weighted
42,"{'C': 100.0, 'gamma': 0.1, 'kernel': 'rbf'}",mrmr,RoadNet+Segment_TOTAL_~2014,0 days 00:00:02.893650000,SVM,0.034344959259033206,0.7221660383945872,0.9074228991310008,SVM,f1_weighted
43,"{'max_features': 'log2', 'min_samples_leaf': 1, 'n_estimators': 500, 'random_state': 0}",mrmr,RoadNet+Segment_TOTAL_~2014,0 days 00:00:11.431361000,cls,0.959964656829834,0.7749041064793983,1.0,RFcls,f1_weighted
44,"{'learning_rate': 0.031622776601683791, 'max_depth': 10, 'max_features': 'sqrt', 'n_estimators': 100, 'random_state': 0}",mrmr,RoadNet+Segment_TOTAL_~2014,0 days 00:00:47.860370000,cls,3.379874897003174,0.8010516326930742,1.0,GDBcls,f1_weighted
