kind,model_name,best_model,best_params,grid_cv_time,mean_fit_time,mean_test,mean_train,score
cls,RFcls,"RandomForestClassifier(bootstrap=True, class_weight=None, criterion='gini',
            max_depth=None, max_features=0.1, max_leaf_nodes=None,
            min_impurity_split=1e-07, min_samples_leaf=1,
            min_samples_split=2, min_weight_fraction_leaf=0.0,
            n_estimators=500, n_jobs=1, oob_score=False, random_state=None,
            verbose=0, warm_start=False)","{'max_features': 0.1, 'n_estimators': 500}",0 days 00:11:01.879648000,14.2606606483,0.695422911994,1.0,f1_weighted
cls,BAGcls,"BaggingClassifier(base_estimator=None, bootstrap=True,
         bootstrap_features=False, max_features=0.7, max_samples=1.0,
         n_estimators=256, n_jobs=1, oob_score=False, random_state=None,
         verbose=0, warm_start=False)","{'max_features': 0.7, 'n_estimators': 256}",0 days 00:13:14.616083000,46.4116034031,0.695724193128,1.0,f1_weighted
cls,GDBcls,"GradientBoostingClassifier(criterion='friedman_mse', init=None,
              learning_rate=0.031622776601683791, loss='deviance',
              max_depth=50, max_features=0.1, max_leaf_nodes=None,
              min_impurity_split=1e-07, min_samples_leaf=1,
              min_samples_split=2, min_weight_fraction_leaf=0.0,
              n_estimators=100, presort='auto', random_state=None,
              subsample=1.0, verbose=0, warm_start=False)","{'max_features': 0.1, 'n_estimators': 100, 'learning_rate': 0.031622776601683791, 'max_depth': 50}",0 days 01:32:17.306596000,113.759373617,0.707800500664,1.0,f1_weighted
