index_seg,bkdc_total,Bus/Bike Lane,Climbing Lane,Contraflow Bike Lane,Cycle Track,Existing Bike Lane,Shared Lane
9413,1,0,0,1,0,0,0
523,1,0,0,0,0,1,0
8708,1,0,0,0,0,1,0
4471,1,0,0,0,0,1,0
6706,1,0,0,0,0,1,0
7792,1,0,0,0,0,1,0
576,1,0,0,0,0,1,0
919,1,0,0,0,0,1,0
12846,1,0,0,0,0,1,0
7283,1,0,0,0,0,1,0
4470,1,0,0,0,0,1,0
7518,1,0,0,0,0,1,0
12843,1,0,0,0,0,1,0
6713,1,0,0,0,0,1,0
11363,1,0,0,0,0,1,0
8232,1,0,1,0,0,0,0
3599,1,0,0,0,0,1,0
8610,1,0,0,0,0,0,1
231,1,0,0,0,0,1,0
4511,1,0,0,0,0,0,1
4665,1,0,0,0,0,1,0
5751,1,0,0,0,1,0,0
771,1,0,0,0,1,0,0
7346,1,0,0,0,0,1,0
4361,1,0,0,0,0,1,0
8957,1,0,0,0,0,1,0
7818,1,0,0,0,0,1,0
5617,1,0,0,0,0,1,0
6331,1,0,0,0,0,1,0
4355,1,0,0,0,0,1,0
4584,1,0,0,0,0,1,0
2755,1,0,0,0,0,1,0
6707,1,0,0,0,0,1,0
2549,1,0,0,0,0,0,1
7321,1,0,0,0,1,0,0
1790,1,0,0,0,0,0,1
2111,2,0,0,0,0,0,2
4477,1,0,0,0,0,1,0
3655,1,0,0,0,0,1,0
5672,1,0,0,0,0,1,0
839,1,0,0,0,0,1,0
4681,1,0,1,0,0,0,0
1562,1,0,0,1,0,0,0
8986,1,0,0,1,0,0,0
11480,1,0,0,0,0,1,0
4577,1,0,0,0,0,1,0
846,1,0,0,0,0,1,0
2498,1,0,0,0,0,0,1
7729,1,0,0,0,0,1,0
3649,1,0,0,0,0,1,0
140,1,0,0,0,0,1,0
1533,1,0,0,0,0,1,0
1774,1,0,0,0,0,1,0
614,1,0,0,0,0,0,1
4476,1,0,0,0,0,1,0
8959,1,0,0,0,0,1,0
4387,1,0,0,0,1,0,0
4426,1,0,0,0,0,0,1
4683,1,0,0,0,0,1,0
7289,1,0,0,0,0,1,0
11130,1,0,0,0,0,1,0
8961,1,0,0,0,0,1,0
923,1,0,0,0,0,1,0
4435,1,0,0,0,0,1,0
12270,1,0,0,0,0,1,0
2981,1,0,0,0,0,1,0
451,1,0,0,0,0,1,0
8703,1,0,0,0,0,1,0
4792,1,0,0,0,0,1,0
8692,1,0,0,0,0,0,1
9493,1,0,1,0,0,0,0
4788,1,0,0,0,0,1,0
8746,1,0,0,0,0,0,1
9804,1,0,0,1,0,0,0
5206,1,0,0,0,1,0,0
4999,1,0,0,0,0,1,0
895,1,0,0,0,1,0,0
809,1,0,0,0,0,1,0
8709,1,0,0,0,0,1,0
4840,1,0,0,0,0,1,0
821,1,0,0,0,0,1,0
1798,1,0,0,0,0,0,1
7785,1,0,0,0,0,1,0
6971,1,0,0,0,0,1,0
3652,1,0,0,0,0,1,0
4863,1,0,1,0,0,0,0
6704,1,0,0,0,0,1,0
3945,1,0,0,0,0,1,0
2903,1,0,0,0,0,0,1
4061,1,0,0,0,0,0,1
851,1,0,0,0,0,1,0
888,1,0,0,0,1,0,0
6709,1,0,0,0,0,1,0
12628,1,0,0,0,0,1,0
8231,1,0,1,0,0,0,0
772,1,0,0,0,1,0,0
6773,1,0,0,0,0,1,0
2932,1,0,0,0,0,1,0
7861,1,0,0,0,0,1,0
838,1,0,0,0,0,1,0
5761,1,0,0,0,1,0,0
618,1,0,0,0,0,0,1
5014,1,0,0,0,0,1,0
10051,1,0,0,0,0,1,0
522,1,0,0,0,0,1,0
8290,1,0,0,0,0,1,0
2934,1,0,0,0,0,1,0
9494,1,0,1,0,0,0,0
628,1,0,0,0,0,1,0
4389,1,0,0,0,1,0,0
6628,1,0,1,0,0,0,0
7018,1,0,0,0,0,1,0
4001,1,0,0,0,0,0,1
12619,1,0,0,0,0,1,0
9989,1,0,0,0,0,1,0
3710,1,0,0,0,0,1,0
6914,1,0,0,0,0,1,0
830,1,0,0,0,0,1,0
4578,1,0,0,0,0,1,0
2550,1,0,0,0,0,0,1
9385,1,0,0,0,0,1,0
2892,1,0,0,0,0,1,0
4998,1,0,0,0,0,1,0
6881,1,0,0,0,0,1,0
12621,1,0,0,0,0,1,0
456,1,0,0,0,0,1,0
8985,1,0,0,1,0,0,0
1803,1,0,0,0,0,0,1
6407,1,0,0,0,0,0,1
455,1,0,0,0,0,1,0
2112,2,0,0,0,0,0,2
6919,1,0,0,0,0,1,0
784,1,0,0,0,0,1,0
10101,1,0,0,0,0,1,0
4424,1,0,0,0,0,1,0
1804,1,0,0,0,0,0,1
4506,1,0,0,0,0,0,1
453,1,0,0,0,0,1,0
7019,1,0,0,0,0,1,0
4842,1,0,0,0,0,1,0
4063,1,0,0,0,0,0,1
8230,1,0,1,0,0,0,0
8690,1,0,1,0,0,0,0
7319,1,0,0,0,1,0,0
1727,1,0,0,0,0,0,1
7651,1,0,0,0,0,1,0
6941,1,0,0,0,0,1,0
4510,1,0,0,0,0,0,1
7800,1,0,0,0,0,1,0
8710,1,0,0,0,0,1,0
8106,1,0,0,0,0,0,1
12631,1,0,0,0,0,1,0
5546,1,0,0,0,0,0,1
2511,1,0,0,0,1,0,0
1424,1,0,0,0,0,1,0
5204,1,0,0,0,1,0,0
5107,1,0,0,0,0,0,1
5757,1,0,0,0,1,0,0
269,1,0,0,0,0,1,0
777,1,0,0,0,1,0,0
6719,1,0,0,0,0,1,0
1112,1,0,0,0,0,0,1
5106,1,0,0,0,0,0,1
7683,1,0,0,0,0,1,0
4490,1,0,0,0,0,1,0
857,1,0,0,0,0,1,0
11475,1,0,0,0,0,1,0
7521,1,0,0,0,0,1,0
790,1,0,0,0,0,1,0
383,1,1,0,0,0,0,0
822,1,0,0,0,0,1,0
3608,1,0,0,0,0,1,0
814,1,0,0,0,0,1,0
6758,1,0,0,0,0,1,0
2982,1,0,0,0,0,1,0
990,1,0,0,0,0,1,0
2678,1,0,0,0,0,1,0
519,1,0,0,0,0,1,0
7829,1,0,0,0,0,1,0
6878,1,0,0,0,0,1,0
12622,1,0,0,0,0,1,0
7739,1,0,0,0,0,0,1
8992,1,0,0,1,0,0,0
572,1,0,0,0,0,1,0
4720,1,0,0,0,0,1,0
12845,1,0,0,0,0,1,0
4386,1,0,0,0,1,0,0
11517,1,0,0,0,0,1,0
8990,1,0,0,1,0,0,0
6753,1,0,0,0,0,0,1
524,1,0,0,0,0,1,0
4473,1,0,0,0,0,1,0
4432,1,0,0,0,0,1,0
3381,1,0,0,0,0,1,0
1468,1,0,0,0,0,1,0
5491,1,0,0,0,0,0,1
657,1,0,0,0,0,1,0
10152,1,0,0,0,0,1,0
10303,1,0,0,0,0,1,0
578,1,0,0,0,0,1,0
2504,1,0,0,0,1,0,0
7834,1,0,0,0,0,1,0
7345,1,0,0,0,0,1,0
4434,1,0,0,0,0,1,0
2019,1,0,0,0,0,1,0
4736,1,0,0,0,0,0,1
9842,1,0,0,0,0,0,1
1785,1,0,0,0,0,0,1
9861,1,0,0,1,0,0,0
7288,1,0,0,0,0,1,0
5489,1,0,0,0,0,0,1
526,1,0,0,0,0,1,0
9711,1,0,0,0,0,1,0
4488,1,0,0,0,0,1,0
4779,1,0,0,0,0,1,0
8912,1,0,0,0,0,1,0
1428,1,0,0,0,0,1,0
988,1,0,0,0,0,1,0
7479,1,0,0,0,0,0,1
12627,1,0,0,0,0,1,0
2933,1,0,0,0,0,1,0
7322,1,0,0,0,1,0,0
9750,2,0,0,0,1,0,1
5012,1,0,0,0,0,1,0
7205,1,0,0,0,0,0,1
12630,1,0,0,0,0,1,0
160,1,0,0,0,0,1,0
9860,1,0,0,1,0,0,0
617,1,0,0,0,0,0,1
3602,1,0,0,0,0,1,0
8765,1,0,0,0,0,1,0
11522,1,0,0,0,0,1,0
5705,1,0,0,1,0,0,0
9789,1,0,0,0,0,0,1
2080,1,1,0,0,0,0,0
4431,1,0,0,0,0,1,0
4579,1,0,0,0,0,1,0
7650,1,0,0,0,0,1,0
1611,1,0,0,0,0,0,1
833,1,0,0,0,0,1,0
2929,1,0,0,0,0,1,0
12623,1,0,0,0,0,1,0
1789,1,0,0,0,0,0,1
9991,1,0,0,0,0,1,0
3661,1,0,0,0,0,1,0
7735,1,0,0,0,0,0,1
664,1,0,0,0,0,1,0
267,1,0,0,0,0,1,0
792,1,0,0,0,0,1,0
774,1,0,0,0,1,0,0
525,1,0,0,0,0,1,0
8687,1,0,0,0,0,0,1
7340,1,0,0,0,0,1,0
7020,1,0,0,0,0,1,0
7854,1,0,0,0,0,1,0
2819,1,0,0,0,0,1,0
4785,1,0,0,0,0,1,0
514,1,0,0,0,0,1,0
4838,1,0,0,0,0,1,0
1801,1,0,0,0,0,0,1
10304,1,0,0,0,0,1,0
2855,1,0,0,0,0,1,0
5760,1,0,0,0,1,0,0
6710,1,0,0,0,0,1,0
6973,1,0,0,0,0,1,0
2496,1,0,0,0,0,0,1
6755,1,0,0,0,0,1,0
10256,1,0,0,0,0,1,0
2753,1,0,0,0,0,1,0
985,1,0,0,0,0,1,0
1957,1,0,0,0,0,1,0
6623,1,0,1,0,0,0,0
515,1,0,0,0,0,1,0
3211,1,0,0,0,0,1,0
601,1,0,0,0,0,1,0
1425,1,0,0,0,0,1,0
12258,1,0,0,0,0,1,0
10037,1,0,0,0,0,0,1
6405,1,0,0,0,0,0,1
7787,1,0,0,0,0,1,0
10693,1,0,0,0,0,0,1
8910,1,0,0,0,0,1,0
6406,1,0,0,0,0,0,1
8764,1,0,0,0,0,1,0
11520,1,0,0,0,0,1,0
1427,1,0,0,0,0,1,0
7860,1,0,0,0,0,1,0
252,1,1,0,0,0,0,0
4996,1,0,0,0,0,1,0
7628,1,0,0,0,0,1,0
7484,1,0,0,0,0,0,1
4707,1,0,0,0,0,1,0
10691,1,0,0,0,0,1,0
6967,1,0,0,0,0,1,0
4483,1,0,0,0,0,1,0
6349,1,0,1,0,0,0,0
10261,1,0,0,0,0,1,0
7480,1,0,0,0,0,0,1
1802,1,0,0,0,0,0,1
6976,1,0,0,0,0,1,0
5108,1,0,0,0,0,0,1
8762,1,0,0,0,0,1,0
887,1,0,0,0,1,0,0
9990,1,0,0,0,0,1,0
11758,1,0,0,0,0,0,1
2988,1,0,0,0,0,1,0
5492,1,0,0,0,0,0,1
2700,1,0,0,0,0,1,0
6916,1,0,0,0,0,1,0
11365,1,0,0,0,0,1,0
9986,1,0,0,0,0,1,0
6711,1,0,0,0,0,1,0
4425,1,0,0,0,0,1,0
11759,1,0,0,0,0,0,1
1690,1,0,0,0,0,0,1
11288,1,0,0,0,0,1,0
3210,1,0,0,0,0,0,1
506,1,0,0,0,0,1,0
604,1,0,0,0,0,1,0
8988,1,0,0,1,0,0,0
5749,1,0,0,0,0,1,0
11764,1,0,0,0,0,0,1
2698,1,0,0,0,0,1,0
1780,1,0,0,0,0,0,1
9791,1,0,0,0,0,0,1
8108,1,0,0,1,0,0,0
251,1,1,0,0,0,0,0
8913,1,0,0,0,0,1,0
7786,1,0,0,0,0,1,0
287,1,0,0,0,0,1,0
5011,1,0,0,0,0,1,0
827,1,0,0,0,0,1,0
4868,1,0,0,0,0,1,0
8465,1,0,0,0,0,1,0
1563,1,0,0,1,0,0,0
669,1,0,0,0,0,1,0
518,1,0,0,0,0,1,0
852,1,0,0,0,0,1,0
6884,1,0,0,0,0,1,0
4737,1,0,0,0,0,0,1
10153,1,0,0,0,0,1,0
8480,1,0,0,0,0,1,0
574,1,0,0,0,0,1,0
12308,1,0,0,0,0,1,0
5667,1,0,0,0,0,1,0
582,1,0,0,0,0,1,0
3212,1,0,0,0,0,1,0
7731,1,0,0,0,0,0,1
7277,1,0,0,0,0,1,0
9282,1,0,0,0,0,1,0
2020,1,0,0,0,0,1,0
5009,1,0,0,0,0,1,0
3607,1,0,0,0,0,1,0
12624,1,0,0,0,0,1,0
4487,1,0,0,0,0,1,0
11361,1,0,0,0,0,1,0
6352,1,0,1,0,0,0,0
270,1,0,0,0,0,1,0
263,1,0,0,0,0,1,0
9414,1,0,0,0,0,1,0
8574,1,0,0,0,0,1,0
7339,1,0,0,0,0,1,0
4708,1,0,0,0,0,1,0
825,1,0,0,0,0,1,0
3957,1,0,0,0,0,1,0
6354,1,0,1,0,0,0,0
1538,1,0,0,0,0,1,0
5226,1,0,0,1,0,0,0
4429,1,0,0,0,0,1,0
659,1,0,0,0,0,1,0
6879,1,0,0,0,0,1,0
829,1,0,0,0,0,1,0
9384,1,0,0,0,0,1,0
12259,1,0,0,0,0,1,0
12263,1,0,0,0,0,1,0
2494,1,0,0,0,0,0,1
4630,1,0,1,0,0,0,0
6882,1,0,0,0,0,1,0
8763,1,0,0,0,0,1,0
9790,1,0,0,0,0,0,1
581,1,0,0,0,0,1,0
9186,1,0,0,0,0,1,0
4793,1,0,0,0,0,1,0
1687,1,0,0,0,0,0,1
598,1,0,0,0,0,1,0
8612,1,0,0,0,0,0,1
4836,1,0,0,0,0,1,0
11128,1,0,0,0,0,1,0
4359,1,0,0,0,0,1,0
3382,1,0,0,0,0,1,0
3699,1,0,0,0,0,1,0
3380,1,0,0,0,0,1,0
6159,1,0,0,0,0,1,0
138,1,0,0,0,0,1,0
1791,1,0,0,0,0,0,1
1537,1,0,0,0,0,1,0
4062,1,0,0,0,0,0,1
6708,1,0,0,0,0,1,0
7855,1,0,0,0,0,1,0
925,1,0,0,0,0,1,0
6974,1,0,0,0,0,1,0
836,1,0,0,0,0,1,0
5236,1,0,0,0,0,1,0
2676,1,0,0,0,0,1,0
4356,1,0,0,0,0,1,0
10127,1,0,0,0,0,0,1
5661,1,0,0,0,0,1,0
1731,1,0,0,0,0,0,1
4682,2,0,2,0,0,0,0
627,1,0,0,0,0,1,0
12739,1,0,0,0,0,1,0
10129,1,0,0,0,0,0,1
137,1,0,0,0,0,1,0
2935,1,0,0,0,0,1,0
4765,1,0,0,0,0,1,0
8761,1,0,0,0,0,1,0
10199,1,0,0,0,0,1,0
6332,1,0,0,0,0,1,0
8291,1,0,0,0,0,1,0
4054,1,0,0,0,0,0,1
2477,1,0,0,0,0,1,0
11410,1,0,0,0,0,1,0
5618,1,0,0,0,0,1,0
1109,1,0,0,0,0,0,1
2936,1,0,0,0,0,1,0
921,1,0,0,0,0,1,0
3796,1,0,0,0,0,1,0
9886,1,0,0,0,0,1,0
4782,1,0,0,0,0,1,0
4786,1,0,0,0,0,1,0
812,1,0,0,0,0,1,0
1117,1,0,0,0,0,0,1
845,1,0,0,0,0,1,0
4058,1,0,0,0,0,0,1
5748,1,0,0,0,1,0,0
3600,1,0,0,0,0,1,0
7828,1,0,0,0,0,1,0
7344,1,0,0,0,0,1,0
1800,1,0,0,0,0,0,1
885,1,0,0,0,1,0,0
7596,1,0,0,0,0,1,0
7788,1,0,0,0,0,1,0
773,1,0,0,0,1,0,0
10259,1,0,0,0,0,1,0
7681,1,0,0,0,0,0,1
7789,1,0,0,0,0,1,0
389,1,1,0,0,0,0,0
734,1,0,0,0,0,1,0
11287,1,0,0,0,0,1,0
454,1,0,0,0,0,1,0
8351,1,0,0,0,0,1,0
450,1,0,0,0,0,1,0
10125,1,0,0,0,0,0,1
4580,1,0,0,0,0,1,0
865,1,0,0,0,0,1,0
8996,1,0,0,1,0,0,0
6918,1,0,0,0,0,1,0
6335,1,0,0,0,0,0,1
3697,1,0,1,0,0,0,0
6345,1,0,0,0,0,0,1
6875,1,0,0,0,0,1,0
8526,1,0,0,0,0,1,0
7728,1,0,0,0,0,1,0
864,1,0,0,0,0,1,0
10258,1,0,0,0,0,0,1
2938,1,0,0,0,0,1,0
623,1,0,0,0,0,1,0
12268,1,0,0,0,0,1,0
5110,1,0,0,0,0,0,1
5490,1,0,0,0,0,0,1
9357,1,0,0,0,0,1,0
1761,1,0,0,0,0,1,0
4631,1,0,1,0,0,0,0
9885,1,0,0,0,0,1,0
645,1,0,0,0,0,0,1
621,1,0,0,0,0,1,0
8993,1,0,0,1,0,0,0
6939,1,0,0,0,0,1,0
612,1,0,0,0,0,0,1
684,1,0,0,0,0,1,0
12265,1,0,0,0,0,1,0
7206,1,0,0,0,0,0,1
6917,1,0,0,0,0,1,0
599,1,0,0,0,0,1,0
7791,1,0,0,0,0,1,0
5233,1,0,0,0,0,1,0
850,1,0,0,0,0,1,0
5662,1,0,0,0,0,1,0
8597,1,0,0,0,0,0,1
9268,1,0,0,0,0,1,0
1565,1,0,0,1,0,0,0
6629,1,0,1,0,0,0,0
824,1,0,0,0,0,1,0
4861,1,0,1,0,0,0,0
3658,1,0,0,0,0,1,0
452,1,0,0,0,0,1,0
6938,1,0,0,0,0,1,0
12091,1,0,1,0,0,0,0
1613,1,0,0,0,0,0,1
9281,1,0,0,0,0,1,0
7736,1,0,0,0,0,0,1
779,1,0,0,0,1,0,0
685,1,0,0,0,0,1,0
577,1,0,0,0,0,1,0
7654,1,0,0,0,0,1,0
10052,1,0,0,0,0,1,0
660,1,0,0,0,0,1,0
11521,1,0,0,0,0,1,0
9230,1,0,0,0,0,1,0
4839,1,0,0,0,0,1,0
6350,1,0,1,0,0,0,0
7733,1,0,0,0,0,0,1
894,1,0,0,0,1,0,0
3651,1,0,0,0,0,1,0
3954,1,0,0,0,0,0,1
3656,1,0,0,0,0,1,0
12089,1,0,1,0,0,0,0
6163,1,0,0,0,0,1,0
9232,1,0,0,0,0,1,0
6630,1,0,1,0,0,0,0
7517,1,0,0,0,0,1,0
828,1,0,0,0,0,1,0
12625,1,0,0,0,0,1,0
6625,1,0,1,0,0,0,0
9187,1,0,0,0,0,1,0
4585,1,0,0,0,0,1,0
1121,1,0,0,0,0,0,1
2312,1,0,0,0,0,1,0
12313,1,0,0,0,0,1,0
605,1,0,0,0,0,1,0
7520,1,0,0,0,0,1,0
626,1,0,0,0,0,1,0
9466,1,0,0,0,0,0,1
8350,1,0,0,0,0,1,0
8705,1,0,0,0,0,1,0
4422,1,0,0,0,0,1,0
8609,1,0,0,0,0,0,1
4480,1,0,0,0,0,1,0
9987,1,0,0,0,0,1,0
4515,1,0,0,0,0,0,1
4778,1,0,0,0,0,1,0
4664,1,0,0,0,0,1,0
8745,1,0,0,0,0,0,1
5015,1,0,0,0,0,1,0
12311,1,0,0,0,0,1,0
8958,1,0,0,0,0,1,0
12269,1,0,0,0,0,1,0
808,1,0,0,0,0,1,0
4766,1,0,0,0,0,1,0
775,1,0,0,0,1,0,0
7284,1,0,0,0,0,1,0
7281,1,0,0,0,0,1,0
4780,1,0,0,0,0,1,0
8599,1,0,0,0,0,0,1
6333,1,0,0,0,0,1,0
7742,1,0,0,0,0,0,1
2901,1,0,0,0,0,1,0
4783,1,0,0,0,0,1,0
1788,1,0,0,0,0,0,1
7738,1,0,0,0,0,0,1
6351,1,0,1,0,0,0,0
7744,1,0,0,0,0,0,1
4481,1,0,0,0,0,1,0
7783,1,0,0,0,0,1,0
8349,1,0,0,0,0,1,0
8688,1,0,1,0,0,0,0
6771,1,0,0,0,0,1,0
12309,1,0,0,0,0,1,0
9415,1,0,0,0,0,1,0
11481,1,0,0,0,0,1,0
11761,1,0,0,0,0,0,1
6756,1,0,0,0,0,1,0
619,1,0,0,0,0,0,1
5762,1,0,0,0,1,0,0
859,1,0,0,0,0,1,0
7655,1,0,0,0,0,1,0
2677,1,0,0,0,0,1,0
2980,1,0,0,0,0,1,0
12272,1,0,0,0,0,1,0
8962,1,0,0,0,0,1,0
787,1,0,0,0,0,1,0
272,1,0,0,0,0,1,0
7799,1,0,0,0,0,1,0
5259,1,0,0,0,0,1,0
7487,1,0,0,0,0,0,1
4588,1,0,0,0,0,1,0
4430,1,0,0,0,0,1,0
289,1,0,0,0,0,1,0
2990,1,0,0,0,0,0,1
7725,1,0,0,0,0,1,0
8751,1,0,0,0,0,0,1
2553,1,0,0,0,0,1,0
7859,1,0,0,0,0,1,0
2506,1,0,0,0,1,0,0
10150,1,0,0,0,0,1,0
583,1,0,0,0,0,1,0
8345,1,0,0,0,0,1,0
381,1,0,0,0,0,1,0
9856,1,0,0,1,0,0,0
6346,1,0,0,0,0,0,1
607,1,0,0,0,0,1,0
2476,1,0,0,0,0,0,1
8689,1,0,0,0,0,1,0
4865,1,0,0,0,0,1,0
6164,1,0,0,0,0,1,0
4719,1,0,0,0,0,1,0
513,1,0,0,0,0,1,0
2902,1,0,1,0,0,0,0
5235,1,0,0,0,0,1,0
12264,1,0,0,0,0,1,0
4581,1,0,0,0,0,1,0
1710,1,0,1,0,0,0,0
11756,1,0,0,0,0,0,1
991,1,0,0,0,0,1,0
625,1,0,0,0,0,1,0
8685,1,0,0,0,0,0,1
6937,1,0,0,0,0,1,0
837,1,0,0,0,0,1,0
855,1,0,0,0,0,1,0
5615,1,0,0,0,0,0,1
886,1,0,0,0,1,0,0
12260,1,0,0,0,0,1,0
7286,1,0,0,0,0,1,0
3650,1,0,0,0,0,1,0
8514,1,0,0,0,0,1,0
3660,1,0,0,0,0,1,0
6716,1,0,0,0,0,1,0
778,1,0,0,0,1,0,0
7853,1,0,0,0,0,1,0
2983,1,0,0,0,0,1,0
2311,1,0,0,0,0,1,0
3606,1,0,0,0,0,1,0
920,1,0,0,0,0,1,0
6229,1,0,0,0,0,1,0
4388,1,0,0,0,1,0,0
4358,1,0,0,0,0,1,0
10690,1,0,0,0,0,1,0
7481,1,0,0,0,0,0,1
4860,1,0,1,0,0,0,0
12312,1,0,0,0,0,1,0
6776,1,0,0,0,0,1,0
12620,1,0,0,0,0,1,0
11483,1,0,0,0,0,1,0
4482,1,0,0,0,0,1,0
386,1,1,0,0,0,0,0
615,1,0,0,0,0,0,1
136,1,0,0,0,0,1,0
3946,1,0,0,0,0,1,0
2502,1,0,0,0,1,0,0
12626,1,0,0,0,0,1,0
5013,1,0,0,0,0,1,0
7858,1,0,0,0,0,1,0
3695,1,0,1,0,0,0,0
1114,1,0,0,0,0,0,1
4794,1,0,0,0,0,1,0
4203,1,0,0,0,0,1,0
8107,1,0,0,0,0,1,0
9233,1,0,0,0,0,1,0
843,1,0,0,0,0,1,0
4266,1,0,0,0,0,0,1
6230,1,0,0,0,0,1,0
819,1,0,0,0,0,1,0
11129,1,0,0,0,0,1,0
9854,1,0,0,1,0,0,0
826,1,0,0,0,0,1,0
4509,1,0,0,0,0,0,1
5673,1,0,0,0,0,1,0
4421,1,0,0,0,0,1,0
2931,1,0,0,0,0,1,0
382,1,0,0,0,0,1,0
248,1,1,0,0,0,0,0
2818,1,0,0,0,0,1,0
7726,1,0,0,0,0,1,0
9060,1,0,0,0,0,1,0
816,1,0,0,0,0,1,0
5016,1,0,0,0,0,1,0
924,1,0,0,0,0,1,0
776,1,0,0,0,1,0,0
1423,1,0,0,0,0,1,0
6947,1,0,0,0,1,0,0
6391,1,0,0,0,0,0,1
7255,1,0,0,0,0,0,1
6886,1,0,0,0,0,1,0
573,1,0,0,0,0,1,0
8748,1,0,0,0,0,0,1
7657,1,0,0,0,0,1,0
606,1,0,0,0,0,1,0
12266,1,0,0,0,0,1,0
10053,1,0,0,0,0,1,0
4418,1,0,0,0,0,1,0
1614,1,0,0,0,0,0,1
7857,1,0,0,0,0,1,0
9267,1,0,0,0,0,1,0
1113,1,0,0,0,0,0,1
8693,1,0,0,0,0,0,1
926,1,0,0,0,0,1,0
2495,1,0,0,0,0,0,1
892,1,0,0,0,1,0,0
229,1,0,0,0,0,1,0
3605,1,0,0,0,0,1,0
609,1,0,0,0,0,1,0
620,1,0,0,0,0,0,1
8226,1,0,0,0,0,1,0
6944,1,0,0,0,0,1,0
8607,1,0,0,0,0,0,1
4423,1,0,0,0,0,1,0
4474,1,0,0,0,0,1,0
2551,1,0,0,0,0,0,1
7954,1,0,0,0,0,1,0
260,1,0,0,0,0,1,0
8608,1,0,0,0,0,0,1
1784,1,0,0,0,0,0,1
989,1,0,0,0,0,1,0
11482,1,0,0,0,0,1,0
8348,1,0,0,0,0,1,0
820,1,0,0,0,0,1,0
1726,1,0,0,0,0,0,1
7285,1,0,0,0,0,1,0
1115,1,0,0,0,0,0,1
4420,1,0,0,0,0,1,0
5755,1,0,0,0,1,0,0
11757,1,0,0,0,0,0,1
10692,1,0,0,0,0,1,0
7743,1,0,0,0,0,0,1
817,1,0,0,0,0,1,0
2514,1,0,0,0,0,1,0
6772,1,0,0,0,0,1,0
8984,1,0,0,1,0,0,0
9266,1,0,0,0,0,1,0
6403,1,0,0,0,0,0,1
811,1,0,0,0,0,1,0
2430,1,0,0,0,0,1,0
7276,1,0,0,0,0,1,0
504,1,0,0,0,0,1,0
2501,1,0,0,0,1,0,0
12842,1,0,0,0,0,1,0
788,1,0,0,0,0,1,0
511,1,0,0,0,0,1,0
10306,1,0,0,0,0,1,0
12261,1,0,0,0,0,1,0
6162,1,0,0,0,0,1,0
823,1,0,0,0,0,1,0
8704,1,0,0,0,0,1,0
8598,1,0,0,0,0,0,1
9884,1,0,0,0,0,1,0
4992,1,0,0,0,0,1,0
4428,1,0,0,0,0,1,0
7653,1,0,0,0,0,1,0
5232,1,0,0,0,0,1,0
4710,1,0,0,0,0,1,0
2431,1,0,0,0,0,1,0
5753,1,0,0,0,1,0,0
782,1,0,0,0,1,0,0
6705,1,0,0,0,0,1,0
505,1,0,0,0,0,1,0
5758,1,0,0,0,1,0,0
3956,1,0,1,0,0,0,0
1609,1,0,0,0,0,0,1
3792,1,0,0,0,0,1,0
1110,1,0,0,0,0,0,1
10260,1,0,0,0,0,1,0
9269,1,0,0,0,0,1,0
7856,1,0,0,0,0,1,0
9806,1,0,0,1,0,0,0
7320,1,0,0,0,1,0,0
4589,1,0,0,0,0,1,0
4867,1,0,0,0,0,1,0
1728,1,0,0,0,0,0,1
5676,1,0,0,0,0,1,0
9862,1,0,0,1,0,0,0
7203,1,0,0,0,0,0,1
5668,1,0,0,0,0,1,0
11720,1,0,0,0,0,0,1
4514,1,0,0,0,0,0,1
285,1,0,0,0,0,1,0
282,1,0,0,0,0,1,0
7652,1,0,0,0,0,1,0
863,1,0,0,0,0,1,0
986,1,0,0,0,0,1,0
6631,1,0,1,0,0,0,0
261,1,0,0,0,0,1,0
1730,1,0,0,0,0,0,1
7485,1,0,0,0,0,0,1
2432,1,0,0,0,0,1,0
3712,1,0,0,0,0,1,0
8288,1,0,0,0,0,1,0
10149,1,0,0,0,0,1,0
2481,1,0,0,0,0,0,1
6715,1,0,0,0,0,1,0
1777,1,0,0,0,0,0,1
3700,1,0,0,0,0,1,0
6718,1,0,0,0,0,1,0
7737,1,0,0,0,0,0,1
5750,1,0,0,0,1,0,0
893,1,0,0,0,1,0,0
4055,1,0,0,0,0,0,1
898,1,0,0,0,1,0,0
3696,1,0,1,0,0,0,0
8749,1,0,0,0,0,0,1
584,1,0,0,0,0,1,0
2505,1,0,0,0,1,0,0
4427,1,0,0,0,0,1,0
11366,1,0,0,0,0,1,0
580,1,0,0,0,0,1,0
7318,1,0,0,0,1,0,0
2927,1,0,0,0,0,1,0
512,1,0,0,0,0,1,0
8347,1,0,0,0,0,1,0
12839,1,0,0,0,0,1,0
6883,1,0,0,0,0,1,0
12267,1,0,0,0,0,1,0
2513,1,0,0,0,0,1,0
840,1,0,0,0,0,1,0
7282,1,0,0,0,0,1,0
8987,1,0,0,1,0,0,0
8960,1,0,0,0,0,1,0
9136,1,0,0,0,0,1,0
8595,1,0,0,0,0,0,1
668,1,0,0,0,0,1,0
1775,1,0,0,1,0,0,0
4994,1,0,0,0,0,1,0
4507,1,0,0,0,0,0,1
12685,1,0,0,1,0,0,0
5209,1,0,0,0,1,0,0
671,1,0,0,0,0,1,0
1429,1,0,0,0,0,1,0
6943,1,0,0,0,0,1,0
897,1,0,0,0,1,0,0
7513,1,0,0,0,0,0,1
11763,1,0,0,0,0,0,1
8747,1,0,0,0,0,0,1
783,1,0,0,0,0,1,0
7341,1,0,0,0,0,1,0
646,1,0,0,0,0,0,1
6972,1,0,0,0,0,1,0
7790,1,0,0,0,0,1,0
8907,1,0,0,0,0,1,0
1534,1,0,0,0,0,1,0
7682,1,0,0,0,0,1,0
7015,1,0,0,0,0,1,0
8479,1,0,0,0,0,1,0
230,1,0,0,0,0,1,0
2772,1,0,0,0,0,1,0
7483,1,0,0,0,0,0,1
2890,1,0,0,0,0,1,0
4478,1,0,0,0,0,1,0
12090,1,0,1,0,0,0,0
815,1,0,0,0,0,1,0
7740,1,0,0,0,0,0,1
5487,1,0,0,0,0,0,1
6942,1,0,0,0,0,1,0
4862,1,0,1,0,0,0,0
250,1,1,0,0,0,0,0
2758,1,0,0,0,0,1,0
3610,1,0,0,0,0,1,0
2507,1,0,0,0,1,0,0
6627,1,0,1,0,0,0,0
5210,1,0,0,0,1,0,0
608,1,0,0,0,0,1,0
3609,1,0,0,0,0,1,0
4512,1,0,0,0,0,0,1
12629,1,0,0,0,0,1,0
4489,1,0,0,0,0,1,0
521,1,0,0,0,0,1,0
611,1,0,0,0,0,1,0
7784,1,0,0,0,0,1,0
9859,1,0,0,1,0,0,0
835,1,0,0,0,0,1,0
2478,1,0,0,0,0,1,0
9418,1,0,0,0,0,1,0
665,1,0,0,0,0,1,0
7317,1,0,0,0,1,0,0
6348,1,0,0,0,0,0,1
6626,1,0,1,0,0,0,0
2500,1,0,0,0,0,0,1
4475,1,0,0,0,0,1,0
4360,1,0,0,0,0,1,0
667,1,0,0,0,0,1,0
8989,1,0,0,1,0,0,0
2900,1,0,0,0,0,1,0
2986,1,0,0,0,0,1,0
5666,1,0,0,0,0,1,0
9383,1,0,0,0,0,1,0
5665,1,0,0,0,0,1,0
385,1,1,0,0,0,0,0
6970,1,0,0,0,0,1,0
11765,1,0,0,0,0,0,1
288,1,0,0,0,0,1,0
5486,1,0,0,0,0,0,1
4586,1,0,0,0,0,1,0
11519,1,0,1,0,0,0,0
7830,1,0,0,0,0,1,0
6977,1,0,0,0,0,1,0
11134,1,0,0,0,0,0,1
12310,1,0,0,0,0,1,0
8706,1,0,0,0,0,1,0
5017,1,0,0,0,0,1,0
7514,1,0,0,0,0,1,0
624,1,0,0,0,0,1,0
12841,1,0,0,0,0,1,0
9416,1,0,0,0,0,1,0
1116,1,0,0,0,0,0,1
613,1,0,0,0,0,0,1
265,1,0,0,0,0,1,0
4791,1,0,0,0,0,1,0
2888,1,0,0,0,0,1,0
3284,1,0,0,0,0,0,1
5670,1,0,0,0,0,1,0
1779,1,0,0,0,0,0,1
12257,1,0,0,0,0,1,0
4057,1,0,0,0,0,0,1
9858,1,0,0,1,0,0,0
7832,1,0,0,0,0,1,0
810,1,0,0,0,0,1,0
7831,1,0,0,0,0,1,0
8527,1,0,0,0,0,1,0
4060,1,0,0,0,0,0,1
1564,1,0,0,1,0,0,0
1610,1,0,0,0,0,0,1
1120,1,0,0,0,0,0,1
5205,1,0,0,0,1,0,0
854,1,0,0,0,0,1,0
5663,1,0,0,0,0,1,0
228,1,0,0,0,0,1,0
8956,1,0,0,0,0,1,0
4472,1,0,0,0,0,1,0
284,1,0,0,0,0,1,0
4363,1,0,0,0,0,1,0
266,1,0,0,0,0,1,0
2509,1,0,0,0,1,0,0
4995,1,0,0,0,0,1,0
264,1,0,0,0,0,1,0
9386,1,0,0,0,0,1,0
2512,1,0,0,0,0,1,0
12844,1,0,0,0,0,1,0
834,1,0,0,0,0,1,0
7287,1,0,0,0,0,1,0
10128,1,0,0,0,0,0,1
6885,1,0,0,0,0,1,0
8346,1,0,0,0,0,1,0
1799,1,0,0,0,0,0,1
4866,1,0,0,0,0,1,0
616,1,0,0,0,0,0,1
6622,1,0,0,0,0,1,0
2493,1,0,0,0,0,0,1
2984,1,0,0,0,0,1,0
286,1,0,0,0,0,1,0
1782,1,0,0,0,0,0,1
7741,1,0,0,0,0,0,1
8512,1,0,0,0,0,1,0
853,1,0,0,0,0,1,0
4587,1,0,0,0,0,1,0
6759,1,0,0,0,0,0,1
8909,1,0,0,0,0,1,0
12307,1,0,0,0,0,1,0
2508,1,0,0,0,1,0,0
5068,1,0,0,0,0,1,0
3400,1,0,0,0,0,1,0
3953,1,0,0,0,0,0,1
7014,1,0,0,0,0,1,0
987,1,0,0,0,0,1,0
11364,1,0,0,0,0,1,0
666,1,0,0,0,0,1,0
11478,1,0,0,0,0,1,0
517,1,0,0,0,0,1,0
7727,1,0,0,0,0,1,0
9231,1,0,0,0,0,1,0
12262,1,0,0,0,0,1,0
7342,1,0,0,0,0,1,0
7279,1,0,0,0,0,1,0
6876,1,0,0,0,0,1,0
5207,1,0,0,0,1,0,0
781,1,0,0,0,1,0,0
789,1,0,0,0,0,1,0
1567,1,0,0,1,0,0,0
7955,1,0,0,0,0,1,0
841,1,0,0,0,0,1,0
8466,1,0,0,0,0,1,0
736,1,0,0,0,0,1,0
390,1,1,0,0,0,0,0
7817,1,0,0,0,0,1,0
12840,1,0,0,0,0,1,0
663,1,0,0,0,0,1,0
5488,1,0,0,0,0,0,1
10305,1,0,0,0,0,1,0
7343,1,0,0,0,0,1,0
862,1,0,0,0,0,1,0
5752,1,0,0,0,1,0,0
658,1,0,0,0,0,1,0
4484,1,0,0,0,0,1,0
2081,1,1,0,0,0,0,0
2503,1,0,0,0,1,0,0
780,1,0,0,0,1,0,0
4362,1,0,0,0,0,1,0
4632,1,0,1,0,0,0,0
8105,1,0,0,0,0,0,1
2985,1,0,0,0,0,1,0
4718,1,0,0,0,0,1,0
3947,1,0,0,0,0,1,0
8707,1,0,0,0,0,1,0
1762,1,0,0,0,0,0,1
8911,1,0,0,0,0,1,0
11132,1,0,0,0,0,1,0
8611,1,0,0,0,0,0,1
3604,1,0,0,0,0,1,0
9857,1,0,0,1,0,0,0
2757,1,0,0,0,0,1,0
3662,1,0,0,0,0,1,0
5208,1,0,0,0,1,0,0
6915,1,0,0,0,0,1,0
12271,1,0,0,0,0,1,0
1111,1,0,0,0,0,0,1
7016,1,0,0,0,0,1,0
4202,1,0,0,0,0,1,0
1778,1,0,0,0,0,0,1
5111,1,0,0,0,0,0,1
896,1,0,0,0,1,0,0
4784,1,0,0,0,0,1,0
387,1,1,0,0,0,0,0
848,1,0,0,0,0,1,0
3659,1,0,0,0,0,1,0
10198,1,0,0,0,0,1,0
1729,1,0,0,0,0,0,1
600,1,0,0,0,0,1,0
6969,1,0,0,0,0,1,0
6714,1,0,0,0,0,1,0
2499,1,0,0,0,0,0,1
4056,1,0,0,0,0,0,1
7862,1,0,0,0,0,1,0
622,1,0,0,0,0,1,0
5109,1,0,0,0,0,0,1
4789,1,0,0,0,0,1,0
2989,1,0,0,0,0,1,0
1612,1,0,0,0,0,0,1
6638,1,0,1,0,0,0,0
11760,1,0,0,0,0,0,1
11476,1,0,0,0,0,1,0
5669,1,0,0,0,0,1,0
9137,1,0,0,0,0,1,0
11518,1,0,0,0,0,1,0
6775,1,0,0,0,0,1,0
1608,1,0,0,0,0,0,1
4385,1,0,0,0,1,0,0
4787,1,0,0,0,0,1,0
847,1,0,0,0,0,1,0
7625,1,0,0,0,1,0,0
2497,1,0,0,0,0,0,1
7870,1,0,0,0,0,1,0
3698,1,0,0,0,0,1,0
9855,1,0,0,1,0,0,0
10151,1,0,0,0,0,1,0
861,1,0,0,0,0,1,0
2817,1,0,0,0,0,1,0
11426,1,0,0,0,0,1,0
2263,1,0,0,0,0,0,1
2483,1,0,0,0,0,0,1
1781,1,0,0,0,0,0,1
4002,1,0,0,0,0,0,1
1118,1,0,0,0,0,0,1
2886,1,0,0,0,0,1,0
832,1,0,0,0,0,1,0
4844,1,0,0,0,0,1,0
8982,1,0,0,1,0,0,0
262,1,0,0,0,0,1,0
3653,1,0,0,0,0,1,0
8691,1,0,0,0,0,0,1
3795,1,0,0,0,0,1,0
3714,1,0,0,0,0,1,0
2264,1,0,0,0,1,0,0
6353,1,0,1,0,0,0,0
7522,1,0,0,0,0,1,0
5675,1,0,0,1,0,0,0
1535,1,0,0,0,0,1,0
7732,1,0,0,0,0,0,1
458,1,0,0,0,0,1,0
520,1,0,0,0,0,1,0
8289,1,0,0,0,0,1,0
10104,1,0,1,0,0,0,0
5544,1,0,0,0,0,0,1
818,1,0,0,0,0,1,0
603,1,0,0,0,0,1,0
8702,1,0,0,0,0,1,0
4795,1,0,0,0,0,1,0
1430,1,0,0,0,0,1,0
5010,1,0,0,0,0,1,0
2752,1,0,0,0,0,1,0
922,1,0,0,0,0,1,0
4993,1,0,0,0,0,1,0
2891,1,0,0,0,0,1,0
1763,1,0,0,0,0,0,1
8513,1,0,0,0,0,1,0
575,1,0,0,0,0,1,0
7863,1,0,0,0,0,1,0
5674,1,0,0,1,0,0,0
8686,1,0,0,0,0,0,1
610,1,0,0,0,0,1,0
11516,1,0,0,0,0,1,0
7278,1,0,0,0,0,1,0
3601,1,0,0,0,0,1,0
9061,1,0,0,0,0,1,0
2479,1,0,0,0,0,1,0
4479,1,0,0,0,0,1,0
656,1,0,0,0,0,1,0
7486,1,0,1,0,0,0,0
4053,1,0,0,0,0,0,1
1469,1,0,0,0,0,1,0
786,1,0,0,0,0,1,0
2937,1,0,0,0,0,1,0
2699,1,0,0,0,0,1,0
1689,1,0,0,0,0,0,1
6968,1,0,0,0,0,1,0
5754,1,0,0,0,1,0,0
6402,1,0,0,0,0,0,1
6754,1,0,0,0,0,0,1
11362,1,0,0,0,0,1,0
271,1,0,0,0,0,1,0
6774,1,0,0,0,0,1,0
4354,1,0,0,0,0,1,0
516,1,0,0,0,0,1,0
3711,1,0,0,0,0,1,0
5671,1,0,0,0,0,1,0
670,1,0,0,0,0,1,0
96,1,0,0,0,0,1,0
384,1,1,0,0,0,0,0
4997,1,0,0,0,0,1,0
4843,1,0,0,0,0,1,0
9270,1,0,0,0,0,1,0
4491,1,0,0,0,0,1,0
4629,1,0,1,0,0,0,0
139,1,0,0,0,0,1,0
5234,1,0,0,0,0,1,0
1732,1,0,0,0,0,0,1
791,1,0,0,0,0,1,0
6160,1,0,0,0,0,1,0
662,1,0,0,0,0,1,0
5543,1,0,0,0,0,0,1
1119,1,0,0,0,0,0,1
249,1,1,0,0,0,0,0
2552,1,0,0,0,0,1,0
5008,1,0,0,0,0,1,0
2482,1,0,0,0,0,0,1
2991,1,0,0,0,0,0,1
1805,1,0,0,0,0,0,1
8995,1,0,0,1,0,0,0
6712,1,0,0,0,0,1,0
1122,1,0,0,0,0,0,1
8908,1,0,0,0,0,1,0
831,1,0,0,0,0,1,0
6940,1,0,0,0,0,1,0
7017,1,0,0,0,0,1,0
661,1,0,0,0,0,1,0
858,1,0,0,0,0,1,0
12738,1,0,0,0,0,1,0
1536,1,0,0,0,0,1,0
10102,1,0,0,0,0,1,0
8991,1,0,0,1,0,0,0
7953,1,0,0,0,0,1,0
4717,1,0,0,0,0,1,0
5542,1,0,0,0,0,0,1
4513,1,0,0,0,0,0,1
844,1,0,0,0,0,1,0
4059,1,0,0,0,0,0,1
281,1,0,0,0,0,1,0
12256,1,0,0,0,0,1,0
5007,2,0,0,0,0,2,0
6624,1,0,1,0,0,0,0
4357,1,0,0,0,0,1,0
3010,1,1,0,0,0,0,0
6632,1,0,1,0,0,0,0
10103,1,0,0,0,0,1,0
7833,1,0,0,0,0,1,0
6717,1,0,0,0,0,1,0
5664,1,0,0,0,0,1,0
1532,1,0,0,0,0,1,0
3958,1,0,0,0,0,1,0
4790,1,0,0,0,0,1,0
3791,1,0,0,0,0,1,0
6404,1,0,0,0,0,0,1
3955,1,0,0,0,0,0,1
11762,1,0,0,0,0,0,1
2756,1,0,0,0,0,1,0
2928,1,0,0,0,0,1,0
2480,1,0,0,0,0,1,0
8766,1,0,0,0,0,1,0
7597,1,0,0,0,0,1,0
2987,1,0,0,0,0,1,0
4706,1,0,0,0,0,1,0
4419,1,0,0,0,0,1,0
95,1,0,0,0,0,1,0
6330,1,0,0,0,0,1,0
6945,1,0,0,0,1,0,0
842,1,0,0,0,0,1,0
6975,1,0,0,0,0,1,0
4508,1,0,0,0,0,0,1
7730,1,0,0,0,0,0,1
7207,1,0,0,0,0,0,1
2759,1,0,0,0,0,1,0
8596,1,0,0,0,0,0,1
7656,1,0,0,0,0,1,0
254,1,1,0,0,0,0,0
856,1,0,0,0,0,1,0
6347,1,0,0,0,0,0,1
7204,1,0,0,0,0,0,1
12618,1,0,0,0,0,1,0
5018,1,0,0,0,0,1,0
10126,1,0,0,0,0,0,1
268,1,0,0,0,0,1,0
9805,1,0,0,1,0,0,0
4709,1,0,0,0,0,1,0
1531,1,0,0,0,0,1,0
4265,1,0,0,0,0,0,1
1776,1,0,0,0,0,0,1
3713,1,0,0,0,0,1,0
8104,1,0,0,0,0,0,1
7734,1,0,0,0,0,0,1
388,1,1,0,0,0,0,0
8109,1,0,0,0,0,0,1
5545,1,0,0,0,0,0,1
579,1,0,0,0,0,1,0
3654,1,0,0,0,0,1,0
4837,1,0,0,0,0,1,0
5541,1,0,0,0,0,0,1
2887,1,0,0,0,0,1,0
2510,1,0,0,0,1,0,0
4864,1,0,1,0,0,0,0
2889,1,0,0,0,0,1,0
849,1,0,0,0,0,1,0
7835,1,0,0,0,0,1,0
9841,1,0,0,0,0,0,1
5227,1,0,0,1,0,0,0
7519,1,0,0,0,0,1,0
3603,1,0,0,0,0,1,0
2930,1,0,0,0,0,1,0
4841,1,0,0,0,0,1,0
253,1,1,0,0,0,0,0
813,1,0,0,0,0,1,0
1426,1,0,0,0,0,1,0
9417,1,0,0,0,0,1,0
11131,1,0,0,0,0,1,0
6946,1,0,0,0,1,0,0
1566,1,0,0,1,0,0,0
602,1,0,0,0,0,1,0
860,1,0,0,0,0,1,0
735,1,0,0,0,0,1,0
8750,1,0,0,0,0,0,1
6880,1,0,0,0,0,1,0
5756,1,0,0,0,1,0,0
2675,1,0,0,0,0,0,1
6877,1,0,0,0,0,1,0
597,1,0,0,0,0,1,0
7516,1,0,0,0,0,1,0
6966,1,0,0,0,0,1,0
7515,1,0,0,0,0,1,0
7482,1,0,0,0,0,0,1
4485,1,0,0,0,0,1,0
5759,1,0,0,0,1,0,0
9840,1,0,0,0,0,0,1
644,1,0,0,0,0,0,1
4633,1,0,1,0,0,0,0
11477,1,0,0,0,0,1,0
4433,1,0,0,0,0,1,0
457,1,0,0,0,0,1,0
9419,1,0,0,0,0,1,0
6161,1,0,0,0,0,1,0
1787,1,0,0,0,0,0,1
9135,1,0,0,0,0,1,0
7280,1,0,0,0,0,1,0
1786,1,0,0,0,0,0,1
2021,1,0,0,0,0,1,0
8994,1,0,0,1,0,0,0
5616,1,0,0,0,0,1,0
4859,1,0,1,0,0,0,0
4781,1,0,0,0,0,1,0
11479,1,0,0,0,0,1,0
785,1,0,0,0,0,1,0
9387,1,0,0,0,0,1,0
1783,1,0,0,0,0,0,1
6757,1,0,0,0,0,1,0
9988,1,0,0,0,0,1,0
3011,1,1,0,0,0,0,0
1688,1,0,0,0,0,0,1
11952,1,0,0,0,0,1,0
12408,1,0,0,1,0,0,0
12410,1,0,0,1,0,0,0
12413,1,0,0,0,0,1,0
11844,1,0,1,0,0,0,0
13333,1,0,1,0,0,0,0
13457,1,0,0,0,0,1,0
13477,2,0,0,0,0,2,0
