,best_params,feature_selection,ftr_combo_name,grid_cv_time,kind,mean_fit_time,mean_test,mean_train,model_name,score
0,"{'C': 100.0, 'degree': 3, 'gamma': 0.1, 'kernel': 'poly'}",None,Segment_NO_TOTAL_~2014,0 days 00:00:03.397294000,SVM,0.03557271957397461,0.7067892897531086,0.9475337332413171,SVM,f1_weighted
1,"{'max_features': 'log2', 'min_samples_leaf': 2, 'n_estimators': 100, 'random_state': 0}",None,Segment_NO_TOTAL_~2014,0 days 00:00:09.683341000,cls,0.18113417625427247,0.7458657768702658,0.9995080933055025,RFcls,f1_weighted
2,"{'learning_rate': 0.031622776601683791, 'max_depth': 50, 'max_features': 'log2', 'n_estimators': 100, 'random_state': 0}",None,Segment_NO_TOTAL_~2014,0 days 00:00:51.295001000,cls,2.1215105056762695,0.7525752822906089,1.0,GDBcls,f1_weighted
3,"{'C': 100.0, 'degree': 3, 'gamma': 0.1, 'kernel': 'poly'}",rfecv_linsvc,Segment_NO_TOTAL_~2014,0 days 00:00:03.106091000,SVM,0.023733758926391603,0.7088541082963263,0.9362561066961244,SVM,f1_weighted
4,"{'max_features': 'sqrt', 'min_samples_leaf': 1, 'n_estimators': 100, 'random_state': 0}",rfecv_linsvc,Segment_NO_TOTAL_~2014,0 days 00:00:10.435602000,cls,0.28882951736450196,0.7516337343122501,1.0,RFcls,f1_weighted
5,"{'learning_rate': 0.031622776601683791, 'max_depth': 10, 'max_features': 'log2', 'n_estimators': 50, 'random_state': 0}",rfecv_linsvc,Segment_NO_TOTAL_~2014,0 days 00:00:55.682764000,cls,2.5002666473388673,0.7595905832630075,1.0,GDBcls,f1_weighted
6,"{'C': 100.0, 'degree': 3, 'gamma': 0.1, 'kernel': 'poly'}",mrmr,Segment_NO_TOTAL_~2014,0 days 00:00:03.414976000,SVM,0.028856468200683594,0.7066029479268061,0.9421404013907442,SVM,f1_weighted
7,"{'max_features': 'log2', 'min_samples_leaf': 1, 'n_estimators': 500, 'random_state': 0}",mrmr,Segment_NO_TOTAL_~2014,0 days 00:00:09.555583000,cls,0.9357435226440429,0.7452065661443579,1.0,RFcls,f1_weighted
8,"{'learning_rate': 0.031622776601683791, 'max_depth': 50, 'max_features': 'log2', 'n_estimators': 100, 'random_state': 0}",mrmr,Segment_NO_TOTAL_~2014,0 days 00:00:48.398924000,cls,2.1044336318969727,0.7523888920061796,1.0,GDBcls,f1_weighted
