,best_params,feature_selection,ftr_combo_name,grid_cv_time,kind,mean_fit_time,mean_test,mean_train,model_name,score
0,"{'C': 100.0, 'gamma': 0.1, 'kernel': 'rbf'}",None,RoadNet,0 days 00:00:02.787883000,SVM,0.03200740814208984,0.7060168251789061,0.8500228701791818,SVM,f1_weighted
1,"{'max_features': 'log2', 'min_samples_leaf': 1, 'n_estimators': 100, 'random_state': 0}",None,RoadNet,0 days 00:00:09.341675000,cls,0.3074503898620605,0.7537220123110309,1.0,RFcls,f1_weighted
2,"{'learning_rate': 0.031622776601683791, 'max_depth': 50, 'max_features': 'log2', 'n_estimators': 50, 'random_state': 0}",None,RoadNet,0 days 00:00:49.550017000,cls,1.0558888912200928,0.7733078320903684,1.0,GDBcls,f1_weighted
3,"{'C': 100.0, 'gamma': 0.1, 'kernel': 'rbf'}",rfecv_linsvc,RoadNet,0 days 00:00:02.279519000,SVM,0.022655200958251954,0.7070114414131747,0.8448565549999264,SVM,f1_weighted
4,"{'max_features': 'sqrt', 'min_samples_leaf': 1, 'n_estimators': 500, 'random_state': 0}",rfecv_linsvc,RoadNet,0 days 00:00:11.570665000,cls,1.545402193069458,0.7540204866923386,1.0,RFcls,f1_weighted
5,"{'learning_rate': 0.0001, 'max_depth': 50, 'max_features': 'sqrt', 'n_estimators': 50, 'random_state': 0}",rfecv_linsvc,RoadNet,0 days 00:00:46.068724000,cls,0.7759087562561036,0.7664530516054907,1.0,GDBcls,f1_weighted
6,"{'C': 100.0, 'gamma': 0.1, 'kernel': 'rbf'}",mrmr,RoadNet,0 days 00:00:02.781198000,SVM,0.03217000961303711,0.7060168251789061,0.8500228701791818,SVM,f1_weighted
7,"{'max_features': 'log2', 'min_samples_leaf': 1, 'n_estimators': 100, 'random_state': 0}",mrmr,RoadNet,0 days 00:00:11.199347000,cls,0.2952146530151367,0.7537220123110309,1.0,RFcls,f1_weighted
8,"{'learning_rate': 0.031622776601683791, 'max_depth': 50, 'max_features': 'log2', 'n_estimators': 50, 'random_state': 0}",mrmr,RoadNet,0 days 00:00:51.166642000,cls,1.168616485595703,0.7733078320903684,1.0,GDBcls,f1_weighted
9,"{'C': 100.0, 'gamma': 0.1, 'kernel': 'rbf'}",None,Segment_NO_TOTAL_~2014,0 days 00:00:05.241439000,SVM,0.06640920639038086,0.7342199292427292,0.9995959492895953,SVM,f1_weighted
10,"{'max_features': 'sqrt', 'min_samples_leaf': 1, 'n_estimators': 500, 'random_state': 0}",None,Segment_NO_TOTAL_~2014,0 days 00:00:13.864966000,cls,1.8585922718048096,0.7707000826333342,1.0,RFcls,f1_weighted
11,"{'learning_rate': 0.0001, 'max_depth': 50, 'max_features': 'log2', 'n_estimators': 100, 'random_state': 0}",None,Segment_NO_TOTAL_~2014,0 days 00:00:51.223460000,cls,2.092830467224121,0.782803088732997,1.0,GDBcls,f1_weighted
12,"{'C': 100.0, 'gamma': 0.1, 'kernel': 'rbf'}",rfecv_linsvc,Segment_NO_TOTAL_~2014,0 days 00:00:03.809843000,SVM,0.050048303604125974,0.7368462094975047,0.9951389394715993,SVM,f1_weighted
13,"{'max_features': 'sqrt', 'min_samples_leaf': 2, 'n_estimators': 500, 'random_state': 0}",rfecv_linsvc,Segment_NO_TOTAL_~2014,0 days 00:00:09.482911000,cls,1.1342849731445312,0.7579629585684952,1.0,RFcls,f1_weighted
14,"{'learning_rate': 0.031622776601683791, 'max_depth': 10, 'max_features': 'log2', 'n_estimators': 100, 'random_state': 0}",rfecv_linsvc,Segment_NO_TOTAL_~2014,0 days 00:00:49.089901000,cls,3.5002378940582277,0.7693438928991008,1.0,GDBcls,f1_weighted
15,"{'C': 100.0, 'gamma': 0.1, 'kernel': 'rbf'}",mrmr,Segment_NO_TOTAL_~2014,0 days 00:00:05.147962000,SVM,0.06554088592529297,0.7327651426593311,0.9995959492895953,SVM,f1_weighted
16,"{'max_features': 'log2', 'min_samples_leaf': 1, 'n_estimators': 500, 'random_state': 0}",mrmr,Segment_NO_TOTAL_~2014,0 days 00:00:09.740648000,cls,1.0202500820159912,0.7823253877096552,1.0,RFcls,f1_weighted
17,"{'learning_rate': 0.031622776601683791, 'max_depth': 10, 'max_features': 'log2', 'n_estimators': 50, 'random_state': 0}",mrmr,Segment_NO_TOTAL_~2014,0 days 00:00:53.310726000,cls,2.044165086746216,0.7842980506811994,1.0,GDBcls,f1_weighted
18,"{'C': 100.0, 'gamma': 0.1, 'kernel': 'rbf'}",None,Segment_TOTAL_~2014,0 days 00:00:01.782113000,SVM,0.034664058685302736,0.40579702493522596,0.4516268491543968,SVM,f1_weighted
19,"{'max_features': 'sqrt', 'min_samples_leaf': 1, 'n_estimators': 500, 'random_state': 0}",None,Segment_TOTAL_~2014,0 days 00:00:10.452590000,cls,1.2541616916656495,0.6962494846588912,1.0,RFcls,f1_weighted
20,"{'learning_rate': 0.031622776601683791, 'max_depth': 50, 'max_features': 'sqrt', 'n_estimators': 100, 'random_state': 0}",None,Segment_TOTAL_~2014,0 days 00:00:47.885462000,cls,1.958954668045044,0.6997328189163171,1.0,GDBcls,f1_weighted
21,"{'C': 100.0, 'gamma': 0.1, 'kernel': 'rbf'}",rfecv_linsvc,Segment_TOTAL_~2014,0 days 00:00:01.686353000,SVM,0.033166694641113284,0.40467287801253005,0.4399915367812315,SVM,f1_weighted
22,"{'max_features': 'sqrt', 'min_samples_leaf': 1, 'n_estimators': 500, 'random_state': 0}",rfecv_linsvc,Segment_TOTAL_~2014,0 days 00:00:10.255307000,cls,1.2514792442321778,0.6964468013495377,1.0,RFcls,f1_weighted
23,"{'learning_rate': 0.0001, 'max_depth': 50, 'max_features': 'sqrt', 'n_estimators': 100, 'random_state': 0}",rfecv_linsvc,Segment_TOTAL_~2014,0 days 00:00:49.538496000,cls,1.7416544914245606,0.696018735769792,1.0,GDBcls,f1_weighted
24,"{'C': 100.0, 'gamma': 0.1, 'kernel': 'rbf'}",mrmr,Segment_TOTAL_~2014,0 days 00:00:01.479712000,SVM,0.028687238693237305,0.3473849278070673,0.3964675211300158,SVM,f1_weighted
25,"{'max_features': 'sqrt', 'min_samples_leaf': 1, 'n_estimators': 500, 'random_state': 0}",mrmr,Segment_TOTAL_~2014,0 days 00:00:10.239871000,cls,0.8859080314636231,0.6521749005698398,1.0,RFcls,f1_weighted
26,"{'learning_rate': 0.0001, 'max_depth': 50, 'max_features': 'sqrt', 'n_estimators': 100, 'random_state': 0}",mrmr,Segment_TOTAL_~2014,0 days 00:00:55.515524000,cls,2.477572298049927,0.6465076404178752,1.0,GDBcls,f1_weighted
27,"{'C': 100.0, 'gamma': 0.1, 'kernel': 'rbf'}",None,RoadNet+Segment_NO_TOTAL_~2014,0 days 00:00:06.253139000,SVM,0.0619443416595459,0.7820313506545541,1.0,SVM,f1_weighted
28,"{'max_features': 'sqrt', 'min_samples_leaf': 1, 'n_estimators': 500, 'random_state': 0}",None,RoadNet+Segment_NO_TOTAL_~2014,0 days 00:00:13.258890000,cls,1.2379977703094482,0.7934723911647286,1.0,RFcls,f1_weighted
29,"{'learning_rate': 0.031622776601683791, 'max_depth': 50, 'max_features': 'log2', 'n_estimators': 50, 'random_state': 0}",None,RoadNet+Segment_NO_TOTAL_~2014,0 days 00:00:49.367571000,cls,0.9950271606445312,0.7973762879017421,1.0,GDBcls,f1_weighted
30,"{'C': 100.0, 'gamma': 0.1, 'kernel': 'rbf'}",rfecv_linsvc,RoadNet+Segment_NO_TOTAL_~2014,0 days 00:00:04.332439000,SVM,0.0456812858581543,0.7828283178692808,1.0,SVM,f1_weighted
31,"{'max_features': 'sqrt', 'min_samples_leaf': 1, 'n_estimators': 100, 'random_state': 0}",rfecv_linsvc,RoadNet+Segment_NO_TOTAL_~2014,0 days 00:00:13.096954000,cls,0.30962429046630857,0.7912670121304451,1.0,RFcls,f1_weighted
32,"{'learning_rate': 0.031622776601683791, 'max_depth': 50, 'max_features': 'log2', 'n_estimators': 50, 'random_state': 0}",rfecv_linsvc,RoadNet+Segment_NO_TOTAL_~2014,0 days 00:00:45.593410000,cls,0.9464186668395996,0.8038557117949461,1.0,GDBcls,f1_weighted
33,"{'C': 100.0, 'gamma': 0.1, 'kernel': 'rbf'}",mrmr,RoadNet+Segment_NO_TOTAL_~2014,0 days 00:00:06.160264000,SVM,0.062107086181640625,0.7820313506545541,1.0,SVM,f1_weighted
34,"{'max_features': 'sqrt', 'min_samples_leaf': 1, 'n_estimators': 500, 'random_state': 0}",mrmr,RoadNet+Segment_NO_TOTAL_~2014,0 days 00:00:09.656273000,cls,1.2709423542022704,0.7934723911647286,1.0,RFcls,f1_weighted
35,"{'learning_rate': 0.031622776601683791, 'max_depth': 50, 'max_features': 'log2', 'n_estimators': 50, 'random_state': 0}",mrmr,RoadNet+Segment_NO_TOTAL_~2014,0 days 00:00:50.971847000,cls,1.2352124214172364,0.7973762879017421,1.0,GDBcls,f1_weighted
36,"{'C': 100.0, 'gamma': 0.1, 'kernel': 'rbf'}",None,RoadNet+Segment_TOTAL_~2014,0 days 00:00:02.784018000,SVM,0.03397302627563477,0.7187729572148263,0.9044034800345008,SVM,f1_weighted
37,"{'max_features': 'log2', 'min_samples_leaf': 1, 'n_estimators': 100, 'random_state': 0}",None,RoadNet+Segment_TOTAL_~2014,0 days 00:00:12.043289000,cls,0.31925311088562014,0.7678206077661248,1.0,RFcls,f1_weighted
38,"{'learning_rate': 0.0001, 'max_depth': 50, 'max_features': 'log2', 'n_estimators': 100, 'random_state': 0}",None,RoadNet+Segment_TOTAL_~2014,0 days 00:00:48.775819000,cls,1.9184675693511963,0.7853876723849615,1.0,GDBcls,f1_weighted
39,"{'C': 100.0, 'gamma': 0.1, 'kernel': 'rbf'}",rfecv_linsvc,RoadNet+Segment_TOTAL_~2014,0 days 00:00:02.283717000,SVM,0.027463436126708984,0.6846153228876968,0.8117676483543377,SVM,f1_weighted
40,"{'max_features': 'log2', 'min_samples_leaf': 1, 'n_estimators': 500, 'random_state': 0}",rfecv_linsvc,RoadNet+Segment_TOTAL_~2014,0 days 00:00:11.744861000,cls,0.9572574138641358,0.7641418997583385,1.0,RFcls,f1_weighted
41,"{'learning_rate': 0.031622776601683791, 'max_depth': 10, 'max_features': 'sqrt', 'n_estimators': 100, 'random_state': 0}",rfecv_linsvc,RoadNet+Segment_TOTAL_~2014,0 days 00:00:45.734189000,cls,3.219952917098999,0.7845948097501375,1.0,GDBcls,f1_weighted
42,"{'C': 100.0, 'gamma': 0.1, 'kernel': 'rbf'}",mrmr,RoadNet+Segment_TOTAL_~2014,0 days 00:00:02.785557000,SVM,0.034543180465698244,0.7244173673531481,0.8989781510048609,SVM,f1_weighted
43,"{'max_features': 'log2', 'min_samples_leaf': 1, 'n_estimators': 100, 'random_state': 0}",mrmr,RoadNet+Segment_TOTAL_~2014,0 days 00:00:08.037099000,cls,0.19720005989074707,0.7840701803051083,1.0,RFcls,f1_weighted
44,"{'learning_rate': 0.031622776601683791, 'max_depth': 50, 'max_features': 'log2', 'n_estimators': 100, 'random_state': 0}",mrmr,RoadNet+Segment_TOTAL_~2014,0 days 00:00:47.674142000,cls,1.7459908962249755,0.790433170991147,1.0,GDBcls,f1_weighted
