,best_params,feature_selection,ftr_combo_name,grid_cv_time,kind,mean_fit_time,mean_test,mean_train,model_name,score
0,"{'C': 100.0, 'degree': 3, 'gamma': 0.1, 'kernel': 'poly'}",None,RoadNet,0 days 00:00:03.178292000,SVM,0.027146291732788087,0.7026698568722836,0.8570723905557849,SVM,f1_weighted
1,"{'max_features': 'log2', 'min_samples_leaf': 1, 'n_estimators': 100, 'random_state': 0}",None,RoadNet,0 days 00:00:09.623539000,cls,0.3197932720184326,0.772377872798076,1.0,RFcls,f1_weighted
2,"{'learning_rate': 0.031622776601683791, 'max_depth': 50, 'max_features': 'log2', 'n_estimators': 100, 'random_state': 0}",None,RoadNet,0 days 00:00:53.833326000,cls,2.1239815235137938,0.8061661202283746,1.0,GDBcls,f1_weighted
3,"{'C': 100.0, 'degree': 3, 'gamma': 0.1, 'kernel': 'poly'}",rfecv_linsvc,RoadNet,0 days 00:00:03.200711000,SVM,0.02705240249633789,0.7026698568722836,0.8570723905557849,SVM,f1_weighted
4,"{'max_features': 'log2', 'min_samples_leaf': 1, 'n_estimators': 100, 'random_state': 0}",rfecv_linsvc,RoadNet,0 days 00:00:09.778608000,cls,0.31971755027771,0.772377872798076,1.0,RFcls,f1_weighted
5,"{'learning_rate': 0.031622776601683791, 'max_depth': 50, 'max_features': 'log2', 'n_estimators': 100, 'random_state': 0}",rfecv_linsvc,RoadNet,0 days 00:00:55.340502000,cls,2.1228057384490966,0.8061661202283746,1.0,GDBcls,f1_weighted
6,"{'C': 100.0, 'degree': 3, 'gamma': 0.1, 'kernel': 'poly'}",mrmr,RoadNet,0 days 00:00:03.195682000,SVM,0.02825479507446289,0.7026698568722836,0.8570723905557849,SVM,f1_weighted
7,"{'max_features': 'log2', 'min_samples_leaf': 1, 'n_estimators': 100, 'random_state': 0}",mrmr,RoadNet,0 days 00:00:09.773598000,cls,0.31925301551818847,0.772377872798076,1.0,RFcls,f1_weighted
8,"{'learning_rate': 0.031622776601683791, 'max_depth': 50, 'max_features': 'log2', 'n_estimators': 100, 'random_state': 0}",mrmr,RoadNet,0 days 00:01:01.623213000,cls,2.674141454696655,0.8061661202283746,1.0,GDBcls,f1_weighted
9,"{'C': 100.0, 'gamma': 0.1, 'kernel': 'rbf'}",None,Segment_NO_TOTAL_~2014,0 days 00:00:06.345539000,SVM,0.07224197387695312,0.7747958942383844,0.9985081182008774,SVM,f1_weighted
10,"{'max_features': 'log2', 'min_samples_leaf': 1, 'n_estimators': 500, 'random_state': 0}",None,Segment_NO_TOTAL_~2014,0 days 00:00:09.680915000,cls,1.057758617401123,0.807576175168412,1.0,RFcls,f1_weighted
11,"{'learning_rate': 0.031622776601683791, 'max_depth': 10, 'max_features': 'log2', 'n_estimators': 50, 'random_state': 0}",None,Segment_NO_TOTAL_~2014,0 days 00:00:51.254713000,cls,1.951308250427246,0.8279291271404879,1.0,GDBcls,f1_weighted
12,"{'C': 100.0, 'gamma': 0.1, 'kernel': 'rbf'}",rfecv_linsvc,Segment_NO_TOTAL_~2014,0 days 00:00:04.312815000,SVM,0.05132193565368652,0.7944775845380005,0.9929195662492724,SVM,f1_weighted
13,"{'max_features': 'sqrt', 'min_samples_leaf': 1, 'n_estimators': 500, 'random_state': 0}",rfecv_linsvc,Segment_NO_TOTAL_~2014,0 days 00:00:13.134460000,cls,1.769383955001831,0.8114515138773405,1.0,RFcls,f1_weighted
14,"{'learning_rate': 0.031622776601683791, 'max_depth': 50, 'max_features': 'log2', 'n_estimators': 100, 'random_state': 0}",rfecv_linsvc,Segment_NO_TOTAL_~2014,0 days 00:00:49.304153000,cls,1.916684341430664,0.8175832872797847,1.0,GDBcls,f1_weighted
15,"{'C': 100.0, 'gamma': 0.1, 'kernel': 'rbf'}",mrmr,Segment_NO_TOTAL_~2014,0 days 00:00:05.947077000,SVM,0.05642590522766113,0.7695980029262514,0.9988819581397352,SVM,f1_weighted
16,"{'max_features': 'log2', 'min_samples_leaf': 1, 'n_estimators': 100, 'random_state': 0}",mrmr,Segment_NO_TOTAL_~2014,0 days 00:00:09.751956000,cls,0.21253633499145508,0.7933182689978219,1.0,RFcls,f1_weighted
17,"{'learning_rate': 0.031622776601683791, 'max_depth': 10, 'max_features': 'log2', 'n_estimators': 100, 'random_state': 0}",mrmr,Segment_NO_TOTAL_~2014,0 days 00:00:55.428341000,cls,3.714099407196045,0.8216498535624048,1.0,GDBcls,f1_weighted
18,"{'C': 100.0, 'gamma': 0.1, 'kernel': 'rbf'}",None,Segment_TOTAL_~2014,0 days 00:00:01.786819000,SVM,0.03325777053833008,0.47350421677876914,0.5121967007305803,SVM,f1_weighted
19,"{'max_features': 'sqrt', 'min_samples_leaf': 1, 'n_estimators': 500, 'random_state': 0}",None,Segment_TOTAL_~2014,0 days 00:00:10.670660000,cls,0.9120904445648194,0.7484204814661205,1.0,RFcls,f1_weighted
20,"{'learning_rate': 0.031622776601683791, 'max_depth': 10, 'max_features': 'sqrt', 'n_estimators': 100, 'random_state': 0}",None,Segment_TOTAL_~2014,0 days 00:00:53.903183000,cls,4.002958345413208,0.7515709306286315,1.0,GDBcls,f1_weighted
21,"{'C': 100.0, 'gamma': 0.1, 'kernel': 'rbf'}",rfecv_linsvc,Segment_TOTAL_~2014,0 days 00:00:01.882094000,SVM,0.03653426170349121,0.4528644795901068,0.4888558249602811,SVM,f1_weighted
22,"{'max_features': 'sqrt', 'min_samples_leaf': 1, 'n_estimators': 500, 'random_state': 0}",rfecv_linsvc,Segment_TOTAL_~2014,0 days 00:00:10.954980000,cls,1.2796312332153321,0.7298581508178598,1.0,RFcls,f1_weighted
23,"{'learning_rate': 0.0001, 'max_depth': 50, 'max_features': 'sqrt', 'n_estimators': 50, 'random_state': 0}",rfecv_linsvc,Segment_TOTAL_~2014,0 days 00:00:51.898350000,cls,0.9495119571685791,0.730487709109582,1.0,GDBcls,f1_weighted
24,"{'C': 100.0, 'gamma': 0.1, 'kernel': 'rbf'}",mrmr,Segment_TOTAL_~2014,0 days 00:00:01.776518000,SVM,0.03327236175537109,0.45621842135672264,0.501301199540606,SVM,f1_weighted
25,"{'max_features': 'sqrt', 'min_samples_leaf': 2, 'n_estimators': 500, 'random_state': 0}",mrmr,Segment_TOTAL_~2014,0 days 00:00:10.538301000,cls,1.247241497039795,0.73907470391015,0.9943973740558736,RFcls,f1_weighted
26,"{'learning_rate': 0.031622776601683791, 'max_depth': 10, 'max_features': 'sqrt', 'n_estimators': 100, 'random_state': 0}",mrmr,Segment_TOTAL_~2014,0 days 00:01:00.433477000,cls,4.041478061676026,0.746810871015681,1.0,GDBcls,f1_weighted
27,"{'C': 100.0, 'gamma': 0.1, 'kernel': 'rbf'}",None,RoadNet+Segment_NO_TOTAL_~2014,0 days 00:00:07.290064000,SVM,0.0729985237121582,0.8284553532221953,1.0,SVM,f1_weighted
28,"{'max_features': 'log2', 'min_samples_leaf': 1, 'n_estimators': 500, 'random_state': 0}",None,RoadNet+Segment_NO_TOTAL_~2014,0 days 00:00:12.027704000,cls,1.0531217098236083,0.8139947935000065,1.0,RFcls,f1_weighted
29,"{'learning_rate': 0.031622776601683791, 'max_depth': 10, 'max_features': 'log2', 'n_estimators': 100, 'random_state': 0}",None,RoadNet+Segment_NO_TOTAL_~2014,0 days 00:00:54.583242000,cls,3.6989352226257326,0.8365612284582159,1.0,GDBcls,f1_weighted
30,"{'C': 100.0, 'gamma': 0.1, 'kernel': 'rbf'}",rfecv_linsvc,RoadNet+Segment_NO_TOTAL_~2014,0 days 00:00:05.755488000,SVM,0.055446958541870116,0.8282711286963383,1.0,SVM,f1_weighted
31,"{'max_features': 'sqrt', 'min_samples_leaf': 2, 'n_estimators': 100, 'random_state': 0}",rfecv_linsvc,RoadNet+Segment_NO_TOTAL_~2014,0 days 00:00:10.364169000,cls,0.28712849617004393,0.8075694604638745,1.0,RFcls,f1_weighted
32,"{'learning_rate': 0.031622776601683791, 'max_depth': 10, 'max_features': 'log2', 'n_estimators': 100, 'random_state': 0}",rfecv_linsvc,RoadNet+Segment_NO_TOTAL_~2014,0 days 00:00:51.248829000,cls,3.5519867897033692,0.8274108108106135,1.0,GDBcls,f1_weighted
33,"{'C': 100.0, 'gamma': 0.1, 'kernel': 'rbf'}",mrmr,RoadNet+Segment_NO_TOTAL_~2014,0 days 00:00:07.468662000,SVM,0.07310214042663574,0.8284553532221953,1.0,SVM,f1_weighted
34,"{'max_features': 'log2', 'min_samples_leaf': 1, 'n_estimators': 500, 'random_state': 0}",mrmr,RoadNet+Segment_NO_TOTAL_~2014,0 days 00:00:12.118303000,cls,1.0516514301300048,0.8139947935000065,1.0,RFcls,f1_weighted
35,"{'learning_rate': 0.031622776601683791, 'max_depth': 10, 'max_features': 'log2', 'n_estimators': 100, 'random_state': 0}",mrmr,RoadNet+Segment_NO_TOTAL_~2014,0 days 00:00:54.120909000,cls,3.7071692943573,0.8365612284582159,1.0,GDBcls,f1_weighted
36,"{'C': 100.0, 'degree': 3, 'gamma': 0.1, 'kernel': 'poly'}",None,RoadNet+Segment_TOTAL_~2014,0 days 00:00:03.303412000,SVM,0.030429983139038087,0.7312658924239249,0.9181008051070473,SVM,f1_weighted
37,"{'max_features': 'log2', 'min_samples_leaf': 1, 'n_estimators': 500, 'random_state': 0}",None,RoadNet+Segment_TOTAL_~2014,0 days 00:00:12.566175000,cls,1.6492505073547363,0.8076274945991287,1.0,RFcls,f1_weighted
38,"{'learning_rate': 0.031622776601683791, 'max_depth': 50, 'max_features': 'log2', 'n_estimators': 50, 'random_state': 0}",None,RoadNet+Segment_TOTAL_~2014,0 days 00:00:51.190037000,cls,1.0123465538024903,0.8298746243681104,1.0,GDBcls,f1_weighted
39,"{'C': 100.0, 'degree': 3, 'gamma': 0.1, 'kernel': 'poly'}",rfecv_linsvc,RoadNet+Segment_TOTAL_~2014,0 days 00:00:02.916000000,SVM,0.028827142715454102,0.7368571325880733,0.9146076726589556,SVM,f1_weighted
40,"{'max_features': 'sqrt', 'min_samples_leaf': 1, 'n_estimators': 100, 'random_state': 0}",rfecv_linsvc,RoadNet+Segment_TOTAL_~2014,0 days 00:00:09.956224000,cls,0.26796741485595704,0.8013938792729505,1.0,RFcls,f1_weighted
41,"{'learning_rate': 0.031622776601683791, 'max_depth': 50, 'max_features': 'log2', 'n_estimators': 100, 'random_state': 0}",rfecv_linsvc,RoadNet+Segment_TOTAL_~2014,0 days 00:00:56.245098000,cls,1.7794888019561768,0.8361129314935931,1.0,GDBcls,f1_weighted
42,"{'C': 100.0, 'degree': 3, 'gamma': 0.1, 'kernel': 'poly'}",mrmr,RoadNet+Segment_TOTAL_~2014,0 days 00:00:03.776753000,SVM,0.038618612289428714,0.7196257086096506,0.9089034230849276,SVM,f1_weighted
43,"{'max_features': 'sqrt', 'min_samples_leaf': 1, 'n_estimators': 500, 'random_state': 0}",mrmr,RoadNet+Segment_TOTAL_~2014,0 days 00:00:10.609671000,cls,1.0891740322113037,0.7995997709151486,1.0,RFcls,f1_weighted
44,"{'learning_rate': 0.031622776601683791, 'max_depth': 50, 'max_features': 'sqrt', 'n_estimators': 100, 'random_state': 0}",mrmr,RoadNet+Segment_TOTAL_~2014,0 days 00:00:58.967508000,cls,1.8112494468688964,0.8262896857696959,1.0,GDBcls,f1_weighted
