,best_params,feature_selection,ftr_combo_name,grid_cv_time,kind,mean_fit_time,mean_test,mean_train,model_name,score
0,"{'C': 100.0, 'degree': 3, 'gamma': 0.1, 'kernel': 'poly'}",None,RoadNet,0 days 00:00:02.998797000,SVM,0.0218935489654541,0.7100446204475882,0.8610311693087269,SVM,f1_weighted
1,"{'max_features': 'log2', 'min_samples_leaf': 1, 'n_estimators': 100, 'random_state': 0}",None,RoadNet,0 days 00:00:10.378557000,cls,0.30455784797668456,0.751137631609145,1.0,RFcls,f1_weighted
2,"{'learning_rate': 0.0001, 'max_depth': 50, 'max_features': 'log2', 'n_estimators': 100, 'random_state': 0}",None,RoadNet,0 days 00:00:56.010140000,cls,2.1202489852905275,0.7581735854737339,1.0,GDBcls,f1_weighted
3,"{'C': 100.0, 'degree': 3, 'gamma': 0.1, 'kernel': 'poly'}",rfecv_linsvc,RoadNet,0 days 00:00:02.795274000,SVM,0.024331140518188476,0.7100446204475882,0.8610311693087269,SVM,f1_weighted
4,"{'max_features': 'log2', 'min_samples_leaf': 1, 'n_estimators': 100, 'random_state': 0}",rfecv_linsvc,RoadNet,0 days 00:00:09.522644000,cls,0.30838956832885744,0.751137631609145,1.0,RFcls,f1_weighted
5,"{'learning_rate': 0.0001, 'max_depth': 50, 'max_features': 'log2', 'n_estimators': 100, 'random_state': 0}",rfecv_linsvc,RoadNet,0 days 00:00:53.791545000,cls,2.1084675788879395,0.7581735854737339,1.0,GDBcls,f1_weighted
6,"{'C': 100.0, 'degree': 3, 'gamma': 0.1, 'kernel': 'poly'}",mrmr,RoadNet,0 days 00:00:02.785009000,SVM,0.024189138412475587,0.7100446204475882,0.8610311693087269,SVM,f1_weighted
7,"{'max_features': 'log2', 'min_samples_leaf': 1, 'n_estimators': 100, 'random_state': 0}",mrmr,RoadNet,0 days 00:00:11.326699000,cls,0.29530510902404783,0.751137631609145,1.0,RFcls,f1_weighted
8,"{'learning_rate': 0.0001, 'max_depth': 50, 'max_features': 'log2', 'n_estimators': 100, 'random_state': 0}",mrmr,RoadNet,0 days 00:00:54.305714000,cls,2.1136176586151123,0.7581735854737339,1.0,GDBcls,f1_weighted
9,"{'C': 100.0, 'gamma': 0.1, 'kernel': 'rbf'}",None,Segment_NO_TOTAL_~2014,0 days 00:00:05.346672000,SVM,0.06737117767333985,0.7126145311201255,0.9991918985791903,SVM,f1_weighted
10,"{'max_features': 'log2', 'min_samples_leaf': 1, 'n_estimators': 500, 'random_state': 0}",None,Segment_NO_TOTAL_~2014,0 days 00:00:12.559751000,cls,1.122292423248291,0.767589763153553,1.0,RFcls,f1_weighted
11,"{'learning_rate': 0.031622776601683791, 'max_depth': 50, 'max_features': 'sqrt', 'n_estimators': 100, 'random_state': 0}",None,Segment_NO_TOTAL_~2014,0 days 00:00:54.022456000,cls,2.318154716491699,0.7835136787279826,1.0,GDBcls,f1_weighted
12,"{'C': 100.0, 'gamma': 0.1, 'kernel': 'rbf'}",rfecv_linsvc,Segment_NO_TOTAL_~2014,0 days 00:00:04.436635000,SVM,0.05682077407836914,0.7271871851420609,0.9991918985791903,SVM,f1_weighted
13,"{'max_features': 'log2', 'min_samples_leaf': 2, 'n_estimators': 500, 'random_state': 0}",rfecv_linsvc,Segment_NO_TOTAL_~2014,0 days 00:00:13.512039000,cls,1.4799288272857667,0.7650949190306535,0.9991918985791903,RFcls,f1_weighted
14,"{'learning_rate': 0.0001, 'max_depth': 10, 'max_features': 'sqrt', 'n_estimators': 100, 'random_state': 0}",rfecv_linsvc,Segment_NO_TOTAL_~2014,0 days 00:00:53.412219000,cls,1.5385550022125245,0.7837179290204209,0.9995959492895953,GDBcls,f1_weighted
15,"{'C': 100.0, 'gamma': 0.1, 'kernel': 'rbf'}",mrmr,Segment_NO_TOTAL_~2014,0 days 00:00:06.147860000,SVM,0.07004218101501465,0.7126145311201255,0.9991918985791903,SVM,f1_weighted
16,"{'max_features': 'log2', 'min_samples_leaf': 1, 'n_estimators': 500, 'random_state': 0}",mrmr,Segment_NO_TOTAL_~2014,0 days 00:00:11.529230000,cls,1.0027422904968262,0.767589763153553,1.0,RFcls,f1_weighted
17,"{'learning_rate': 0.031622776601683791, 'max_depth': 50, 'max_features': 'sqrt', 'n_estimators': 100, 'random_state': 0}",mrmr,Segment_NO_TOTAL_~2014,0 days 00:00:48.062345000,cls,1.857877779006958,0.7835136787279826,1.0,GDBcls,f1_weighted
18,"{'C': 100.0, 'gamma': 0.1, 'kernel': 'rbf'}",None,Segment_TOTAL_~2014,0 days 00:00:01.787900000,SVM,0.035238218307495114,0.4103604868037272,0.44990103821960936,SVM,f1_weighted
19,"{'max_features': 'sqrt', 'min_samples_leaf': 1, 'n_estimators': 10, 'random_state': 0}",None,Segment_TOTAL_~2014,0 days 00:00:11.809974000,cls,0.029574203491210937,0.6734368056759749,0.989483745354095,RFcls,f1_weighted
20,"{'learning_rate': 0.031622776601683791, 'max_depth': 50, 'max_features': 'sqrt', 'n_estimators': 100, 'random_state': 0}",None,Segment_TOTAL_~2014,0 days 00:00:50.572670000,cls,2.010062026977539,0.6917114602783385,1.0,GDBcls,f1_weighted
21,"{'C': 100.0, 'gamma': 0.1, 'kernel': 'rbf'}",rfecv_linsvc,Segment_TOTAL_~2014,0 days 00:00:01.787149000,SVM,0.03580775260925293,0.4103604868037272,0.44990103821960936,SVM,f1_weighted
22,"{'max_features': 'sqrt', 'min_samples_leaf': 1, 'n_estimators': 10, 'random_state': 0}",rfecv_linsvc,Segment_TOTAL_~2014,0 days 00:00:09.404792000,cls,0.030258035659790038,0.6734368056759749,0.989483745354095,RFcls,f1_weighted
23,"{'learning_rate': 0.031622776601683791, 'max_depth': 50, 'max_features': 'sqrt', 'n_estimators': 100, 'random_state': 0}",rfecv_linsvc,Segment_TOTAL_~2014,0 days 00:00:59.272125000,cls,2.0114094734191896,0.6917114602783385,1.0,GDBcls,f1_weighted
24,"{'C': 100.0, 'gamma': 0.1, 'kernel': 'rbf'}",mrmr,Segment_TOTAL_~2014,0 days 00:00:01.488165000,SVM,0.029612302780151367,0.39284224262547446,0.43257970216659986,SVM,f1_weighted
25,"{'max_features': 'sqrt', 'min_samples_leaf': 1, 'n_estimators': 500, 'random_state': 0}",mrmr,Segment_TOTAL_~2014,0 days 00:00:07.952773000,cls,0.9086641311645508,0.6639075579347735,1.0,RFcls,f1_weighted
26,"{'learning_rate': 0.031622776601683791, 'max_depth': 10, 'max_features': 'sqrt', 'n_estimators': 100, 'random_state': 0}",mrmr,Segment_TOTAL_~2014,0 days 00:00:53.955605000,cls,3.796603059768677,0.7026485937832828,1.0,GDBcls,f1_weighted
27,"{'C': 100.0, 'gamma': 0.1, 'kernel': 'rbf'}",None,RoadNet+Segment_NO_TOTAL_~2014,0 days 00:00:06.477338000,SVM,0.06365485191345215,0.7588783834097337,1.0,SVM,f1_weighted
28,"{'max_features': 'log2', 'min_samples_leaf': 2, 'n_estimators': 500, 'random_state': 0}",None,RoadNet+Segment_NO_TOTAL_~2014,0 days 00:00:12.824013000,cls,1.1045753002166747,0.7844520248778246,1.0,RFcls,f1_weighted
29,"{'learning_rate': 0.0001, 'max_depth': 10, 'max_features': 'sqrt', 'n_estimators': 100, 'random_state': 0}",None,RoadNet+Segment_NO_TOTAL_~2014,0 days 00:00:50.495513000,cls,1.672004222869873,0.8009224340151762,1.0,GDBcls,f1_weighted
30,"{'C': 100.0, 'gamma': 0.1, 'kernel': 'rbf'}",rfecv_linsvc,RoadNet+Segment_NO_TOTAL_~2014,0 days 00:00:03.000729000,SVM,0.0369318962097168,0.8058480768554307,0.9855099991577893,SVM,f1_weighted
31,"{'max_features': 'log2', 'min_samples_leaf': 1, 'n_estimators': 500, 'random_state': 0}",rfecv_linsvc,RoadNet+Segment_NO_TOTAL_~2014,0 days 00:00:13.193701000,cls,1.4553852558135987,0.7936605481942143,1.0,RFcls,f1_weighted
32,"{'learning_rate': 0.0001, 'max_depth': 10, 'max_features': 'log2', 'n_estimators': 50, 'random_state': 0}",rfecv_linsvc,RoadNet+Segment_NO_TOTAL_~2014,0 days 00:00:50.333051000,cls,0.8696146488189698,0.8060743308971539,1.0,GDBcls,f1_weighted
33,"{'C': 100.0, 'gamma': 0.1, 'kernel': 'rbf'}",mrmr,RoadNet+Segment_NO_TOTAL_~2014,0 days 00:00:06.574242000,SVM,0.06397042274475098,0.7588783834097337,1.0,SVM,f1_weighted
34,"{'max_features': 'log2', 'min_samples_leaf': 2, 'n_estimators': 500, 'random_state': 0}",mrmr,RoadNet+Segment_NO_TOTAL_~2014,0 days 00:00:11.124280000,cls,1.034788179397583,0.7844520248778246,1.0,RFcls,f1_weighted
35,"{'learning_rate': 0.0001, 'max_depth': 10, 'max_features': 'sqrt', 'n_estimators': 100, 'random_state': 0}",mrmr,RoadNet+Segment_NO_TOTAL_~2014,0 days 00:00:52.294367000,cls,1.6701034545898437,0.8009224340151762,1.0,GDBcls,f1_weighted
36,"{'C': 100.0, 'degree': 3, 'gamma': 0.1, 'kernel': 'poly'}",None,RoadNet+Segment_TOTAL_~2014,0 days 00:00:03.406036000,SVM,0.0348914623260498,0.7322370873333447,0.9118086800906481,SVM,f1_weighted
37,"{'max_features': 'log2', 'min_samples_leaf': 1, 'n_estimators': 500, 'random_state': 0}",None,RoadNet+Segment_TOTAL_~2014,0 days 00:00:13.249449000,cls,1.5634279251098633,0.7585679424097646,1.0,RFcls,f1_weighted
38,"{'learning_rate': 0.031622776601683791, 'max_depth': 50, 'max_features': 'log2', 'n_estimators': 100, 'random_state': 0}",None,RoadNet+Segment_TOTAL_~2014,0 days 00:00:48.849280000,cls,1.737852144241333,0.772460846100274,1.0,GDBcls,f1_weighted
39,"{'C': 100.0, 'gamma': 0.1, 'kernel': 'rbf'}",rfecv_linsvc,RoadNet+Segment_TOTAL_~2014,0 days 00:00:02.372024000,SVM,0.03036532402038574,0.7419334308789568,0.8792438888194999,SVM,f1_weighted
40,"{'max_features': 'sqrt', 'min_samples_leaf': 1, 'n_estimators': 100, 'random_state': 0}",rfecv_linsvc,RoadNet+Segment_TOTAL_~2014,0 days 00:00:10.159151000,cls,0.26159372329711916,0.7588392309086056,1.0,RFcls,f1_weighted
41,"{'learning_rate': 0.031622776601683791, 'max_depth': 10, 'max_features': 'log2', 'n_estimators': 100, 'random_state': 0}",rfecv_linsvc,RoadNet+Segment_TOTAL_~2014,0 days 00:00:46.597841000,cls,3.3317755699157714,0.7788662632991735,1.0,GDBcls,f1_weighted
42,"{'C': 100.0, 'degree': 3, 'gamma': 0.1, 'kernel': 'poly'}",mrmr,RoadNet+Segment_TOTAL_~2014,0 days 00:00:02.875506000,SVM,0.027379560470581054,0.7322370873333447,0.9118086800906481,SVM,f1_weighted
43,"{'max_features': 'log2', 'min_samples_leaf': 1, 'n_estimators': 500, 'random_state': 0}",mrmr,RoadNet+Segment_TOTAL_~2014,0 days 00:00:08.826366000,cls,0.9955088138580322,0.7585679424097646,1.0,RFcls,f1_weighted
44,"{'learning_rate': 0.031622776601683791, 'max_depth': 50, 'max_features': 'log2', 'n_estimators': 100, 'random_state': 0}",mrmr,RoadNet+Segment_TOTAL_~2014,0 days 00:00:46.055781000,cls,1.7379925727844239,0.772460846100274,1.0,GDBcls,f1_weighted
