,best_params,feature_selection,ftr_combo_name,grid_cv_time,kind,mean_fit_time,mean_test,mean_train,model_name,score
0,"{'C': 100.0, 'degree': 3, 'gamma': 0.1, 'kernel': 'poly'}",None,RoadNet,0 days 00:00:01.882268000,SVM,0.014640617370605468,0.6507480931876712,0.8197876043637814,SVM,f1_weighted
1,"{'max_features': 'log2', 'min_samples_leaf': 1, 'n_estimators': 500, 'random_state': 0}",None,RoadNet,0 days 00:00:11.496124000,cls,1.3053654193878175,0.7117488292823584,1.0,RFcls,f1_weighted
2,"{'learning_rate': 0.031622776601683791, 'max_depth': 10, 'max_features': 'log2', 'n_estimators': 100, 'random_state': 0}",None,RoadNet,0 days 00:00:48.955462000,cls,3.2589067935943605,0.7274853023307489,1.0,GDBcls,f1_weighted
3,"{'C': 100.0, 'degree': 3, 'gamma': 0.1, 'kernel': 'poly'}",rfecv_linsvc,RoadNet,0 days 00:00:02.190102000,SVM,0.023288631439208986,0.6507480931876712,0.8197876043637814,SVM,f1_weighted
4,"{'max_features': 'log2', 'min_samples_leaf': 1, 'n_estimators': 500, 'random_state': 0}",rfecv_linsvc,RoadNet,0 days 00:00:09.810374000,cls,1.397024917602539,0.7117488292823584,1.0,RFcls,f1_weighted
5,"{'learning_rate': 0.031622776601683791, 'max_depth': 10, 'max_features': 'log2', 'n_estimators': 100, 'random_state': 0}",rfecv_linsvc,RoadNet,0 days 00:00:51.293788000,cls,3.2628254890441895,0.7274853023307489,1.0,GDBcls,f1_weighted
6,"{'C': 100.0, 'degree': 3, 'gamma': 0.1, 'kernel': 'poly'}",mrmr,RoadNet,0 days 00:00:02.075873000,SVM,0.023206615447998048,0.6507480931876712,0.8197876043637814,SVM,f1_weighted
7,"{'max_features': 'log2', 'min_samples_leaf': 1, 'n_estimators': 500, 'random_state': 0}",mrmr,RoadNet,0 days 00:00:08.960616000,cls,1.104177141189575,0.7117488292823584,1.0,RFcls,f1_weighted
8,"{'learning_rate': 0.031622776601683791, 'max_depth': 10, 'max_features': 'log2', 'n_estimators': 100, 'random_state': 0}",mrmr,RoadNet,0 days 00:00:48.691678000,cls,3.267935609817505,0.7274853023307489,1.0,GDBcls,f1_weighted
9,"{'C': 100.0, 'degree': 3, 'gamma': 0.1, 'kernel': 'poly'}",None,Segment_NO_TOTAL_~2014,0 days 00:00:03.386003000,SVM,0.03578023910522461,0.683866638007338,0.9731208517632849,SVM,f1_weighted
10,"{'max_features': 'sqrt', 'min_samples_leaf': 2, 'n_estimators': 500, 'random_state': 0}",None,Segment_NO_TOTAL_~2014,0 days 00:00:10.011321000,cls,1.0352749347686767,0.7163224171550975,1.0,RFcls,f1_weighted
11,"{'learning_rate': 0.031622776601683791, 'max_depth': 10, 'max_features': 'log2', 'n_estimators': 50, 'random_state': 0}",None,Segment_NO_TOTAL_~2014,0 days 00:00:46.017749000,cls,1.639939546585083,0.729321305312559,1.0,GDBcls,f1_weighted
12,"{'C': 100.0, 'degree': 3, 'gamma': 0.1, 'kernel': 'poly'}",rfecv_linsvc,Segment_NO_TOTAL_~2014,0 days 00:00:02.298891000,SVM,0.019259309768676756,0.7042705878623569,0.9558091800762746,SVM,f1_weighted
13,"{'max_features': 'sqrt', 'min_samples_leaf': 1, 'n_estimators': 500, 'random_state': 0}",rfecv_linsvc,Segment_NO_TOTAL_~2014,0 days 00:00:10.493935000,cls,1.0271824836730956,0.7207529781256264,1.0,RFcls,f1_weighted
14,"{'learning_rate': 0.031622776601683791, 'max_depth': 10, 'max_features': 'log2', 'n_estimators': 50, 'random_state': 0}",rfecv_linsvc,Segment_NO_TOTAL_~2014,0 days 00:00:43.348366000,cls,1.5871556282043457,0.7273465386258886,1.0,GDBcls,f1_weighted
15,"{'C': 100.0, 'degree': 3, 'gamma': 0.1, 'kernel': 'poly'}",mrmr,Segment_NO_TOTAL_~2014,0 days 00:00:03.303793000,SVM,0.034423208236694335,0.6851457890797353,0.9726243118913376,SVM,f1_weighted
16,"{'max_features': 'sqrt', 'min_samples_leaf': 1, 'n_estimators': 500, 'random_state': 0}",mrmr,Segment_NO_TOTAL_~2014,0 days 00:00:10.195178000,cls,1.0463693141937256,0.7156612088012293,1.0,RFcls,f1_weighted
17,"{'learning_rate': 0.031622776601683791, 'max_depth': 10, 'max_features': 'log2', 'n_estimators': 100, 'random_state': 0}",mrmr,Segment_NO_TOTAL_~2014,0 days 00:00:52.463397000,cls,3.200464677810669,0.7261170531847075,1.0,GDBcls,f1_weighted
18,"{'C': 100.0, 'gamma': 0.1, 'kernel': 'rbf'}",None,Segment_TOTAL_~2014,0 days 00:00:00.985143000,SVM,0.019658660888671874,0.49922201172109476,0.5488975904288698,SVM,f1_weighted
19,"{'max_features': 'sqrt', 'min_samples_leaf': 1, 'n_estimators': 500, 'random_state': 0}",None,Segment_TOTAL_~2014,0 days 00:00:08.769889000,cls,0.8337997913360595,0.6273137326102585,1.0,RFcls,f1_weighted
20,"{'learning_rate': 0.031622776601683791, 'max_depth': 50, 'max_features': 'log2', 'n_estimators': 50, 'random_state': 0}",None,Segment_TOTAL_~2014,0 days 00:00:51.539938000,cls,0.8880707263946533,0.6481080046160844,1.0,GDBcls,f1_weighted
21,"{'C': 100.0, 'gamma': 0.1, 'kernel': 'rbf'}",rfecv_linsvc,Segment_TOTAL_~2014,0 days 00:00:01.173538000,SVM,0.02156982421875,0.4636412498844486,0.5244579620145865,SVM,f1_weighted
22,"{'max_features': 'sqrt', 'min_samples_leaf': 1, 'n_estimators': 100, 'random_state': 0}",rfecv_linsvc,Segment_TOTAL_~2014,0 days 00:00:08.805719000,cls,0.21275992393493653,0.6066954262124167,1.0,RFcls,f1_weighted
23,"{'learning_rate': 0.031622776601683791, 'max_depth': 10, 'max_features': 'sqrt', 'n_estimators': 50, 'random_state': 0}",rfecv_linsvc,Segment_TOTAL_~2014,0 days 00:00:44.306825000,cls,1.6597610473632813,0.6237158400976205,1.0,GDBcls,f1_weighted
24,"{'C': 100.0, 'gamma': 0.1, 'kernel': 'rbf'}",mrmr,Segment_TOTAL_~2014,0 days 00:00:01.063917000,SVM,0.022267723083496095,0.49565955206895923,0.534700659634392,SVM,f1_weighted
25,"{'max_features': 'sqrt', 'min_samples_leaf': 1, 'n_estimators': 100, 'random_state': 0}",mrmr,Segment_TOTAL_~2014,0 days 00:00:09.006105000,cls,0.2156076431274414,0.6303415694079363,1.0,RFcls,f1_weighted
26,"{'learning_rate': 0.031622776601683791, 'max_depth': 10, 'max_features': 'sqrt', 'n_estimators': 50, 'random_state': 0}",mrmr,Segment_TOTAL_~2014,0 days 00:00:45.011680000,cls,1.6815535068511962,0.6156230857020664,1.0,GDBcls,f1_weighted
27,"{'C': 100.0, 'gamma': 0.1, 'kernel': 'rbf'}",None,RoadNet+Segment_NO_TOTAL_~2014,0 days 00:00:04.254664000,SVM,0.06188077926635742,0.707571411129451,1.0,SVM,f1_weighted
28,"{'max_features': 'log2', 'min_samples_leaf': 1, 'n_estimators': 500, 'random_state': 0}",None,RoadNet+Segment_NO_TOTAL_~2014,0 days 00:00:12.478433000,cls,0.9276950836181641,0.7470934605185876,1.0,RFcls,f1_weighted
29,"{'learning_rate': 0.031622776601683791, 'max_depth': 50, 'max_features': 'log2', 'n_estimators': 100, 'random_state': 0}",None,RoadNet+Segment_NO_TOTAL_~2014,0 days 00:00:43.962278000,cls,1.7659384250640868,0.7567130691350058,1.0,GDBcls,f1_weighted
30,"{'C': 100.0, 'degree': 3, 'gamma': 0.1, 'kernel': 'poly'}",rfecv_linsvc,RoadNet+Segment_NO_TOTAL_~2014,0 days 00:00:02.495903000,SVM,0.01714153289794922,0.7289054749656672,0.9974986652762879,SVM,f1_weighted
31,"{'max_features': 'sqrt', 'min_samples_leaf': 1, 'n_estimators': 500, 'random_state': 0}",rfecv_linsvc,RoadNet+Segment_NO_TOTAL_~2014,0 days 00:00:10.595699000,cls,1.0415620803833008,0.746559173082185,1.0,RFcls,f1_weighted
32,"{'learning_rate': 0.031622776601683791, 'max_depth': 50, 'max_features': 'log2', 'n_estimators': 100, 'random_state': 0}",rfecv_linsvc,RoadNet+Segment_NO_TOTAL_~2014,0 days 00:01:03.740019000,cls,2.722235631942749,0.7574063083493391,1.0,GDBcls,f1_weighted
33,"{'C': 100.0, 'gamma': 0.1, 'kernel': 'rbf'}",mrmr,RoadNet+Segment_NO_TOTAL_~2014,0 days 00:00:04.147151000,SVM,0.06099162101745605,0.7053680042881448,1.0,SVM,f1_weighted
34,"{'max_features': 'sqrt', 'min_samples_leaf': 1, 'n_estimators': 500, 'random_state': 0}",mrmr,RoadNet+Segment_NO_TOTAL_~2014,0 days 00:00:13.010275000,cls,1.143394899368286,0.7465999220285816,1.0,RFcls,f1_weighted
35,"{'learning_rate': 0.031622776601683791, 'max_depth': 10, 'max_features': 'log2', 'n_estimators': 100, 'random_state': 0}",mrmr,RoadNet+Segment_NO_TOTAL_~2014,0 days 00:00:49.329750000,cls,3.1883325576782227,0.7608387818722452,1.0,GDBcls,f1_weighted
36,"{'C': 100.0, 'degree': 3, 'gamma': 0.1, 'kernel': 'poly'}",None,RoadNet+Segment_TOTAL_~2014,0 days 00:00:02.191831000,SVM,0.026162099838256837,0.6476399199338955,0.8792289174698137,SVM,f1_weighted
37,"{'max_features': 'sqrt', 'min_samples_leaf': 1, 'n_estimators': 500, 'random_state': 0}",None,RoadNet+Segment_TOTAL_~2014,0 days 00:00:10.336706000,cls,0.9806716918945313,0.7222735372178692,1.0,RFcls,f1_weighted
38,"{'learning_rate': 0.031622776601683791, 'max_depth': 10, 'max_features': 'log2', 'n_estimators': 100, 'random_state': 0}",None,RoadNet+Segment_TOTAL_~2014,0 days 00:00:44.234896000,cls,3.221835803985596,0.7290008825278985,1.0,GDBcls,f1_weighted
39,"{'C': 100.0, 'degree': 3, 'gamma': 0.1, 'kernel': 'poly'}",rfecv_linsvc,RoadNet+Segment_TOTAL_~2014,0 days 00:00:01.782103000,SVM,0.017466163635253905,0.6434432839166163,0.8108779386598661,SVM,f1_weighted
40,"{'max_features': 'log2', 'min_samples_leaf': 1, 'n_estimators': 500, 'random_state': 0}",rfecv_linsvc,RoadNet+Segment_TOTAL_~2014,0 days 00:00:10.287092000,cls,0.9497579097747803,0.7238058357305663,1.0,RFcls,f1_weighted
41,"{'learning_rate': 0.031622776601683791, 'max_depth': 50, 'max_features': 'sqrt', 'n_estimators': 100, 'random_state': 0}",rfecv_linsvc,RoadNet+Segment_TOTAL_~2014,0 days 00:00:42.040244000,cls,1.5830683708190918,0.7433139507023518,1.0,GDBcls,f1_weighted
42,"{'C': 100.0, 'degree': 3, 'gamma': 0.1, 'kernel': 'poly'}",mrmr,RoadNet+Segment_TOTAL_~2014,0 days 00:00:01.881350000,SVM,0.015404558181762696,0.6446799935910005,0.8730793394292251,SVM,f1_weighted
43,"{'max_features': 'log2', 'min_samples_leaf': 1, 'n_estimators': 500, 'random_state': 0}",mrmr,RoadNet+Segment_TOTAL_~2014,0 days 00:00:10.672651000,cls,1.2330782413482666,0.7262155952226697,1.0,RFcls,f1_weighted
44,"{'learning_rate': 0.031622776601683791, 'max_depth': 50, 'max_features': 'log2', 'n_estimators': 100, 'random_state': 0}",mrmr,RoadNet+Segment_TOTAL_~2014,0 days 00:00:47.269564000,cls,1.6839379787445068,0.7350190471186241,1.0,GDBcls,f1_weighted
