column,,column,knn,I,p_norm,p_rand,z_norm,z_rand,ftr_type
311_S0499,1270,311_S0499,1,0.9999260300318071,0.0,0.0,94.6514598657165,94.65964845449962,311
STREETTYPE_CRES,60,STREETTYPE_CRES,1,0.9406574907543089,0.0,0.0,89.04160603761257,89.15215259574425,seg_attr
crime_ofn_THEFT F/AUTO,1851,crime_ofn_THEFT F/AUTO,2,0.9007854449458972,0.0,0.0,115.06153476699538,118.87733145589212,crime
crime_mtd_OTHERS,1780,crime_mtd_OTHERS,1,0.8621079381027548,0.0,0.0,81.60677612599585,83.50057283411353,crime
crime_ofn_BURGLARY,1800,crime_ofn_BURGLARY,1,0.8603342729307115,0.0,0.0,81.43889612631213,85.18176403804134,crime
crime_ofn_ROBBERY,1830,crime_ofn_ROBBERY,1,0.8589732662563021,0.0,0.0,81.3100748562828,85.06233080299444,crime
crime_mtd_GUN,1760,crime_mtd_GUN,1,0.8390576590181451,0.0,0.0,79.42503353645384,82.95076825434023,crime
crime_ofn_ASSAULT W/DANGEROUS WEAPON,1790,crime_ofn_ASSAULT W/DANGEROUS WEAPON,1,0.8333530611699244,0.0,0.0,78.88508501626507,82.76734749040416,crime
cycling facilities,710,cycling facilities,1,0.8323664078119064,0.0,0.0,78.79169683452545,81.52381625230116,poi
crime_ofn_THEFT/OTHER,1861,crime_ofn_THEFT/OTHER,2,0.8275367152366931,0.0,0.0,105.70590033291204,106.71518533434478,crime
crime_mtd_KNIFE,1770,crime_mtd_KNIFE,1,0.8246911171305695,0.0,0.0,78.06521935869443,81.30059268295594,crime
ud_node_ecc_SgAsNd,390,ud_node_ecc_SgAsNd,1,0.8234227299885646,0.0,0.0,77.94516466271519,81.4664374705592,net_SaN
ud_far_cntr_SgAsNd,370,ud_far_cntr_SgAsNd,1,0.8231520783218559,0.0,0.0,77.91954708706582,81.6958344068425,net_SaN
crime_ofn_MOTOR VEHICLE THEFT,1820,crime_ofn_MOTOR VEHICLE THEFT,1,0.8215160646351941,0.0,0.0,77.7646960015687,81.36629274857845,crime
crime_ofn_SEX ABUSE,1840,crime_ofn_SEX ABUSE,1,0.7816847027258733,0.0,0.0,73.9945994071613,77.53361180525708,crime
crime_ofn_HOMICIDE,1810,crime_ofn_HOMICIDE,1,0.7559305202875551,0.0,0.0,71.55692841505473,73.13208984652046,crime
d_node_ecc_SgAsNd,270,d_node_ecc_SgAsNd,1,0.7515505883871403,0.0,0.0,71.14236146203206,73.64072754108149,net_SaN
d_clo_cntr_SgAsNd,230,d_clo_cntr_SgAsNd,1,0.7219952201255304,0.0,0.0,68.34490267859344,71.27208364500406,net_SaN
ud_clo_cntr_SgAsNd,340,ud_clo_cntr_SgAsNd,1,0.7165364090228791,0.0,0.0,67.82821823294302,70.7926204388089,net_SaN
STREETTYPE_CIR,50,STREETTYPE_CIR,1,0.6755073685404439,0.0,0.0,63.9447596119001,64.29643345005222,seg_attr
d_auth_score_SgAsNd,212,d_auth_score_SgAsNd,3,0.6384298342140162,0.0,0.0,97.72401700974177,97.74401732211726,net_SaN
professional service,664,professional service,5,0.6349145562832317,0.0,0.0,122.47393938414812,123.41066566300405,poi
residence,690,residence,1,0.6311923165527348,0.0,0.0,59.75027520134439,59.80427333483047,poi
d_hub_score_SgAsNd,252,d_hub_score_SgAsNd,3,0.6253783281935105,0.0,0.0,95.72646333840467,95.744938139031,net_SaN
schools&university,703,schools&university,4,0.6238543293341533,0.0,0.0,108.57362013196445,108.92272547687149,poi
v0rq_Not enough time to cross,1680,v0rq_Not enough time to cross,1,0.5970842984809913,0.0,0.0,56.521901462404394,56.82118346308092,v0
311_BICYCLES,882,311_BICYCLES,3,0.5814154539254278,0.0,0.0,88.99787579005854,89.39099586418983,311
v0ur_Pedestrian,1580,v0ur_Pedestrian,1,0.5696349868477036,0.0,0.0,53.92378401557744,55.09451638589058,v0
311_ROADWAY SIGN,1201,311_ROADWAY SIGN,2,0.5692159194252381,0.0,0.0,72.7120867619746,74.74622979419037,311
311_PARKING METER REQUES,1070,311_PARKING METER REQUES,1,0.5606583533366328,0.0,0.0,53.07413253977862,53.32498810659326,311
ud_eig_cntr_SgAsNd,362,ud_eig_cntr_SgAsNd,3,0.5582311109993578,0.0,0.0,85.4494753788917,85.46254913628287,net_SaN
ud_hub_score_SgAsNd,382,ud_hub_score_SgAsNd,3,0.5582287414386008,0.0,0.0,85.44911271386421,85.46218633749368,net_SaN
ud_auth_score_SgAsNd,312,ud_auth_score_SgAsNd,3,0.5582281221791294,0.0,0.0,85.44901793522115,85.46209152750862,net_SaN
retail shop,650,retail shop,1,0.5561291693817652,0.0,0.0,52.64543866175946,52.87812192787985,poi
transportation,720,transportation,1,0.5506606386388849,0.0,0.0,52.12783423796193,52.36385248861254,poi
311_TRAFFIC SIGNAL MAIN,1490,311_TRAFFIC SIGNAL MAIN,1,0.5465618922127908,0.0,0.0,51.73988190086796,52.51745582818404,311
side_walk_both,515,side_walk_both,6,0.5345463945482941,0.0,0.0,112.31897799927623,141.7377524079478,bk_osm
v0rq_Red light running,1730,v0rq_Red light running,1,0.5344893064752417,0.0,0.0,50.5971940239522,50.96250942950439,v0
bikable_yes,563,bikable_yes,4,0.5124449090028552,0.0,0.0,89.18657789037778,92.73886623813806,bk_osm
v0rq_Failure to stop for pedestrians,1640,v0rq_Failure to stop for pedestrians,1,0.5082047034527695,0.0,0.0,48.10931794866329,48.730533501591864,v0
ud_deg_cntr_SgAsNd,350,ud_deg_cntr_SgAsNd,1,0.5079310034327859,0.0,0.0,48.083411841923116,53.77210598984897,net_SaN
SEGMENTTYPE_2,180,SEGMENTTYPE_2,1,0.4999128727215403,0.0,0.0,47.32448405640579,47.74737287644433,seg_attr
311_PEDESTRIAN SIGNAL RE,1111,311_PEDESTRIAN SIGNAL RE,2,0.4998520491196924,0.0,0.0,63.85264283594141,63.85924694769358,311
311_S0306,1231,311_S0306,2,0.49977807367953864,0.0,0.0,63.84319438300678,63.849797517530185,311
outdoors and recreation,640,outdoors and recreation,1,0.4932436100597682,0.0,0.0,46.693228602334266,47.18924677010468,poi
v0rq_Blocking the crosswalk,1610,v0rq_Blocking the crosswalk,1,0.4867278127428398,0.0,0.0,46.07649886734993,46.30796191119136,v0
d_in_deg_SgAsNd,263,d_in_deg_SgAsNd,4,0.4863630058081743,0.0,0.0,84.64790461236774,103.65931014037363,net_SaN
311_SCHOOL CROSSING GUAR,1293,311_SCHOOL CROSSING GUAR,4,0.48503437991663684,0.0,0.0,84.4167022041162,84.41563432789476,311
d_out_deg_SgAsNd,283,d_out_deg_SgAsNd,4,0.47825137272311635,0.0,0.0,83.23634917297468,102.28185514810602,net_SaN
food,673,food,4,0.471657505915567,0.0,0.0,82.08890963013161,82.43009123725467,poi
ud_bridge_SgAsNd,320,ud_bridge_SgAsNd,1,0.4691998567744959,0.0,0.0,44.41745222833173,44.54277277330844,net_SaN
311_SIDEWALK REPAIR,1321,311_SIDEWALK REPAIR,2,0.4654221428380301,0.0,0.0,59.455111055530104,59.77207784706095,311
311_TRAFFIC SIGNAL ISSUE,1481,311_TRAFFIC SIGNAL ISSUE,2,0.4646648613338218,0.0,0.0,59.358387891248725,60.09390473264761,311
v0rq_Stop sign running,1750,v0rq_Stop sign running,1,0.46368416970472753,0.0,0.0,43.8953843893035,44.29570147949389,v0
311_POTHOLES,1120,311_POTHOLES,1,0.4595718574221676,0.0,0.0,43.50614802407666,44.383023861772514,311
311_TREE PRUNING,1520,311_TREE PRUNING,1,0.4515323252083851,0.0,0.0,42.74519455507872,43.95366220636447,311
311_BUS AND/OR RAIL ISSU,910,311_BUS AND/OR RAIL ISSU,1,0.45152550854280954,0.0,0.0,42.74454934772352,43.031445292609085,311
STREETTYPE_CT,70,STREETTYPE_CT,1,0.4497637639126448,0.0,0.0,42.57779764474332,42.6966642024895,seg_attr
311_MARKING MODIFICATION,1040,311_MARKING MODIFICATION,1,0.4414694504141474,0.0,0.0,41.7927287549368,41.98345617520034,311
v0rq_Cyclist behavior,1621,v0rq_Cyclist behavior,2,0.4391815940424675,0.0,0.0,56.103558300204135,56.3211080513958,v0
311_TREE INSPECTION,1500,311_TREE INSPECTION,1,0.4349222885777342,0.0,0.0,41.17303032236276,43.52192770033951,311
311_SIGNS CONFLICTING,1381,311_SIGNS CONFLICTING,2,0.4302703609198565,0.0,0.0,54.96537829649593,55.26487738568461,311
v0rq_Long wait to cross,1672,v0rq_Long wait to cross,3,0.42989947378018645,0.0,0.0,65.80811501227234,66.33317433423348,v0
v0ur_Biker,1560,v0ur_Biker,1,0.4298417076075352,0.0,0.0,40.69214591130586,40.98631190196245,v0
311_STREETLIGHT REPAIR,1440,311_STREETLIGHT REPAIR,1,0.42474233523398985,0.0,0.0,40.20948286646983,41.66761260610448,311
311_TREE PLANTING,1511,311_TREE PLANTING,2,0.4236492362535853,0.0,0.0,54.11970053299006,54.81076646299497,311
311_MARKING MAINTENANCE,1033,311_MARKING MAINTENANCE,4,0.4220777755563538,0.0,0.0,73.4612341252936,73.68696786471531,311
side_walk_no,532,side_walk_no,3,0.4218361285561153,0.0,0.0,64.57400725257814,65.29724913624926,bk_osm
311_SIGN REPLACE,1360,311_SIGN REPLACE,1,0.4141990873248501,0.0,0.0,39.2115490492247,40.89665781602223,311
elevation_diff,200,elevation_diff,1,0.4082222351022776,0.0,0.0,38.64583125476677,39.45902741723036,elevation
art,632,art,3,0.40602602455766623,0.0,0.0,62.15424579082007,62.51951292943007,poi
crash_evt_COLLISION_WITH_NON_FIXED,743,crash_evt_COLLISION_WITH_NON_FIXED,4,0.4008133637674747,0.0,0.0,69.7608823205039,70.46341941750887,crash
nightlife spot,683,nightlife spot,4,0.399866913508991,0.0,0.0,69.59618465771901,69.7829115511257,poi
311_TRAFFIC SAFETY,1470,311_TRAFFIC SAFETY,1,0.3964560088411811,0.0,0.0,37.53214074985821,37.87582751668949,311
v0rq_Other Driving Issue,1700,v0rq_Other Driving Issue,1,0.3959064693750979,0.0,0.0,37.48012603657049,37.85378603471486,v0
v0rq_Long distance to cross,1660,v0rq_Long distance to cross,1,0.395042352134667,0.0,0.0,37.39833607737366,37.48363030602289,v0
crash_evt_PENDING_INVESTIGATION,763,crash_evt_PENDING_INVESTIGATION,4,0.38971600065711,0.0,0.0,67.82976153420873,68.44896097315382,crash
v0rq_Poor visibility,1720,v0rq_Poor visibility,1,0.38828974592509086,0.0,0.0,36.759192034745794,36.940204854733246,v0
311_ALLEYLIGHT REPAIR,850,311_ALLEYLIGHT REPAIR,1,0.3851395575156242,0.0,0.0,36.46102209967529,36.95758810942228,311
311_SIGN NEW,1340,311_SIGN NEW,1,0.38180029284906725,0.0,0.0,36.14495582064943,36.59948401378638,311
crash_1stharm_Motor Vehicle In Transport,783,crash_1stharm_Motor Vehicle In Transport,4,0.37635553366430036,0.0,0.0,65.50482404520037,66.00826296940157,crash
v0rq_Blocking the bikebox,1600,v0rq_Blocking the bikebox,1,0.3692814855380685,0.0,0.0,34.960032419920964,35.0004967799431,v0
SHAPE_Length,0,SHAPE_Length,1,0.3656336349226495,0.0,0.0,34.61475803002168,34.68370534285787,seg_attr
v0rq_Jaywalking,1652,v0rq_Jaywalking,3,0.3656329520131996,0.0,0.0,55.97202205119848,56.191385318786914,v0
311_STREET REPAIR,1420,311_STREET REPAIR,1,0.3609973605396141,0.0,0.0,34.17592788652791,34.963445358553784,311
311_MARKING INSTALLATION,1020,311_MARKING INSTALLATION,1,0.35953494029122646,0.0,0.0,34.0375076735663,34.25768051618023,311
v0ur_Car Driver,1570,v0ur_Car Driver,1,0.3543848447847216,0.0,0.0,33.55004361009417,34.113589293482775,v0
v0rq_Accessibility Issue,1591,v0rq_Accessibility Issue,2,0.3539477756009602,0.0,0.0,45.21713815441456,45.409891330665275,v0
311_SAFE ROUTES TO SCHOO,1280,311_SAFE ROUTES TO SCHOO,1,0.34903517406647283,0.0,0.0,33.04368946127077,33.09793522825621,311
d_page_rank_SgAsNd,290,d_page_rank_SgAsNd,1,0.3448952337737214,0.0,0.0,32.65183806451751,36.627030682337754,net_SaN
crash_evt_NON_COLLISION,750,crash_evt_NON_COLLISION,1,0.33067791926213796,0.0,0.0,31.306148475902248,31.440952335622317,crash
311_ROADWAY LIGHTING ,1170,311_ROADWAY LIGHTING ,1,0.32373656275420476,0.0,0.0,30.649138941789314,30.78656622433568,311
311_TRAFFIC CALMING,1450,311_TRAFFIC CALMING,1,0.31597082367393575,0.0,0.0,29.914100392863187,29.97574060318398,311
311_TREE REMOVAL,1530,311_TREE REMOVAL,1,0.3138046780511506,0.0,0.0,29.709071545141516,30.83729532775977,311
311_CURB GUTTER REPAIR,940,311_CURB GUTTER REPAIR,1,0.3136654920014744,0.0,0.0,29.69589738220258,29.993050928671114,311
v0rq_Speeding,1740,v0rq_Speeding,1,0.3116071749523707,0.0,0.0,29.50107466650677,29.67562236551854,v0
311_SIGN REMOVAL,1352,311_SIGN REMOVAL,3,0.3107020855047983,0.0,0.0,47.56476591606834,48.24876129502216,311
crash_1stharm_Pedestrian,821,crash_1stharm_Pedestrian,2,0.3104876631948021,0.0,0.0,39.666230640381656,40.0326946709554,crash
d_far_cntr_SgAsNd,241,d_far_cntr_SgAsNd,2,0.3102851663781739,0.0,0.0,39.640366899154195,39.65041135130272,net_SaN
311_DDOT CITATION,951,311_DDOT CITATION,2,0.30602543536837246,0.0,0.0,39.096296220066044,39.15744284482575,311
Existing Bike Lane,616,Existing Bike Lane,7,0.2948976282682943,0.0,0.0,66.91659751870216,69.41796372012004,bk_opendc
crash_1stharm_Other Non-fixed Object,800,crash_1stharm_Other Non-fixed Object,1,0.29266763545564917,0.0,0.0,27.708419584343353,28.045037062518798,crash
311_MARKING REMOVAL,1050,311_MARKING REMOVAL,1,0.2923808193640258,0.0,0.0,27.68127202226119,27.731658993661885,311
DIRECTIONALITY_Bi-direction,11,DIRECTIONALITY_Bi-direction,2,0.28840138387763414,0.0,0.0,36.84527857580933,42.304171071992855,seg_attr
v0rq_Other Walking Issue,1710,v0rq_Other Walking Issue,1,0.2860588235110271,0.0,0.0,27.082885878962617,27.267961836078012,v0
311_ROADWAY MARKINGS,1180,311_ROADWAY MARKINGS,1,0.28504103627218635,0.0,0.0,26.986550829919594,27.157361354382743,311
cycle_lane_right,470,cycle_lane_right,1,0.2840839314827754,0.0,0.0,26.89595946336617,26.92330796414643,bk_osm
311_UTILITY REPAIR,1541,311_UTILITY REPAIR,2,0.2836940350537888,0.0,0.0,36.24403627543842,37.17663373529139,311
STREETTYPE_RD,135,STREETTYPE_RD,6,0.28089913421338947,0.0,0.0,59.02994614213703,61.76703343347645,seg_attr
DIRECTIONALITY_one-way,25,DIRECTIONALITY_one-way,6,0.27569496740365906,0.0,0.0,57.93659701411009,65.14031939405442,seg_attr
311_ALLEY REPAIR,840,311_ALLEY REPAIR,1,0.27480491310915656,0.0,0.0,26.017686818572727,26.2829200821381,311
crash_1stharm_Hit and Run,773,crash_1stharm_Hit and Run,4,0.270734829279205,0.0,0.0,47.125112065631505,47.33181996647189,crash
FAILURE TO DISPLAY CURRENT TAGS,2013,FAILURE TO DISPLAY CURRENT TAGS,4,0.2706519757115971,0.0,0.0,47.11069420392552,47.44416883499243,parking
FAIL TO REPORT FOR INSPECTION.,2005,FAIL TO REPORT FOR INSPECTION.,6,0.2700315981499586,0.0,0.0,56.7467735396491,57.030253636773004,parking
STREETTYPE_WAY,163,STREETTYPE_WAY,4,0.2694627599150491,0.0,0.0,46.90375140848256,46.94169185218158,seg_attr
STREETTYPE_ST,145,STREETTYPE_ST,6,0.26446219403965887,0.0,0.0,55.57669130549771,152.88648111752116,seg_attr
v0rq_Other Biking Issue,1692,v0rq_Other Biking Issue,3,0.2637740102981136,0.0,0.0,40.38234966689255,40.759795270600655,v0
STREETTYPE_DR,86,STREETTYPE_DR,7,0.25615659510773653,0.0,0.0,58.12789299554032,58.76707650888617,seg_attr
STAND OR PARK IN ALLEY,2287,STAND OR PARK IN ALLEY,8,0.255378075578662,0.0,0.0,61.910001171403565,61.99274099876402,parking
Cycle Track,606,Cycle Track,7,0.24827727621407933,0.0,0.0,56.3404082551844,56.48465868065643,bk_opendc
d_btw_cntr_SgAsNd,220,d_btw_cntr_SgAsNd,1,0.24675384276732695,0.0,0.0,23.362612030872167,23.43400013031168,net_SaN
d_btw_cntr_SgAsEg,410,d_btw_cntr_SgAsEg,1,0.24669287382048302,0.0,0.0,23.356841230983775,23.42840638470692,net_SaE
cycle_lane_one,466,cycle_lane_one,7,0.2459778208456144,0.0,0.0,55.81875893019398,56.49088394726177,bk_osm
311_LIGHT-INFRASTRUCTURE,982,311_LIGHT-INFRASTRUCTURE,3,0.2434585215829386,0.0,0.0,37.27303193725689,37.2755665423366,311
cycle_way_both,483,cycle_way_both,4,0.243230955242674,0.0,0.0,42.3389928472757,42.67879915492848,bk_osm
ud_page_rank_SgAsNd,400,ud_page_rank_SgAsNd,1,0.23986833621746562,0.0,0.0,22.710888776882015,23.814065922691228,net_SaN
Bus/Bike Lane,576,Bus/Bike Lane,7,0.23958585644292912,0.0,0.0,54.36869211796029,54.39937715955248,bk_opendc
NO FRONT TAGS.,2047,NO FRONT TAGS.,8,0.23561807675167146,0.0,0.0,57.12107258676413,57.37366537776537,parking
is_shared,443,is_shared,4,0.22740425692955524,0.0,0.0,39.584891193853096,39.65703623756943,bk_osm
311_SPEED STUDY DATA MAP,1390,311_SPEED STUDY DATA MAP,1,0.22524659969138414,0.0,0.0,21.326920053773847,21.358269822981562,311
DISOBEYING OFFICIAL SIGN,1950,DISOBEYING OFFICIAL SIGN,1,0.2248600343579432,0.0,0.0,21.290331080229844,21.315541388040533,parking
cycle_lane_both,454,cycle_lane_both,5,0.22465723646797545,0.0,0.0,43.34521672617639,44.10086148254878,bk_osm
cycle_way_right,506,cycle_way_right,7,0.2217359180283772,0.0,0.0,50.31929483338167,50.32898710872622,bk_osm
PARK LESS THAN 40 FEET FROM AN INTERSECTION,2152,PARK LESS THAN 40 FEET FROM AN INTERSECTION,3,0.22140051111221282,0.0,0.0,33.897018492604396,33.91439777890007,parking
STREETTYPE_BLVD,43,STREETTYPE_BLVD,4,0.22064228979689887,0.0,0.0,38.40819947382445,38.50439469720961,seg_attr
Shared Lane,622,Shared Lane,3,0.2188751929480375,0.0,0.0,33.510514547219316,33.808380354740216,bk_opendc
311_ROADWAY REPAIR,1192,311_ROADWAY REPAIR,3,0.2167399507539328,0.0,0.0,33.183712346973124,33.29916706625924,311
FAILURE TO SECURE DC TAGS,2021,FAILURE TO SECURE DC TAGS,2,0.2124851447129723,0.0,0.0,27.148938665824897,27.505268971425956,parking
cycle_way_one,496,cycle_way_one,7,0.20843724745329975,0.0,0.0,47.30238803714744,47.41270667052118,bk_osm
OBSTRUCTING CROSSWALK,2102,OBSTRUCTING CROSSWALK,3,0.20459635046344823,0.0,0.0,31.325115085829793,31.368312190669652,parking
Climbing Lane,583,Climbing Lane,4,0.19638301323465535,0.0,0.0,34.186692728129415,34.24018822354975,bk_opendc
311_LIGHT-LIGHT POLE,990,311_LIGHT-LIGHT POLE,1,0.19614890431372267,0.0,0.0,18.572780677415878,18.601532042658654,311
FAIL TO STOP PER REGULATIONS FACING RED SIGNAL,1900,FAIL TO STOP PER REGULATIONS FACING RED SIGNAL,1,0.1956148979391669,0.0,0.0,18.522236193933544,18.567556100688652,moving
FAIL TO DISPLAY CURRENT INSPECTION STICKER,1983,FAIL TO DISPLAY CURRENT INSPECTION STICKER,4,0.19341229035497812,0.0,0.0,33.66973886744973,33.84033212353778,parking
311_STRCAR,1402,311_STRCAR,3,0.19242694057699375,0.0,0.0,29.462567625138274,29.473393603726468,311
ud_bridge_SgAsEg,423,ud_bridge_SgAsEg,4,0.19188495133068295,0.0,0.0,33.403957158028916,34.76354337991455,net_SaE
crash_1stharm_null,833,crash_1stharm_null,4,0.18710318108262125,0.0,0.0,32.57185174438383,32.84717948040116,crash
STREETTYPE_AVE,35,STREETTYPE_AVE,6,0.1868403023991018,0.0,0.0,39.2690227307079,44.92389187401825,seg_attr
NO PARKING STREET CLEANING,2060,NO PARKING STREET CLEANING,1,0.18588800985968298,0.0,0.0,17.601572027186517,17.658385540954185,parking
RESIDENTIAL PMT PKG 3RD OFFENSE CALENDAR YEAR,2271,RESIDENTIAL PMT PKG 3RD OFFENSE CALENDAR YEAR,2,0.18409020728535003,0.0,0.0,23.522218374481405,23.575863288931966,parking
RESIDENTIAL PERMIT PKING BEYOND LIMIT W/O PERMIT,2255,RESIDENTIAL PERMIT PKING BEYOND LIMIT W/O PERMIT,6,0.18079817750277183,0.0,0.0,37.99962606677306,38.15377790631075,parking
PARK LESS THAN 25 FEET FROM AN INTERSECTION,2148,PARK LESS THAN 25 FEET FROM AN INTERSECTION,9,0.17881195794433055,0.0,0.0,45.97270949141495,45.99566206138833,parking
311_BICYCLE SERVICES,871,311_BICYCLE SERVICES,2,0.17595242775783784,0.0,0.0,22.482827102211942,22.545526313182,311
PARK ABREAST OF ANOTHER VEHICLE,2117,PARK ABREAST OF ANOTHER VEHICLE,8,0.17565756365177337,0.0,0.0,42.58936043192681,42.61875975544589,parking
crash_1stharm_Parked Motor Vehicle,811,crash_1stharm_Parked Motor Vehicle,2,0.17509160447631147,0.0,0.0,22.372879148625838,22.480644374491938,crash
side_walk_right,540,side_walk_right,1,0.17091285859038888,0.0,0.0,16.1841520823292,16.272524226360296,bk_osm
side_walk_left,524,side_walk_left,5,0.16988091626578838,0.0,0.0,32.78018829120553,32.931004315714105,bk_osm
NO STANDING ANYTIME,2080,NO STANDING ANYTIME,1,0.16831497909828422,0.0,0.0,15.93825899315585,15.967850119470391,parking
STREETTYPE_TER,154,STREETTYPE_TER,5,0.16680135463567977,0.0,0.0,32.1862152738643,32.340564968613876,seg_attr
PARK AT EXPIRED METER,2120,PARK AT EXPIRED METER,1,0.16642160340825052,0.0,0.0,15.759048218059068,15.806822033337154,parking
311_ANC RESOLUTION,861,311_ANC RESOLUTION,2,0.16633778150514297,0.0,0.0,21.25480422850005,21.258576905957852,311
ud_btw_cntr_SgAsNd,336,ud_btw_cntr_SgAsNd,7,0.1662565799461154,0.0,0.0,37.73337572469832,37.83931350954863,net_SaN
311_RESIDENT PARKING PER,1150,311_RESIDENT PARKING PER,1,0.16409333410989846,0.0,0.0,15.538674127598297,15.546944777907765,311
v0rq_Double parking,1634,v0rq_Double parking,5,0.1626448278176814,0.0,0.0,31.384521697866862,31.427615513703348,v0
NO STOPPING OR STANDING IN PM RUSH HOUR ZONE,2097,NO STOPPING OR STANDING IN PM RUSH HOUR ZONE,8,0.16117870399059403,0.0,0.0,39.08034074465364,39.22117118589229,parking
"crash_1stharm_Other Fixed Object (Wall, Building, Tunnel, Etc.)",791,"crash_1stharm_Other Fixed Object (Wall, Building, Tunnel, Etc.)",2,0.15855876817891795,0.0,0.0,20.261236077530747,20.348667553973442,crash
crash_evt_COLLISION_WITH_FIXED,730,crash_evt_COLLISION_WITH_FIXED,1,0.15502742361698246,0.0,0.0,14.680572455042967,14.7344073178847,crash
Contraflow Bike Lane,597,Contraflow Bike Lane,8,0.15431519659349513,0.0,0.0,37.416937469550454,37.47092574316441,bk_opendc
ud_btw_cntr_SgAsEg,436,ud_btw_cntr_SgAsEg,7,0.1507688272726898,0.0,0.0,34.21985863777849,34.31658183867789,net_SaE
bikable_no,551,bikable_no,2,0.14613324041204778,0.0,0.0,18.67419564831246,18.685142061584507,bk_osm
STREETTYPE_PKWY,114,STREETTYPE_PKWY,5,0.1416098574821852,0.0,0.0,27.327384254114065,27.375638376352576,seg_attr
STREETTYPE_PL,122,STREETTYPE_PL,3,0.14136372142547635,0.0,0.0,21.647261044721777,22.73172684830403,seg_attr
RESIDENTIAL PMT PKG 2ND OFFENSE CALENDAR YEAR,2261,RESIDENTIAL PMT PKG 2ND OFFENSE CALENDAR YEAR,2,0.14071482808332214,0.0,0.0,17.982133340038498,18.04853582220348,parking
STREETTYPE_LN,94,STREETTYPE_LN,5,0.14016015732282167,0.0,0.0,27.04777212702478,27.139806468245784,seg_attr
IMPROPER DISPLAY OF TAGS,2030,IMPROPER DISPLAY OF TAGS,1,0.13110506498997732,0.0,0.0,12.416286262791038,12.445685158010017,parking
EMERGENCY NO PARKING,1961,EMERGENCY NO PARKING,2,0.12948712600084938,0.0,0.0,16.54808422225274,16.576744927026546,parking
311_SIGN MISSING,1332,311_SIGN MISSING,3,0.1294313517625936,0.0,0.0,19.820992965743475,19.821665069236857,311
NO PARKING ANYTIME,2052,NO PARKING ANYTIME,3,0.1263657029302475,0.0,0.0,19.351790555656706,19.368930416200183,parking
FAIL TO PROPERLY AFFIX VALIDATION STICKERS,1993,FAIL TO PROPERLY AFFIX VALIDATION STICKERS,4,0.12432353429664683,0.0,0.0,21.64717714745788,21.72758623081388,parking
RELOCATE TOW FEE,2240,RELOCATE TOW FEE,1,0.11694555711971069,0.0,0.0,11.076068157226212,11.085770593623618,parking
PARK IN A BUS ZONE,2136,PARK IN A BUS ZONE,7,0.1099592268445406,0.0,0.0,24.961883550101746,24.975392329271333,parking
STREETTYPE_OTHER,100,STREETTYPE_OTHER,1,0.1099262769878884,0.0,0.0,10.411683038273447,10.418383608367883,seg_attr
PARK OVERTIME IN TIMED ZONE,2182,PARK OVERTIME IN TIMED ZONE,3,0.10835440122346153,0.0,0.0,16.59513229771904,16.612944020844388,parking
PARK MORE THAN 12 INCHES FROM CURB,2160,PARK MORE THAN 12 INCHES FROM CURB,1,0.10415985279215471,0.0,0.0,9.865882563970391,9.866914241001433,parking
PARK WITHIN 10 FEET OF A FIRE HYDRANT,2201,PARK WITHIN 10 FEET OF A FIRE HYDRANT,2,0.0993630333176023,0.0,0.0,12.700508982084559,12.73218462903186,parking
311_LIGHT-OHGS,1003,311_LIGHT-OHGS,4,0.09911763835016137,0.0,0.0,17.260943308358808,17.265325387788653,311
311_LIGHT-TUNNEL/UNDPASS,1010,311_LIGHT-TUNNEL/UNDPASS,1,0.09606870856886676,0.0,0.0,9.10004394287271,9.104836005758228,311
EXPIRED INSPECTION REJECTION STICKER,1971,EXPIRED INSPECTION REJECTION STICKER,2,0.09240265422330271,0.0,0.0,11.81150022265046,11.823510665944744,parking
ud_art_pt_SgAsNd,304,ud_art_pt_SgAsNd,5,0.09230565199233606,0.0,0.0,17.81779450728211,17.8949265445248,net_SaN
PARK ON SIDEWALK OR AREA RESERVED FOR PEDESTRIANS,2171,PARK ON SIDEWALK OR AREA RESERVED FOR PEDESTRIANS,2,0.087099393901213,0.0,0.0,11.134145610779067,11.153119609578093,parking
PARK WITHIN 5 FEET OF DRIVEWAY OR ALLEY,2210,PARK WITHIN 5 FEET OF DRIVEWAY OR ALLEY,1,0.08079014442185833,3.907985046680551e-14,3.597122599785507e-14,7.653905525883451,7.665060342854906,parking
FAIL TO PAY ATTENTION WHILE OPERATING A VEHICLE,1896,FAIL TO PAY ATTENTION WHILE OPERATING A VEHICLE,7,0.07959872421882523,0.0,0.0,18.07436752423203,18.167415385908964,moving
311_CHILD SAFETY SEAT PR,931,311_CHILD SAFETY SEAT PR,2,0.07744359030159653,0.0,0.0,9.900865948401977,9.933079585865297,311
NO REAR TAGS.,2079,NO REAR TAGS.,10,0.07427664695417964,0.0,0.0,20.133641882567705,20.139315070148392,parking
FAIL TO YIELD RIGHT OF WAY,1910,FAIL TO YIELD RIGHT OF WAY,1,0.06801612374631652,2.3146640160121024e-10,2.2127144561068235e-10,6.444825807359434,6.451654236273522,moving
UNAUTHORIZED VEHICLE IN LOADING ZONE,2297,UNAUTHORIZED VEHICLE IN LOADING ZONE,8,0.06666380594640653,0.0,0.0,16.17421099833792,16.19695849217977,parking
VEHICLE ON PRIVATE/PUBLIC PROPERTY WITHOUT CONSENT,2300,VEHICLE ON PRIVATE/PUBLIC PROPERTY WITHOUT CONSENT,1,0.060150948529699634,2.3908764745783628e-08,2.369974394511587e-08,5.7003754828615945,5.701872113511103,parking
SEAT BELT REGULATION VIOLATION,1949,SEAT BELT REGULATION VIOLATION,10,0.059641626995467725,0.0,0.0,16.170577333117834,16.170624499208014,moving
"DISTRACTED DRIVING USING CELL PHONE, OTHER DEVICE",1879,"DISTRACTED DRIVING USING CELL PHONE, OTHER DEVICE",10,0.04955096889850019,0.0,0.0,13.438095279965172,13.439883928333856,moving
PARK WITH LEFT WHEEL TO THE CURB,2190,PARK WITH LEFT WHEEL TO THE CURB,1,0.04819519443160081,9.81302417635277e-06,9.754690367902441e-06,4.5687458912993,4.569995572641838,parking
PARKED WITHIN 25 FEET OF A STOP SIGN,2231,PARKED WITHIN 25 FEET OF A STOP SIGN,2,0.048058109222692484,1.5729919589091423e-09,1.4398802150594747e-09,6.147629274737798,6.161643018087336,parking
PARKED IN DRIVEWAY OR ALLEY TO OBSTRUCT SIDEWALK,2225,PARKED IN DRIVEWAY OR ALLEY TO OBSTRUCT SIDEWALK,6,0.03994829937984726,0.0,0.0,8.408320280712383,8.410436469740592,parking
OWNER OPERATE OR PERMIT OPERATION OF UNINSRD VEH,1923,OWNER OPERATE OR PERMIT OPERATION OF UNINSRD VEH,4,0.018353346462252187,0.002685811139343741,0.002682148915642557,3.206649391501776,3.2070419337601286,moving
FAIL TO DISPLAY PROOF OF VEHICLE INSURANCE,1884,FAIL TO DISPLAY PROOF OF VEHICLE INSURANCE,5,0.015170079283855607,0.006559869354486825,0.006553029796918075,2.940206600595385,2.94052979362277,moving
