column,,column,db_b,I,p_norm,p_rand,z_norm,z_rand,ftr_type
v0rq_Failure to stop for pedestrians,1148,v0rq_Failure to stop for pedestrians,10,4.021382885167902,0.0,0.0,21.15731003930301,21.43100911118702,v0
STREETTYPE_CRES,43,STREETTYPE_CRES,50,3.0179537167235635,0.0,0.0,148.43432467581945,148.62124875932633,seg_attr
crash_evt_NON_COLLISION,525,crash_evt_NON_COLLISION,10,2.493982931681886,0.0,0.0,13.121497242611747,13.178316113948831,crash
SEGMENTTYPE_2,126,SEGMENTTYPE_2,10,2.187924195463699,0.0,0.0,11.511289841840227,11.614430313363497,seg_attr
STREETTYPE_CIR,36,STREETTYPE_CIR,50,2.0974348043267197,0.0,0.0,103.16084881911503,103.7299947412794,seg_attr
v0rq_Poor visibility,1204,v0rq_Poor visibility,10,1.814211905655442,0.0,0.0,9.545149936003519,9.592383948065475,v0
ud_node_ecc_SgAsNd,273,ud_node_ecc_SgAsNd,10,1.5569309860961116,4.440892098500626e-16,0.0,8.191567790724049,8.561813086300637,net_SaN
d_node_ecc_SgAsNd,189,d_node_ecc_SgAsNd,10,1.4666676466545845,2.398081733190338e-14,2.6645352591003757e-15,7.7166828095500914,7.987850655829825,net_SaN
v0rq_Blocking the crosswalk,1127,v0rq_Blocking the crosswalk,10,1.4637380486259093,2.708944180085382e-14,1.9984014443252818e-14,7.70126988428827,7.740143138683811,v0
ud_bridge_SgAsEg,294,ud_bridge_SgAsEg,10,1.3397490348257544,3.6055602947726584e-12,4.3876013933186186e-13,7.048950561199108,7.336467830927573,net_SaE
STREETTYPE_CT,50,STREETTYPE_CT,50,1.3203427858809407,0.0,0.0,64.94147465771205,65.12392162964667,seg_attr
ud_clo_cntr_SgAsNd,238,ud_clo_cntr_SgAsNd,10,1.2717585064539914,4.425571020760799e-11,5.74473801862041e-12,6.691245196146133,6.983831279356374,net_SaN
ud_deg_cntr_SgAsNd,245,ud_deg_cntr_SgAsNd,10,1.267652927336834,5.128431013190493e-11,1.745270594710746e-13,6.669645309926296,7.458838472420654,net_SaN
v0ur_Pedestrian,1106,v0ur_Pedestrian,10,1.2486413859548235,1.0088507806926827e-10,3.8287595316433e-11,6.5696235787656345,6.712409228650175,v0
d_clo_cntr_SgAsNd,161,d_clo_cntr_SgAsNd,10,1.2077733723678103,4.179048218588832e-10,6.855316314613447e-11,6.354612634311733,6.626918832293397,net_SaN
ud_far_cntr_SgAsNd,259,ud_far_cntr_SgAsNd,10,1.1718258811089628,1.4053123109647458e-09,2.0336576866952782e-10,6.165489078554444,6.464427738865651,net_SaN
311_STREET REPAIR,994,311_STREET REPAIR,10,1.1613522808733014,1.9878045875998396e-09,8.139413587571198e-10,6.11038635931639,6.251330516156695,311
ud_page_rank_SgAsNd,280,ud_page_rank_SgAsNd,10,1.0835511740096522,2.3812034566361717e-08,4.514566054325542e-09,5.701066502585505,5.978119382011232,net_SaN
v0rq_Not enough time to cross,1177,v0rq_Not enough time to cross,50,1.0126499609111885,0.0,0.0,49.808354093923164,50.07295669405272,v0
d_out_deg_SgAsNd,196,d_out_deg_SgAsNd,10,0.9901771076641417,3.7805669927948315e-07,3.0578428678040837e-10,5.209815657968256,6.402461067871808,net_SaN
crime_ofn_THEFT F/AUTO,1297,crime_ofn_THEFT F/AUTO,100,0.9130710311061969,0.0,0.0,122.09109551964015,126.13929277768612,crime
311_POTHOLES,784,311_POTHOLES,10,0.9099392764003194,3.3744761065435114e-06,2.076099348435889e-06,4.787675936294838,4.884284757077987,311
crime_ofn_BURGLARY,1262,crime_ofn_BURGLARY,100,0.8533140875390998,0.0,0.0,114.10135590123585,119.3420384936622,crime
crime_ofn_SEX ABUSE,1289,crime_ofn_SEX ABUSE,50,0.8530269627104051,0.0,0.0,41.95768654337701,43.96500296489428,crime
d_in_deg_SgAsNd,182,d_in_deg_SgAsNd,10,0.8466876216451947,1.6786282427183608e-05,9.743127193928558e-08,4.454902286843643,5.455935643859999,net_SaN
crime_mtd_OTHERS,1249,crime_mtd_OTHERS,150,0.8445493427196554,0.0,0.0,174.60628003524673,178.64102263754486,crime
crime_ofn_ROBBERY,1284,crime_ofn_ROBBERY,150,0.8356662188846163,0.0,0.0,172.7699001902654,180.72460891515718,crime
crime_mtd_GUN,1235,crime_mtd_GUN,150,0.8133729849321721,0.0,0.0,168.16129107145053,175.60847530261915,crime
crime_ofn_ASSAULT W/DANGEROUS WEAPON,1255,crime_ofn_ASSAULT W/DANGEROUS WEAPON,100,0.8038887794820286,0.0,0.0,107.4929967991339,112.7800013090632,crime
crime_mtd_KNIFE,1242,crime_mtd_KNIFE,150,0.7975374926401053,0.0,0.0,164.88767027987672,171.70422305438834,crime
crime_ofn_MOTOR VEHICLE THEFT,1276,crime_ofn_MOTOR VEHICLE THEFT,100,0.7969713970773418,0.0,0.0,106.5681154220882,111.50060379454635,crime
crime_ofn_THEFT/OTHER,1305,crime_ofn_THEFT/OTHER,150,0.795230849421508,0.0,0.0,164.4108252876357,165.96840751744787,crime
d_auth_score_SgAsNd,149,d_auth_score_SgAsNd,100,0.7934704789088672,0.0,0.0,106.10002882123914,106.1233533269447,net_SaN
cycling facilities,500,cycling facilities,150,0.788060694357947,0.0,0.0,162.92856201081668,168.56153435806763,poi
d_page_rank_SgAsNd,203,d_page_rank_SgAsNd,10,0.786117677336707,7.060938976088948e-05,6.972461638721228e-06,4.136237399851764,4.63987316357124,net_SaN
v0ur_Car Driver,1099,v0ur_Car Driver,10,0.7658242112117117,0.00011180486739936768,8.361741104678799e-05,4.029471326954963,4.09725013787284,v0
311_TRAFFIC SIGNAL MAIN,1043,311_TRAFFIC SIGNAL MAIN,10,0.7596148850193573,0.0001284071554850108,9.942941954932394e-05,3.996803404737556,4.05696414852054,311
d_hub_score_SgAsNd,177,d_hub_score_SgAsNd,100,0.7578303682130281,0.0,0.0,101.3348051094352,101.35589993030443,net_SaN
STREETTYPE_WAY,113,STREETTYPE_WAY,50,0.7525551133610412,0.0,0.0,37.01622386994539,37.0489891080096,seg_attr
311_ROADWAY SIGN,840,311_ROADWAY SIGN,10,0.7424142327909787,0.0001874333488856017,0.00011850736491947345,3.906308953056596,4.0157633839065605,311
311_SIGNS CONFLICTING,966,311_SIGNS CONFLICTING,10,0.7265639379126307,0.00026376235870806397,0.00024216917015928985,3.8229188742995164,3.8439198120567117,311
311_TRAFFIC SIGNAL ISSUE,1037,311_TRAFFIC SIGNAL ISSUE,50,0.7088162076932615,0.0,0.0,34.86503255482854,35.298359213666814,311
crime_ofn_HOMICIDE,1269,crime_ofn_HOMICIDE,100,0.7060597390073236,0.0,0.0,94.41286729696837,96.48863769786365,crime
ud_eig_cntr_SgAsNd,254,ud_eig_cntr_SgAsNd,100,0.6954156819186923,0.0,0.0,92.98971478037245,93.0053531759688,net_SaN
ud_hub_score_SgAsNd,268,ud_hub_score_SgAsNd,100,0.6954129334832916,0.0,0.0,92.98934730369278,93.00498555230767,net_SaN
ud_auth_score_SgAsNd,219,ud_auth_score_SgAsNd,100,0.6954121979234718,0.0,0.0,92.98924895643665,93.00488717018509,net_SaN
311_ANC RESOLUTION,603,311_ANC RESOLUTION,50,0.6848971810260549,0.0,0.0,33.68863361098283,33.69589338768395,311
311_ROADWAY MARKINGS,826,311_ROADWAY MARKINGS,10,0.6845684872126117,0.0006316141682343179,0.0005782318832738831,3.6019763638798836,3.62486186565114,311
residence,485,residence,100,0.6758646254440019,0.0,0.0,90.37566122989094,90.45512489198786,poi
SHAPE_Length,0,SHAPE_Length,10,0.6628190543605786,0.0009749344558191986,0.0009496100259074325,3.4875502959503586,3.494581841503895,seg_attr
DIRECTIONALITY_Bi-direction,7,DIRECTIONALITY_Bi-direction,10,0.6564441429539798,0.0011046288241374214,0.00014623979628503037,3.4540112123972904,3.965898752921475,seg_attr
v0rq_Red light running,1212,v0rq_Red light running,50,0.6555533242818657,0.0,0.0,32.24542764100281,32.47879891964561,v0
professional service,465,professional service,150,0.6383432344494875,0.0,0.0,131.97794926204267,132.9853129946601,poi
311_MARKING MODIFICATION,729,311_MARKING MODIFICATION,50,0.6299604831696309,0.0,0.0,30.9867062192101,31.128661098504544,311
311_PEDESTRIAN SIGNAL RE,778,311_PEDESTRIAN SIGNAL RE,50,0.5990258329226588,0.0,0.0,29.465260953685654,29.469428183463197,311
schools&university,493,schools&university,150,0.5924230474463035,0.0,0.0,122.48501553102813,122.87463696378533,poi
v0rq_Long wait to cross,1170,v0rq_Long wait to cross,50,0.585584279060444,0.0,0.0,28.804170935803192,29.035648390426367,v0
crash_1stharm_Other Non-fixed Object,561,crash_1stharm_Other Non-fixed Object,50,0.58543006997653,0.0,0.0,28.796586538412285,29.146908557708933,crash
outdoors and recreation,449,outdoors and recreation,50,0.565354190050024,0.0,0.0,27.809203386459256,28.105090184964236,poi
retail shop,457,retail shop,100,0.5475228594324802,0.0,0.0,73.21585968403618,73.53764328153719,poi
side_walk_both,359,side_walk_both,100,0.5457817590458276,0.0,0.0,72.98306767848058,92.10823816477935,bk_osm
DIRECTIONALITY_one-way,14,DIRECTIONALITY_one-way,10,0.5368235308355066,0.009465733416738509,0.0029831808639273483,2.8246745128538664,3.1763147055242116,seg_attr
311_STREETLIGHT REPAIR,1008,311_STREETLIGHT REPAIR,10,0.5350799335092246,0.009740241108984193,0.007053277275427927,2.8155012627991995,2.9176642441170935,311
311_BICYCLES,619,311_BICYCLES,150,0.5310768171974181,0.0,0.0,109.80310510327116,110.28224895965965,311
311_PARKING METER REQUES,752,311_PARKING METER REQUES,150,0.5155607462128923,0.0,0.0,106.59551725935388,107.08936300483703,311
cycle_lane_right,330,cycle_lane_right,50,0.5124840899821386,0.0,0.0,25.208916562658455,25.234998565748423,bk_osm
bikable_yes,393,bikable_yes,50,0.49775092297102635,0.0,0.0,24.48430170468276,25.461444561494996,bk_osm
311_S0499,891,311_S0499,100,0.49708964250940146,0.0,0.0,66.47273918153832,66.47686866819393,311
311_MARKING INSTALLATION,715,311_MARKING INSTALLATION,50,0.49353044026447945,0.0,0.0,24.276727564330805,24.43418335880955,311
transportation,507,transportation,150,0.479897370858213,0.0,0.0,99.22294147165528,99.66290759822272,poi
v0rq_Speeding,1218,v0rq_Speeding,10,0.47910502747884404,0.02340361494581078,0.02242610308739712,2.5210113584713083,2.535988190351711,v0
311_S0306,863,311_S0306,100,0.47052505132640404,0.0,0.0,62.92094831085577,62.92718693779915,311
v0rq_Long distance to cross,1163,v0rq_Long distance to cross,50,0.46207055566836114,0.0,0.0,22.72944992936241,22.78169120583205,v0
v0rq_Stop sign running,1227,v0rq_Stop sign running,100,0.4604994201282682,0.0,0.0,61.58048178091495,62.14052602164763,v0
311_SCHOOL CROSSING GUAR,905,311_SCHOOL CROSSING GUAR,100,0.4538146185681357,0.0,0.0,60.6866973823506,60.68798828248377,311
311_SIDEWALK REPAIR,926,311_SIDEWALK REPAIR,100,0.45062710183874305,0.0,0.0,60.26051379301493,60.58150162299314,311
v0ur_Biker,1093,v0ur_Biker,50,0.4439203794449185,0.0,0.0,21.83677781368869,21.99501436101708,v0
food,472,food,150,0.43474121712251756,0.0,0.0,89.88795390005112,90.25844813073006,poi
Bus/Bike Lane,400,Bus/Bike Lane,50,0.43369590459292556,0.0,0.0,21.333911974513377,21.348817073373677,bk_opendc
311_SIGN NEW,939,311_SIGN NEW,50,0.43304739246956064,0.0,0.0,21.30201648864716,21.570250387410113,311
side_walk_no,373,side_walk_no,100,0.4207837883468787,0.0,0.0,56.27034478641774,56.90144184118594,bk_osm
311_TRAFFIC SAFETY,1030,311_TRAFFIC SAFETY,50,0.414480845833726,0.0,0.0,20.38886621053809,20.57591845136682,311
v0rq_Jaywalking,1156,v0rq_Jaywalking,50,0.41426325410638326,0.0,0.0,20.378164492537728,20.459202074842203,v0
311_TREE PRUNING,1066,311_TREE PRUNING,100,0.4141377430329374,0.0,0.0,55.38174225120132,56.945953454091104,311
v0rq_Other Driving Issue,1191,v0rq_Other Driving Issue,50,0.4066118682571003,0.0,0.0,20.001849755433767,20.201599851830615,v0
v0rq_Cyclist behavior,1136,v0rq_Cyclist behavior,100,0.40285819161865577,0.0,0.0,53.87362163068592,54.08228440300458,v0
311_BUS AND/OR RAIL ISSU,638,311_BUS AND/OR RAIL ISSU,50,0.4016009523778322,0.0,0.0,19.755400088811147,19.88833790533003,311
311_TREE INSPECTION,1052,311_TREE INSPECTION,100,0.3993852875365119,0.0,0.0,53.40928062393971,56.45462651895509,311
OBSTRUCTING CROSSWALK,1471,OBSTRUCTING CROSSWALK,50,0.39425246162517297,0.0,0.0,19.393982507712813,19.42184138325287,parking
311_SIGN REPLACE,954,311_SIGN REPLACE,100,0.3832962729220538,0.0,0.0,51.25811575818842,53.45944571474503,311
v0rq_Other Walking Issue,1198,v0rq_Other Walking Issue,50,0.3755134355121263,0.0,0.0,18.47234924751378,18.59890317974264,v0
311_TREE PLANTING,1060,311_TREE PLANTING,150,0.3753815182134099,0.0,0.0,77.61671275728173,78.60199265176884,311
crash_1stharm_Motor Vehicle In Transport,547,crash_1stharm_Motor Vehicle In Transport,50,0.3750701637862347,0.0,0.0,18.450548009636048,18.593766421714445,crash
nightlife spot,478,nightlife spot,100,0.37290443645378213,0.0,0.0,49.86868613574961,50.00418369742164,poi
ud_bridge_SgAsNd,226,ud_bridge_SgAsNd,100,0.3682487077153337,0.0,0.0,49.24619679587302,49.38392684061941,net_SaN
311_TRAFFIC CALMING,1016,311_TRAFFIC CALMING,50,0.36134475778704106,0.0,0.0,17.775497417237062,17.81244010582417,311
art,443,art,100,0.3530567931329001,0.0,0.0,47.21497775130467,47.493168217895715,poi
crash_evt_COLLISION_WITH_NON_FIXED,521,crash_evt_COLLISION_WITH_NON_FIXED,150,0.34758294087941427,0.0,0.0,71.87000156837028,72.59125121202038,crash
311_ALLEYLIGHT REPAIR,597,311_ALLEYLIGHT REPAIR,100,0.3463950668863958,0.0,0.0,46.324278613406236,46.95398058033308,311
311_MARKING MAINTENANCE,723,311_MARKING MAINTENANCE,100,0.3450213337236597,0.0,0.0,46.14060505816315,46.28396085590385,311
v0rq_Blocking the bikebox,1121,v0rq_Blocking the bikebox,50,0.34018610239229397,0.0,0.0,16.734860596772215,16.754528119329613,v0
cycle_way_both,337,cycle_way_both,50,0.33645959897207334,0.0,0.0,16.55158162188837,16.68569301486983,bk_osm
crash_evt_PENDING_INVESTIGATION,535,crash_evt_PENDING_INVESTIGATION,150,0.33087011959331575,0.0,0.0,68.41501335335666,69.03715647726865,crash
311_SAFE ROUTES TO SCHOO,898,311_SAFE ROUTES TO SCHOO,100,0.3248355918768581,0.0,0.0,43.441691564048746,43.51194086205606,311
crash_1stharm_Pedestrian,575,crash_1stharm_Pedestrian,50,0.3230489665606008,0.0,0.0,15.892012400086012,16.03943266098787,crash
v0rq_Accessibility Issue,1115,v0rq_Accessibility Issue,100,0.3230246180935412,0.0,0.0,43.199557209097804,43.38351647041766,v0
311_DDOT CITATION,667,311_DDOT CITATION,100,0.3202579335826696,0.0,0.0,42.829640551240026,42.89643998064826,311
311_TREE REMOVAL,1073,311_TREE REMOVAL,100,0.29935637917147495,0.0,0.0,40.03502008712871,41.554246769423536,311
311_ROADWAY LIGHTING ,821,311_ROADWAY LIGHTING ,100,0.2966292513039154,0.0,0.0,39.670392308878476,39.847285017267176,311
crash_1stharm_Hit and Run,540,crash_1stharm_Hit and Run,50,0.2943594024168899,0.0,0.0,14.480986214629747,14.545613177180655,crash
elevation_diff,142,elevation_diff,100,0.29434943872186503,0.0,0.0,39.36557235286965,40.192870062619065,elevation
Existing Bike Lane,428,Existing Bike Lane,50,0.290961699003824,0.0,0.0,14.313878465545972,14.850991323808092,bk_opendc
311_SIGN REMOVAL,947,311_SIGN REMOVAL,100,0.2900043448939385,0.0,0.0,38.78461612869985,39.34294242673375,311
side_walk_right,379,side_walk_right,50,0.2890856581763946,0.0,0.0,14.22160997658504,14.29951365231984,bk_osm
311_CURB GUTTER REPAIR,660,311_CURB GUTTER REPAIR,100,0.2790591816940408,0.0,0.0,37.32120453453201,37.69371391736599,311
FAIL TO STOP PER REGULATIONS FACING RED SIGNAL,1331,FAIL TO STOP PER REGULATIONS FACING RED SIGNAL,50,0.27807000438961266,0.0,0.0,13.679831932652048,13.713545463532453,moving
FAILURE TO DISPLAY CURRENT TAGS,1410,FAILURE TO DISPLAY CURRENT TAGS,150,0.27572164039623864,0.0,0.0,57.01434422394333,57.41593605674901,parking
FAIL TO REPORT FOR INSPECTION.,1403,FAIL TO REPORT FOR INSPECTION.,150,0.2749802517142302,0.0,0.0,56.86107930743194,57.145348954939685,parking
crash_1stharm_null,582,crash_1stharm_null,50,0.2748670288741933,0.0,0.0,13.522301399912228,13.637643267296097,crash
d_far_cntr_SgAsNd,170,d_far_cntr_SgAsNd,100,0.2712629685780148,0.0,0.0,36.27882001671116,36.287857261539806,net_SaN
311_UTILITY REPAIR,1080,311_UTILITY REPAIR,100,0.2710711360237288,0.0,0.0,36.25317124574686,37.185803293068204,311
v0rq_Other Biking Issue,1184,v0rq_Other Biking Issue,50,0.2643504917192926,0.0,0.0,13.005071189248971,13.127376464570755,v0
STREETTYPE_ST,101,STREETTYPE_ST,150,0.2588881332751579,0.0,0.0,53.534407011364024,147.26792581954678,seg_attr
311_MARKING REMOVAL,737,311_MARKING REMOVAL,100,0.2575331243904818,0.0,0.0,34.44308556458883,34.50493478917419,311
311_ALLEY REPAIR,590,311_ALLEY REPAIR,100,0.25732633912283526,0.0,0.0,34.41543755672907,34.765406282401415,311
"crash_1stharm_Other Fixed Object (Wall, Building, Tunnel, Etc.)",554,"crash_1stharm_Other Fixed Object (Wall, Building, Tunnel, Etc.)",50,0.25653715686333434,0.0,0.0,12.620791385545086,12.675730531411059,crash
STREETTYPE_RD,94,STREETTYPE_RD,150,0.25606549597458395,0.0,0.0,52.950892209057564,55.40631441252445,seg_attr
STAND OR PARK IN ALLEY,1600,STAND OR PARK IN ALLEY,200,0.2541681295631053,0.0,0.0,70.00082025040292,70.09109229499205,parking
Cycle Track,423,Cycle Track,150,0.24571278537013344,0.0,0.0,50.81070938058595,50.94202288437417,bk_opendc
bikable_no,386,bikable_no,50,0.2409392067329215,0.0,0.0,11.853644280653352,11.861042892171685,bk_osm
cycle_way_right,353,cycle_way_right,150,0.24077514538808037,0.0,0.0,49.78996682276519,49.80074610615089,bk_osm
DISOBEYING OFFICIAL SIGN,1367,DISOBEYING OFFICIAL SIGN,100,0.23961633773706922,0.0,0.0,32.047540350691904,32.08470336992643,parking
STREETTYPE_DR,59,STREETTYPE_DR,150,0.23274985077277585,0.0,0.0,48.13092327510561,48.6613611155972,seg_attr
NO FRONT TAGS.,1431,NO FRONT TAGS.,150,0.2325321710006807,0.0,0.0,48.08592303042153,48.300692276461966,parking
cycle_lane_one,325,cycle_lane_one,150,0.22822341671903534,0.0,0.0,47.195188006715114,47.7646376395192,bk_osm
STREETTYPE_OTHER,71,STREETTYPE_OTHER,50,0.22544175330305755,0.0,0.0,11.091439860680643,11.098775771307247,seg_attr
ud_art_pt_SgAsNd,211,ud_art_pt_SgAsNd,50,0.2224506935488557,0.0,0.0,10.944331887401502,10.9927563041745,net_SaN
cycle_lane_both,317,cycle_lane_both,100,0.21062983581223566,0.0,0.0,28.171930438217835,28.6646025755472,bk_osm
is_shared,311,is_shared,150,0.20708086702388742,0.0,0.0,42.82445617265693,42.901038580211605,bk_osm
d_btw_cntr_SgAsEg,291,d_btw_cntr_SgAsEg,200,0.20468141023132344,0.0,0.0,56.375574470129244,56.53791403388941,net_SaE
d_btw_cntr_SgAsNd,158,d_btw_cntr_SgAsNd,200,0.2040192509214973,0.0,0.0,56.193261246219826,56.354607679915595,net_SaN
Shared Lane,437,Shared Lane,150,0.20319325077341155,0.0,0.0,42.02078167031173,42.39201295793209,bk_opendc
311_LIGHT-LIGHT POLE,695,311_LIGHT-LIGHT POLE,100,0.19996412738254046,0.0,0.0,26.745883051717875,26.786630491690534,311
311_ROADWAY REPAIR,835,311_ROADWAY REPAIR,100,0.19828055361046001,0.0,0.0,26.52078258197591,26.61345824149041,311
STREETTYPE_BLVD,33,STREETTYPE_BLVD,300,0.19554495051312565,0.0,0.0,80.37936227282881,80.55001083314815,seg_attr
311_LIGHT-INFRASTRUCTURE,688,311_LIGHT-INFRASTRUCTURE,100,0.19449162248427504,0.0,0.0,26.014187509952286,26.016351214339636,311
FAIL TO DISPLAY CURRENT INSPECTION STICKER,1389,FAIL TO DISPLAY CURRENT INSPECTION STICKER,150,0.1943036246336845,0.0,0.0,40.183057624630635,40.38526087147341,parking
FAILURE TO SECURE DC TAGS,1417,FAILURE TO SECURE DC TAGS,150,0.18980389853606955,0.0,0.0,39.252843606786726,39.76508924212308,parking
RESIDENTIAL PMT PKG 3RD OFFENSE CALENDAR YEAR,1591,RESIDENTIAL PMT PKG 3RD OFFENSE CALENDAR YEAR,100,0.18799976025092832,0.0,0.0,25.146199862211343,25.203438292631294,parking
311_SPEED STUDY DATA MAP,975,311_SPEED STUDY DATA MAP,100,0.18715160466221234,0.0,0.0,25.032798106612415,25.06898140390661,311
cycle_way_one,346,cycle_way_one,150,0.18299865148060268,0.0,0.0,37.84601659808467,37.935189964030826,bk_osm
STREETTYPE_AVE,24,STREETTYPE_AVE,150,0.18091034575226522,0.0,0.0,37.41430781850519,42.802242614097985,seg_attr
RESIDENTIAL PERMIT PKING BEYOND LIMIT W/O PERMIT,1578,RESIDENTIAL PERMIT PKING BEYOND LIMIT W/O PERMIT,150,0.17668071015165948,0.0,0.0,36.53992874726783,36.68829945231406,parking
STREETTYPE_TER,107,STREETTYPE_TER,100,0.17542420822761817,0.0,0.0,23.46479883621797,23.57857774558905,seg_attr
PARK LESS THAN 25 FEET FROM AN INTERSECTION,1501,PARK LESS THAN 25 FEET FROM AN INTERSECTION,150,0.1711445770895046,0.0,0.0,35.39546162474782,35.41539289524321,parking
FAIL TO PROPERLY AFFIX VALIDATION STICKERS,1394,FAIL TO PROPERLY AFFIX VALIDATION STICKERS,50,0.1701073158179816,0.0,0.0,8.369950616095844,8.401681104413118,parking
PARK LESS THAN 40 FEET FROM AN INTERSECTION,1507,PARK LESS THAN 40 FEET FROM AN INTERSECTION,100,0.16744252474637494,0.0,0.0,22.397616197265773,22.409439547856117,parking
Climbing Lane,408,Climbing Lane,100,0.16392123516590373,0.0,0.0,21.926805858089455,21.961862878761124,bk_opendc
v0rq_Double parking,1144,v0rq_Double parking,150,0.1638378258537396,0.0,0.0,33.88496025711801,33.93097205361643,v0
PARK ABREAST OF ANOTHER VEHICLE,1481,PARK ABREAST OF ANOTHER VEHICLE,200,0.1633905208680527,0.0,0.0,45.00689770882018,45.035860639037146,parking
NO STANDING ANYTIME,1460,NO STANDING ANYTIME,200,0.15964376511803352,0.0,0.0,43.97529834919404,44.0488635605202,parking
311_RESIDENT PARKING PER,806,311_RESIDENT PARKING PER,50,0.15712969913036165,2.1316282072803006e-14,2.042810365310288e-14,7.731678215744299,7.7359315052726965,311
RESIDENTIAL PMT PKG 2ND OFFENSE CALENDAR YEAR,1583,RESIDENTIAL PMT PKG 2ND OFFENSE CALENDAR YEAR,50,0.15613558816783954,3.108624468950438e-14,2.4868995751603507e-14,7.682785294529415,7.711446469573379,parking
311_STRCAR,983,311_STRCAR,150,0.15563990225506627,0.0,0.0,32.19022967057379,32.2003563759096,311
side_walk_left,367,side_walk_left,150,0.15484572478250117,0.0,0.0,32.02605189583602,32.17290552654374,bk_osm
crash_1stharm_Parked Motor Vehicle,570,crash_1stharm_Parked Motor Vehicle,150,0.15336052920259202,0.0,0.0,31.7190221527582,31.86948105019283,crash
FAIL TO YIELD RIGHT OF WAY,1338,FAIL TO YIELD RIGHT OF WAY,50,0.1529702405264373,1.0391687510491465e-13,9.769962616701378e-14,7.527105396929092,7.535214542229699,moving
311_BICYCLE SERVICES,612,311_BICYCLE SERVICES,150,0.1519038950439307,0.0,0.0,31.41789682115741,31.503225124346216,311
PARK AT EXPIRED METER,1486,PARK AT EXPIRED METER,100,0.14880134461557143,0.0,0.0,19.905216711377424,19.96506841367894,parking
Contraflow Bike Lane,416,Contraflow Bike Lane,150,0.14242686031226304,0.0,0.0,29.458739671644793,29.502539366416116,bk_opendc
IMPROPER DISPLAY OF TAGS,1422,IMPROPER DISPLAY OF TAGS,50,0.13864514909005124,1.7886581105130972e-11,1.596767162936885e-11,6.822560740044614,6.838835695971197,parking
NO STOPPING OR STANDING IN PM RUSH HOUR ZONE,1466,NO STOPPING OR STANDING IN PM RUSH HOUR ZONE,150,0.1369730485869898,0.0,0.0,28.331290576416606,28.434637892896816,parking
STREETTYPE_LN,66,STREETTYPE_LN,150,0.1366621804626413,0.0,0.0,28.26702580102881,28.362775799658138,seg_attr
STREETTYPE_PL,86,STREETTYPE_PL,100,0.13587732821223136,0.0,0.0,18.17722462003611,19.088132789328334,seg_attr
ud_btw_cntr_SgAsNd,236,ud_btw_cntr_SgAsNd,300,0.13181624442811496,0.0,0.0,54.1933827801722,54.32800048946002,net_SaN
crash_evt_COLLISION_WITH_FIXED,512,crash_evt_COLLISION_WITH_FIXED,50,0.13129708397295076,2.0780133169751025e-10,1.7749712810655183e-10,6.461164092792327,6.484971304112568,crash
PARK MORE THAN 12 INCHES FROM CURB,1514,PARK MORE THAN 12 INCHES FROM CURB,100,0.13111009020321324,0.0,0.0,17.539826049805566,17.54123236369778,parking
311_SIGN MISSING,933,311_SIGN MISSING,100,0.1248766251053502,0.0,0.0,16.706387120714165,16.70720709378922,311
NO PARKING STREET CLEANING,1444,NO PARKING STREET CLEANING,100,0.12438202314541404,0.0,0.0,16.640256883142605,16.693556478355774,parking
NO PARKING ANYTIME,1438,NO PARKING ANYTIME,150,0.12392275269411487,0.0,0.0,25.633444549077844,25.654790938359525,parking
EMERGENCY NO PARKING,1375,EMERGENCY NO PARKING,150,0.12374308710984035,0.0,0.0,25.596302856141275,25.63877604853582,parking
ud_btw_cntr_SgAsEg,306,ud_btw_cntr_SgAsEg,300,0.12312322665232674,0.0,0.0,50.621441669325904,50.748146811815346,net_SaE
STREETTYPE_PKWY,80,STREETTYPE_PKWY,150,0.11621022763423841,0.0,0.0,24.0390588535858,24.08114039867637,seg_attr
PARK OVERTIME IN TIMED ZONE,1528,PARK OVERTIME IN TIMED ZONE,100,0.11077624379214443,0.0,0.0,14.82111038988152,14.837243016486035,parking
PARK IN A BUS ZONE,1494,PARK IN A BUS ZONE,150,0.10389132789808252,0.0,0.0,21.49241201989081,21.504556907979953,parking
EXPIRED INSPECTION REJECTION STICKER,1380,EXPIRED INSPECTION REJECTION STICKER,50,0.10012173010917952,1.6625293937089225e-06,1.6188729046184847e-06,4.927880407397289,4.933078401980042,parking
NO REAR TAGS.,1450,NO REAR TAGS.,50,0.08989796847259215,1.9284021294030396e-05,1.9096803195672862e-05,4.425049645980849,4.42715523622627,parking
311_LIGHT-TUNNEL/UNDPASS,709,311_LIGHT-TUNNEL/UNDPASS,100,0.0884062653967782,0.0,0.0,11.830155833318209,11.836096514969567,311
311_LIGHT-OHGS,702,311_LIGHT-OHGS,100,0.08677632734265536,0.0,0.0,11.612226671128921,11.615568786179667,311
PARK WITHIN 10 FEET OF A FIRE HYDRANT,1542,PARK WITHIN 10 FEET OF A FIRE HYDRANT,100,0.08227464054484143,0.0,0.0,11.010333347757115,11.037745280408565,parking
RELOCATE TOW FEE,1571,RELOCATE TOW FEE,150,0.0818341584223488,0.0,0.0,16.932603757080848,16.945868765905768,parking
PARK ON SIDEWALK OR AREA RESERVED FOR PEDESTRIANS,1520,PARK ON SIDEWALK OR AREA RESERVED FOR PEDESTRIANS,50,0.07855124306843754,0.00022037510582118003,0.0002143685077986568,3.86698865264388,3.8737252329758247,parking
FAIL TO PAY ATTENTION WHILE OPERATING A VEHICLE,1326,FAIL TO PAY ATTENTION WHILE OPERATING A VEHICLE,150,0.07803815493685606,0.0,0.0,16.147868069310586,16.231388895711003,moving
PARK WITHIN 5 FEET OF DRIVEWAY OR ALLEY,1549,PARK WITHIN 5 FEET OF DRIVEWAY OR ALLEY,100,0.0775731026185685,0.0,0.0,10.381719138350721,10.396594859366472,parking
311_CHILD SAFETY SEAT PR,652,311_CHILD SAFETY SEAT PR,50,0.07210158715882808,0.0007711120734601451,0.0007375904004511824,3.549778069379001,3.5614622066956825,311
UNAUTHORIZED VEHICLE IN LOADING ZONE,1606,UNAUTHORIZED VEHICLE IN LOADING ZONE,150,0.07111017651567722,0.0,0.0,14.715669197002217,14.737011807107963,parking
PARKED WITHIN 25 FEET OF A STOP SIGN,1562,PARKED WITHIN 25 FEET OF A STOP SIGN,50,0.06478958254808302,0.0028439304223080164,0.0027720264798682948,3.1901549701134817,3.197548037708696,parking
PARK WITH LEFT WHEEL TO THE CURB,1535,PARK WITH LEFT WHEEL TO THE CURB,100,0.06226592189067459,0.0,0.0,8.335088554401834,8.337164989946954,parking
PARKED IN DRIVEWAY OR ALLEY TO OBSTRUCT SIDEWALK,1555,PARKED IN DRIVEWAY OR ALLEY TO OBSTRUCT SIDEWALK,50,0.06134361127227745,0.0050442668798891255,0.005025890430926605,3.020673284015518,3.0217783013496593,parking
SEAT BELT REGULATION VIOLATION,1362,SEAT BELT REGULATION VIOLATION,200,0.05034379033195438,0.0,0.0,13.881587544614385,13.881533962033846,moving
"DISTRACTED DRIVING USING CELL PHONE, OTHER DEVICE",1313,"DISTRACTED DRIVING USING CELL PHONE, OTHER DEVICE",200,0.04668571428910188,0.0,0.0,12.874404489446972,12.876030828336345,moving
VEHICLE ON PRIVATE/PUBLIC PROPERTY WITHOUT CONSENT,1614,VEHICLE ON PRIVATE/PUBLIC PROPERTY WITHOUT CONSENT,200,0.04518623129676373,0.0,0.0,12.461549796514717,12.462542609121648,parking
OWNER OPERATE OR PERMIT OPERATION OF UNINSRD VEH,1347,OWNER OPERATE OR PERMIT OPERATION OF UNINSRD VEH,150,0.021797511132716385,1.228527925478673e-05,1.2262112642158485e-05,4.5214192357012415,4.5218186982204,moving
FAIL TO DISPLAY PROOF OF VEHICLE INSURANCE,1319,FAIL TO DISPLAY PROOF OF VEHICLE INSURANCE,150,0.01847468986784926,0.00025163687513707345,0.00025126508616635235,3.8345029985090364,3.8348664401282195,moving
