column,,column,db_nb,I,p_norm,p_rand,z_norm,z_rand,ftr_type
v0rq_Failure to stop for pedestrians,1148,v0rq_Failure to stop for pedestrians,10,4.005762289263477,0.0,0.0,21.06381688850063,21.336306523525536,v0
STREETTYPE_CRES,43,STREETTYPE_CRES,50,3.017935608353687,0.0,0.0,147.53719125239007,147.72299765012173,seg_attr
crash_evt_NON_COLLISION,525,crash_evt_NON_COLLISION,10,2.493982931681886,0.0,0.0,13.114454610522902,13.171242991819264,crash
SEGMENTTYPE_2,126,SEGMENTTYPE_2,10,2.187924195463699,0.0,0.0,11.505111447886762,11.608196571542406,seg_attr
STREETTYPE_CIR,36,STREETTYPE_CIR,50,2.101025889319223,0.0,0.0,102.71351473376869,103.2802019345303,seg_attr
v0rq_Poor visibility,1204,v0rq_Poor visibility,10,1.8281467233943054,0.0,0.0,9.61330002012008,9.66087127669024,v0
ud_node_ecc_SgAsNd,273,ud_node_ecc_SgAsNd,10,1.5569104756898133,4.440892098500626e-16,0.0,8.187063324196718,8.55710506134021,net_SaN
d_node_ecc_SgAsNd,189,d_node_ecc_SgAsNd,10,1.4667148055454262,2.4424906541753444e-14,2.6645352591003757e-15,7.712789049788248,7.983820093636275,net_SaN
v0rq_Blocking the crosswalk,1127,v0rq_Blocking the crosswalk,10,1.4637380486259093,2.7977620220553945e-14,2.042810365310288e-14,7.697136422274817,7.73598881648718,v0
ud_bridge_SgAsEg,294,ud_bridge_SgAsEg,10,1.3397490348257544,3.704592188569222e-12,4.516387264175137e-13,7.045167215099414,7.332530195023315,net_SaE
STREETTYPE_CT,50,STREETTYPE_CT,50,1.316089321946766,0.0,0.0,64.34142416351087,64.52219080934998,seg_attr
ud_deg_cntr_SgAsNd,245,ud_deg_cntr_SgAsNd,10,1.2816807402926809,3.171507501065207e-11,9.592326932761353e-14,6.739827743573522,7.5373254052437275,net_SaN
ud_clo_cntr_SgAsNd,238,ud_clo_cntr_SgAsNd,10,1.2719875085433623,4.498357242255224e-11,5.8477667153056245e-12,6.688857996941318,6.9813397242086195,net_SaN
v0ur_Pedestrian,1106,v0ur_Pedestrian,10,1.2343364855553491,1.7067458557562531e-10,6.625500148516039e-11,6.490878298139914,6.631952494211004,v0
d_clo_cntr_SgAsNd,161,d_clo_cntr_SgAsNd,10,1.2079776715959696,4.243037032836128e-10,6.969358423702943e-11,6.352276219516403,6.624482324474416,net_SaN
ud_far_cntr_SgAsNd,259,ud_far_cntr_SgAsNd,10,1.1722350654937614,1.4156302796664022e-09,2.050040137646647e-10,6.1643315149928295,6.463214079085879,net_SaN
311_STREET REPAIR,994,311_STREET REPAIR,10,1.1613522808733014,2.029067580622268e-09,8.316147770415228e-10,6.1071067638362635,6.247975285948981,311
ud_page_rank_SgAsNd,280,ud_page_rank_SgAsNd,10,1.1003175648188184,1.4401952963538633e-08,2.60063615087347e-09,5.786169011235415,6.067357617118607,net_SaN
v0rq_Not enough time to cross,1177,v0rq_Not enough time to cross,50,1.0069399231195149,0.0,0.0,49.22847207968839,49.48999852183668,v0
d_out_deg_SgAsNd,196,d_out_deg_SgAsNd,10,0.9967050445984321,3.188204327209121e-07,2.3705171159349447e-10,5.241345154741072,6.441208531722989,net_SaN
crime_ofn_THEFT F/AUTO,1297,crime_ofn_THEFT F/AUTO,100,0.9108067661816024,0.0,0.0,119.92721455979198,123.90386555063931,crime
311_POTHOLES,784,311_POTHOLES,10,0.9099392764003194,3.4179377021992252e-06,2.1038957003227665e-06,4.785106272211806,4.881663249900966,311
crime_ofn_SEX ABUSE,1289,crime_ofn_SEX ABUSE,50,0.8570740580049601,0.0,0.0,41.90219020086619,43.90685902679374,crime
d_in_deg_SgAsNd,182,d_in_deg_SgAsNd,10,0.8562377407291083,1.3417315869901358e-05,6.995114087970933e-08,4.502728450479205,5.514508650665807,net_SaN
crime_ofn_BURGLARY,1262,crime_ofn_BURGLARY,100,0.8537283165874117,0.0,0.0,112.41222463654226,117.57552376836726,crime
crime_mtd_OTHERS,1249,crime_mtd_OTHERS,150,0.8484169798823405,0.0,0.0,167.90132711502605,171.7828993001093,crime
crime_ofn_ROBBERY,1284,crime_ofn_ROBBERY,150,0.8390528805598099,0.0,0.0,166.0483377295279,173.6954425089314,crime
crime_mtd_GUN,1235,crime_mtd_GUN,150,0.8171765933658728,0.0,0.0,161.71940799819313,168.88312055048368,crime
crime_ofn_ASSAULT W/DANGEROUS WEAPON,1256,crime_ofn_ASSAULT W/DANGEROUS WEAPON,150,0.8069857724176933,0.0,0.0,159.7028250470647,167.54732391079352,crime
crime_ofn_THEFT/OTHER,1305,crime_ofn_THEFT/OTHER,150,0.8042671487560098,0.0,0.0,159.1648575806002,160.67434536301553,crime
crime_mtd_KNIFE,1242,crime_mtd_KNIFE,150,0.802944888706835,0.0,0.0,158.90320573864525,165.4741232557767,crime
crime_ofn_MOTOR VEHICLE THEFT,1276,crime_ofn_MOTOR VEHICLE THEFT,100,0.7984347587981344,0.0,0.0,105.13223485824008,109.99844956217186,crime
cycling facilities,500,cycling facilities,150,0.7959864983969132,0.0,0.0,157.5262635533552,162.97417606162776,poi
d_page_rank_SgAsNd,203,d_page_rank_SgAsNd,10,0.7937454045464967,5.982640415158613e-05,5.671392844242007e-06,4.1741261201051145,4.682375337528784,net_SaN
v0ur_Car Driver,1099,v0ur_Car Driver,10,0.7906846605899683,6.420025104869609e-05,4.7161180471544384e-05,4.158031865061511,4.227973169955385,v0
d_auth_score_SgAsNd,149,d_auth_score_SgAsNd,100,0.7889648702629499,0.0,0.0,103.88542248996137,103.90841429044775,net_SaN
311_TRAFFIC SIGNAL MAIN,1043,311_TRAFFIC SIGNAL MAIN,10,0.7595163326717586,0.00012985898092265913,0.00010058622346598156,3.994140005460375,4.054260664974698,311
d_hub_score_SgAsNd,177,d_hub_score_SgAsNd,100,0.7535218164313079,0.0,0.0,99.21896440836177,99.23976598774422,net_SaN
STREETTYPE_WAY,113,STREETTYPE_WAY,50,0.7453427425085192,0.0,0.0,36.440138442830175,36.47239671097499,seg_attr
311_ROADWAY SIGN,840,311_ROADWAY SIGN,10,0.7424142327909787,0.00018906551227004798,0.00011959522880733431,3.9042123404312927,4.013608034869258,311
311_SIGNS CONFLICTING,966,311_SIGNS CONFLICTING,10,0.7265639379126307,0.00026596669168910125,0.0002442142568068739,3.820867019191872,3.841856687393638,311
311_PEDESTRIAN SIGNAL RE,778,311_PEDESTRIAN SIGNAL RE,50,0.7248336068546171,0.0,0.0,35.437537158163806,35.44255186380506,311
311_TRAFFIC SIGNAL ISSUE,1037,311_TRAFFIC SIGNAL ISSUE,50,0.7147223127364192,0.0,0.0,34.94324053622811,35.37754283946152,311
crime_ofn_HOMICIDE,1269,crime_ofn_HOMICIDE,100,0.708336598404571,0.0,0.0,93.26984594833041,95.3206363429348,crime
ud_eig_cntr_SgAsNd,254,ud_eig_cntr_SgAsNd,100,0.6882436253302673,0.0,0.0,90.62439059249873,90.63976564255512,net_SaN
ud_hub_score_SgAsNd,268,ud_hub_score_SgAsNd,100,0.6882410524900676,0.0,0.0,90.6240518504987,90.63942676006974,net_SaN
ud_auth_score_SgAsNd,219,ud_auth_score_SgAsNd,100,0.6882403700137419,0.0,0.0,90.62396199517244,90.63933687163788,net_SaN
311_ROADWAY MARKINGS,826,311_ROADWAY MARKINGS,10,0.6845684872126117,0.00063632889140397,0.0005826001749782428,3.6000430940818955,3.6229163149625387,311
residence,485,residence,100,0.6691926483752233,0.0,0.0,88.11612519876265,88.19373322750346,poi
v0rq_Red light running,1212,v0rq_Red light running,50,0.6650496209975958,0.0,0.0,32.5149614809523,32.750286507074904,v0
SHAPE_Length,0,SHAPE_Length,10,0.6627859117156947,0.0009824211411042505,0.0009569299993361646,3.485504168077908,3.492531589139401,seg_attr
DIRECTIONALITY_Bi-direction,7,DIRECTIONALITY_Bi-direction,10,0.6526573068867658,0.0011972125680137502,0.00016234822602845256,3.432245106990824,3.9409069476937875,seg_attr
professional service,465,professional service,150,0.6370459147724549,0.0,0.0,126.0747374388917,127.03830658600671,poi
311_MARKING MODIFICATION,729,311_MARKING MODIFICATION,50,0.6320917350729247,0.0,0.0,30.90379564122195,31.045373422364122,311
311_ANC RESOLUTION,603,311_ANC RESOLUTION,50,0.629659301120791,0.0,0.0,30.78488466191838,30.791521150178518,311
schools&university,493,schools&university,150,0.5998303972374507,0.0,0.0,118.71044573362744,119.0892336517109,poi
crash_1stharm_Other Non-fixed Object,561,crash_1stharm_Other Non-fixed Object,50,0.5813091265975859,0.0,0.0,28.421257646677226,28.76701657044738,crash
outdoors and recreation,449,outdoors and recreation,50,0.5667459896553013,0.0,0.0,27.709330042632693,28.00415697399475,poi
v0rq_Long wait to cross,1170,v0rq_Long wait to cross,50,0.5606298931096715,0.0,0.0,27.410341028308956,27.630619924398484,v0
retail shop,457,retail shop,100,0.5525287329727673,0.0,0.0,72.75606978573781,73.07594234822136,poi
311_BICYCLES,619,311_BICYCLES,150,0.5437517768931698,0.0,0.0,107.61348011288574,108.08413674255013,311
side_walk_both,359,side_walk_both,100,0.5405796213714067,0.0,0.0,71.18284111687169,89.83651282246949,bk_osm
311_STREETLIGHT REPAIR,1008,311_STREETLIGHT REPAIR,10,0.5352509268855847,0.00975880939501339,0.007067634993310534,2.8148892450426057,2.9170300285978543,311
DIRECTIONALITY_one-way,14,DIRECTIONALITY_one-way,10,0.5331122730722313,0.010105745090580154,0.0032357392080748504,2.8036436000585905,3.1526657182538638,seg_attr
311_PARKING METER REQUES,752,311_PARKING METER REQUES,150,0.5182674150106368,0.0,0.0,102.57057631209973,103.04679332482537,311
311_S0499,891,311_S0499,100,0.5152574441837899,0.0,0.0,67.8489049684194,67.8532205566894,311
cycle_lane_right,330,cycle_lane_right,50,0.514415845296202,0.0,0.0,25.151139836736466,25.17716411033399,bk_osm
311_MARKING INSTALLATION,715,311_MARKING INSTALLATION,50,0.5086757848527689,0.0,0.0,24.870533570740378,25.031843003537897,311
bikable_yes,393,bikable_yes,50,0.4977327621015129,0.0,0.0,24.335577400295673,25.306788724098432,bk_osm
transportation,507,transportation,150,0.4929789533140647,0.0,0.0,97.56643768804884,98.00002678788205,poi
v0rq_Stop sign running,1227,v0rq_Stop sign running,100,0.47115716936451185,0.0,0.0,62.042630915153104,62.606973489070946,v0
v0rq_Long distance to cross,1163,v0rq_Long distance to cross,50,0.46951074945640126,0.0,0.0,22.95592754028434,23.008691277213558,v0
311_S0306,863,311_S0306,100,0.4681891460547728,0.0,0.0,61.651858821250094,61.65806305176816,311
v0rq_Speeding,1218,v0rq_Speeding,10,0.4604412043798517,0.03091161815573118,0.029709220553961302,2.421518623112441,2.4359043897227908,v0
311_SIDEWALK REPAIR,926,311_SIDEWALK REPAIR,100,0.4536025784111207,0.0,0.0,59.73138078380876,60.049640521736755,311
v0ur_Biker,1093,v0ur_Biker,50,0.4510709605379124,0.0,0.0,22.054487500555698,22.214303705728177,v0
food,472,food,150,0.446131592766112,0.0,0.0,88.29617486361505,88.66098346768118,poi
311_SCHOOL CROSSING GUAR,905,311_SCHOOL CROSSING GUAR,100,0.44412561665422007,0.0,0.0,58.4836371500472,58.48496789641336,311
Bus/Bike Lane,400,Bus/Bike Lane,50,0.43369590459292556,0.0,0.0,21.205097564989135,21.219914379948648,bk_opendc
311_SIGN NEW,939,311_SIGN NEW,50,0.4221186600754663,0.0,0.0,20.639137086596527,20.89902618775349,311
v0rq_Jaywalking,1156,v0rq_Jaywalking,50,0.4189143796964908,0.0,0.0,20.482493936021783,20.563948187972862,v0
311_TREE PRUNING,1066,311_TREE PRUNING,100,0.4184495463751507,0.0,0.0,55.103107181421414,56.65953965830932,311
side_walk_no,373,side_walk_no,100,0.4147769528064882,0.0,0.0,54.61957085804694,55.23223834925249,bk_osm
311_TRAFFIC SAFETY,1030,311_TRAFFIC SAFETY,50,0.4140226953643365,0.0,0.0,20.243361040400842,20.42908035090908,311
v0rq_Other Driving Issue,1191,v0rq_Other Driving Issue,50,0.4135431850808259,0.0,0.0,20.21991989522674,20.421849765008954,v0
v0rq_Cyclist behavior,1136,v0rq_Cyclist behavior,100,0.4094742623032336,0.0,0.0,53.921414794219196,54.13034384418585,v0
311_BUS AND/OR RAIL ISSU,638,311_BUS AND/OR RAIL ISSU,50,0.4074281335764584,0.0,0.0,19.920981968366164,20.055035858248438,311
311_TREE INSPECTION,1052,311_TREE INSPECTION,100,0.4048120646150379,0.0,0.0,53.30758647729598,56.34723184510504,311
OBSTRUCTING CROSSWALK,1471,OBSTRUCTING CROSSWALK,50,0.392614762001196,0.0,0.0,19.196821495578387,19.22439873338714,parking
311_SIGN REPLACE,954,311_SIGN REPLACE,100,0.39095483202932874,0.0,0.0,51.48313322066214,53.694216667399424,311
311_TREE PLANTING,1060,311_TREE PLANTING,150,0.38583662713092187,0.0,0.0,76.36486919579038,77.33503548311323,311
ud_bridge_SgAsNd,226,ud_bridge_SgAsNd,100,0.38163557738588816,0.0,0.0,50.25615341943113,50.39678340511625,net_SaN
nightlife spot,478,nightlife spot,100,0.37841613935740526,0.0,0.0,49.83227988196493,49.96775319544163,poi
v0rq_Other Walking Issue,1198,v0rq_Other Walking Issue,50,0.3763993309192247,0.0,0.0,18.40412051058538,18.530208714005045,v0
crash_1stharm_Motor Vehicle In Transport,547,crash_1stharm_Motor Vehicle In Transport,50,0.3720046333434948,0.0,0.0,18.189283107902902,18.330475225576706,crash
311_TRAFFIC CALMING,1016,311_TRAFFIC CALMING,50,0.3650111674419433,0.0,0.0,17.847403371209467,17.884496990661876,311
art,443,art,100,0.35845892294882453,0.0,0.0,47.2046983468515,47.48289986634861,poi
crash_evt_COLLISION_WITH_NON_FIXED,521,crash_evt_COLLISION_WITH_NON_FIXED,150,0.35616045306416716,0.0,0.0,70.4924800151691,71.20061738531588,crash
311_MARKING MAINTENANCE,724,311_MARKING MAINTENANCE,150,0.35600944487784014,0.0,0.0,70.46259816996974,70.67739044451572,311
v0rq_Blocking the bikebox,1121,v0rq_Blocking the bikebox,50,0.35382903726625914,0.0,0.0,17.30075829222417,17.32109229552624,v0
311_ALLEYLIGHT REPAIR,597,311_ALLEYLIGHT REPAIR,100,0.35024957169405974,0.0,0.0,46.1238492278829,46.750898792577644,311
crash_evt_PENDING_INVESTIGATION,535,crash_evt_PENDING_INVESTIGATION,150,0.34045778023973583,0.0,0.0,67.38519921159919,67.99865599208657,crash
cycle_way_both,337,cycle_way_both,50,0.33429719415091086,0.0,0.0,16.345932534093095,16.478379182943808,bk_osm
v0rq_Accessibility Issue,1115,v0rq_Accessibility Issue,100,0.3281073880563222,0.0,0.0,43.208593328337976,43.392656207083476,v0
311_SAFE ROUTES TO SCHOO,898,311_SAFE ROUTES TO SCHOO,100,0.3276536925978123,0.0,0.0,43.14885945639214,43.21869959426942,311
crash_1stharm_Pedestrian,575,crash_1stharm_Pedestrian,50,0.3273569289361428,0.0,0.0,16.00665354458932,16.155138819214766,crash
311_DDOT CITATION,667,311_DDOT CITATION,100,0.32143345286657393,0.0,0.0,42.329898198109966,42.39598134301111,311
side_walk_right,379,side_walk_right,50,0.3058578845202138,0.0,0.0,14.955659981805569,15.037586010762318,bk_osm
311_TREE REMOVAL,1073,311_TREE REMOVAL,100,0.3039360793530813,0.0,0.0,40.02618135625278,41.54514124203155,311
elevation_diff,142,elevation_diff,100,0.3014312914002115,0.0,0.0,39.69639916420793,40.530713301182374,elevation
311_ROADWAY LIGHTING ,821,311_ROADWAY LIGHTING ,100,0.2983583431048874,0.0,0.0,39.29181257087519,39.467076449338826,311
FAIL TO STOP PER REGULATIONS FACING RED SIGNAL,1331,FAIL TO STOP PER REGULATIONS FACING RED SIGNAL,50,0.29575092953767884,0.0,0.0,14.461575481095432,14.497216812701465,moving
311_SIGN REMOVAL,947,311_SIGN REMOVAL,100,0.2946287387875525,0.0,0.0,38.800770171129756,39.359389859508184,311
crash_1stharm_Hit and Run,540,crash_1stharm_Hit and Run,50,0.29447587535496916,0.0,0.0,14.399243699630974,14.463507122589968,crash
Existing Bike Lane,428,Existing Bike Lane,50,0.28751535301704506,0.0,0.0,14.058974428623257,14.586524468437387,bk_opendc
d_far_cntr_SgAsNd,170,d_far_cntr_SgAsNd,100,0.2839617637526694,0.0,0.0,37.39634852918555,37.40571965052529,net_SaN
311_CURB GUTTER REPAIR,660,311_CURB GUTTER REPAIR,100,0.28358434640456676,0.0,0.0,37.3466574883809,37.719478493773494,311
crash_1stharm_null,582,crash_1stharm_null,50,0.2762933807830452,0.0,0.0,13.510381646939749,13.625623138322677,crash
FAILURE TO DISPLAY CURRENT TAGS,1410,FAILURE TO DISPLAY CURRENT TAGS,150,0.2752151410586318,0.0,0.0,54.47483658936676,54.85908585628226,parking
311_UTILITY REPAIR,1080,311_UTILITY REPAIR,100,0.2751269561620124,0.0,0.0,36.233151377026125,37.1653277318993,311
FAIL TO REPORT FOR INSPECTION.,1403,FAIL TO REPORT FOR INSPECTION.,150,0.27340839422867846,0.0,0.0,54.117313395424254,54.38840387012448,parking
v0rq_Other Biking Issue,1184,v0rq_Other Biking Issue,50,0.26954217378979445,0.0,0.0,13.180344880948883,13.304299792815675,v0
311_MARKING REMOVAL,737,311_MARKING REMOVAL,100,0.26857872817477485,0.0,0.0,35.37100694792726,35.434575244583655,311
"crash_1stharm_Other Fixed Object (Wall, Building, Tunnel, Etc.)",554,"crash_1stharm_Other Fixed Object (Wall, Building, Tunnel, Etc.)",50,0.26033417047273427,0.0,0.0,12.730206166636941,12.785622720454663,crash
311_ALLEY REPAIR,590,311_ALLEY REPAIR,100,0.2592579304149158,0.0,0.0,34.143823978873414,34.49108335398123,311
STREETTYPE_RD,94,STREETTYPE_RD,150,0.2538927785059284,0.0,0.0,50.25551873262011,52.58651895297423,seg_attr
STREETTYPE_ST,101,STREETTYPE_ST,150,0.25092351492478215,0.0,0.0,49.66795406578964,136.64246354355407,seg_attr
STAND OR PARK IN ALLEY,1600,STAND OR PARK IN ALLEY,200,0.24748350608238676,0.0,0.0,63.161930464874274,63.245240376074065,parking
Cycle Track,423,Cycle Track,150,0.23933728761944517,0.0,0.0,47.37524491402935,47.498147280060344,bk_opendc
STREETTYPE_OTHER,71,STREETTYPE_OTHER,50,0.23918113766656976,0.0,0.0,11.69612758702526,11.703864384025966,seg_attr
DISOBEYING OFFICIAL SIGN,1367,DISOBEYING OFFICIAL SIGN,100,0.2361194800960026,0.0,0.0,31.097398888098972,31.133506415734438,parking
NO FRONT TAGS.,1431,NO FRONT TAGS.,150,0.23096741003816088,0.0,0.0,45.71899440003465,45.923645774136446,parking
STREETTYPE_DR,59,STREETTYPE_DR,150,0.22789729929342864,0.0,0.0,45.111473865880896,45.609092094374034,seg_attr
cycle_lane_one,325,cycle_lane_one,150,0.22324377900630388,0.0,0.0,44.19062463092082,44.724270730075986,bk_osm
d_btw_cntr_SgAsEg,291,d_btw_cntr_SgAsEg,200,0.21391823843432145,0.0,0.0,54.59807196726121,54.75690620394086,net_SaE
d_btw_cntr_SgAsNd,158,d_btw_cntr_SgAsNd,200,0.21340894469445537,0.0,0.0,54.46813051803267,54.626132926576396,net_SaN
cycle_way_right,353,cycle_way_right,150,0.21165643385574257,0.0,0.0,41.89769427739153,41.907175182311505,bk_osm
ud_art_pt_SgAsNd,211,ud_art_pt_SgAsNd,50,0.2104155106331521,0.0,0.0,10.28990281458094,10.335432542157347,net_SaN
311_LIGHT-LIGHT POLE,695,311_LIGHT-LIGHT POLE,100,0.20763420619815576,0.0,0.0,27.347007140858622,27.388711181288237,311
cycle_lane_both,318,cycle_lane_both,150,0.20629763526356532,0.0,0.0,40.83728295876795,41.54897086081678,bk_osm
Shared Lane,435,Shared Lane,50,0.20484842215066754,0.0,0.0,10.017752385690077,10.107375684732364,bk_opendc
is_shared,311,is_shared,150,0.20365894496339235,0.0,0.0,40.31513288865143,40.387624626594494,bk_osm
311_ROADWAY REPAIR,835,311_ROADWAY REPAIR,100,0.20070023164140668,0.0,0.0,26.43407503964502,26.526487434651646,311
STREETTYPE_BLVD,33,STREETTYPE_BLVD,300,0.19865807828112225,0.0,0.0,71.41598682061561,71.57540940101951,seg_attr
311_LIGHT-INFRASTRUCTURE,688,311_LIGHT-INFRASTRUCTURE,100,0.19638114320244976,0.0,0.0,25.865420734436125,25.867610423136128,311
FAILURE TO SECURE DC TAGS,1417,FAILURE TO SECURE DC TAGS,150,0.195053608707037,0.0,0.0,38.612289273643775,39.116569305905486,parking
FAIL TO DISPLAY CURRENT INSPECTION STICKER,1389,FAIL TO DISPLAY CURRENT INSPECTION STICKER,150,0.1936929324154977,0.0,0.0,38.34303553780878,38.53636087007969,parking
RESIDENTIAL PMT PKG 3RD OFFENSE CALENDAR YEAR,1591,RESIDENTIAL PMT PKG 3RD OFFENSE CALENDAR YEAR,100,0.18856351795943252,0.0,0.0,24.8361465452683,24.89271637538536,parking
311_SPEED STUDY DATA MAP,975,311_SPEED STUDY DATA MAP,100,0.1847695093079916,0.0,0.0,24.336624624350485,24.371837932755756,311
STREETTYPE_TER,107,STREETTYPE_TER,100,0.1790583693538962,0.0,0.0,23.58469181064519,23.699087708391396,seg_attr
cycle_way_one,346,cycle_way_one,150,0.17788277012722262,0.0,0.0,35.21448447335257,35.297804528892364,bk_osm
bikable_no,386,bikable_no,50,0.17775448563451454,0.0,0.0,8.693249197639064,8.698675907184906,bk_osm
FAIL TO PROPERLY AFFIX VALIDATION STICKERS,1394,FAIL TO PROPERLY AFFIX VALIDATION STICKERS,50,0.17290449747809564,0.0,0.0,8.456154644348267,8.488212665721148,parking
RESIDENTIAL PERMIT PKING BEYOND LIMIT W/O PERMIT,1578,RESIDENTIAL PERMIT PKING BEYOND LIMIT W/O PERMIT,150,0.17262528351226308,0.0,0.0,34.174121000436536,34.313224018630976,parking
STREETTYPE_AVE,24,STREETTYPE_AVE,150,0.16833103617799744,0.0,0.0,33.32436551888666,38.123815421372996,seg_attr
v0rq_Double parking,1144,v0rq_Double parking,150,0.16554642926930982,0.0,0.0,32.77334113663047,32.8181655540473,v0
PARK LESS THAN 25 FEET FROM AN INTERSECTION,1501,PARK LESS THAN 25 FEET FROM AN INTERSECTION,150,0.1649226084021641,0.0,0.0,32.64989803703711,32.66860332888858,parking
PARK LESS THAN 40 FEET FROM AN INTERSECTION,1507,PARK LESS THAN 40 FEET FROM AN INTERSECTION,100,0.16364538212595284,0.0,0.0,21.555406773495903,21.566817557259963,parking
Climbing Lane,409,Climbing Lane,150,0.16237027057287057,0.0,0.0,32.144835591308144,32.19435189410699,bk_opendc
NO STANDING ANYTIME,1460,NO STANDING ANYTIME,200,0.1588312294945802,0.0,0.0,40.54314606697923,40.61216322928322,parking
311_RESIDENT PARKING PER,806,311_RESIDENT PARKING PER,50,0.15871571735856768,1.6431300764452317e-14,1.5987211554602254e-14,7.762527696057993,7.76679858122086,311
crash_1stharm_Parked Motor Vehicle,570,crash_1stharm_Parked Motor Vehicle,150,0.15823815769360727,0.0,0.0,31.32716364644395,31.47607491236466,crash
RESIDENTIAL PMT PKG 2ND OFFENSE CALENDAR YEAR,1583,RESIDENTIAL PMT PKG 2ND OFFENSE CALENDAR YEAR,50,0.1568089171164818,3.4638958368304884e-14,2.7533531010703882e-14,7.669312633045148,7.6979242117480435,parking
PARK ABREAST OF ANOTHER VEHICLE,1481,PARK ABREAST OF ANOTHER VEHICLE,200,0.15637782805192077,0.0,0.0,39.91718404537187,39.94404303904551,parking
side_walk_left,367,side_walk_left,150,0.15457933226577728,0.0,0.0,30.603146904668566,30.743779690160235,bk_osm
FAIL TO YIELD RIGHT OF WAY,1338,FAIL TO YIELD RIGHT OF WAY,50,0.15330409416861984,1.2967404927621828e-13,1.2168044349891716e-13,7.497977280383127,7.506055656449421,moving
311_BICYCLE SERVICES,612,311_BICYCLE SERVICES,150,0.1531693999752664,0.0,0.0,30.32414627913038,30.406803324687726,311
311_STRCAR,983,311_STRCAR,150,0.15176784555457662,0.0,0.0,30.046803485628878,30.056550199214115,311
PARK AT EXPIRED METER,1486,PARK AT EXPIRED METER,100,0.15151590328428324,0.0,0.0,19.95843082342218,20.018472472386254,parking
IMPROPER DISPLAY OF TAGS,1422,IMPROPER DISPLAY OF TAGS,50,0.14000435935995942,1.4997780795056315e-11,1.3377743357523286e-11,6.847811840458897,6.864147607361049,parking
Contraflow Bike Lane,416,Contraflow Bike Lane,150,0.13859614620661453,0.0,0.0,27.44035750080023,27.481426005108034,bk_opendc
ud_btw_cntr_SgAsNd,236,ud_btw_cntr_SgAsNd,300,0.13789328476811602,0.0,0.0,49.57966011924641,49.708240714071074,net_SaN
STREETTYPE_PL,86,STREETTYPE_PL,100,0.1356701107352146,0.0,0.0,17.872162324912086,18.767815062642825,seg_attr
NO STOPPING OR STANDING IN PM RUSH HOUR ZONE,1467,NO STOPPING OR STANDING IN PM RUSH HOUR ZONE,200,0.13309004892705098,0.0,0.0,33.97552890231963,34.09736608925099,parking
crash_evt_COLLISION_WITH_FIXED,512,crash_evt_COLLISION_WITH_FIXED,50,0.1314359490862834,2.5699353756181154e-10,2.198525805852114e-10,6.428940012171896,6.452629044975444,crash
PARK MORE THAN 12 INCHES FROM CURB,1514,PARK MORE THAN 12 INCHES FROM CURB,100,0.13122655411372078,0.0,0.0,17.287120448839225,17.288532137330556,parking
STREETTYPE_LN,66,STREETTYPE_LN,150,0.13080275021472593,0.0,0.0,25.898182481873718,25.986164538332897,seg_attr
ud_btw_cntr_SgAsEg,306,ud_btw_cntr_SgAsEg,300,0.1292496090077189,0.0,0.0,46.47348437351072,46.59489120203833,net_SaE
NO PARKING STREET CLEANING,1444,NO PARKING STREET CLEANING,100,0.12892960018911204,0.0,0.0,16.984701835153537,17.03913020440688,parking
311_SIGN MISSING,933,311_SIGN MISSING,100,0.12658240781718552,0.0,0.0,16.675668791187473,16.676511982880818,311
NO PARKING ANYTIME,1438,NO PARKING ANYTIME,150,0.1251830440471125,0.0,0.0,24.786142175642535,24.80702614493077,parking
EMERGENCY NO PARKING,1375,EMERGENCY NO PARKING,150,0.12443517517113376,0.0,0.0,24.638152172418334,24.679277811536593,parking
STREETTYPE_PKWY,80,STREETTYPE_PKWY,150,0.1117946880513033,0.0,0.0,22.13682367793992,22.17579307854623,seg_attr
PARK OVERTIME IN TIMED ZONE,1528,PARK OVERTIME IN TIMED ZONE,100,0.111199001622318,0.0,0.0,14.650278414230689,14.66624690433179,parking
PARK IN A BUS ZONE,1494,PARK IN A BUS ZONE,150,0.1041690233880759,0.0,0.0,20.62783971785629,20.639698263551352,parking
EXPIRED INSPECTION REJECTION STICKER,1380,EXPIRED INSPECTION REJECTION STICKER,50,0.09983146216498329,2.0797779916037484e-06,2.026084865658362e-06,4.883935887023006,4.889087926264269,parking
311_LIGHT-TUNNEL/UNDPASS,709,311_LIGHT-TUNNEL/UNDPASS,100,0.088703757481601,0.0,0.0,11.68853831371233,11.69442524262801,311
311_LIGHT-OHGS,702,311_LIGHT-OHGS,100,0.08377610762029368,0.0,0.0,11.039760371839215,11.042954110305972,311
PARK WITHIN 10 FEET OF A FIRE HYDRANT,1543,PARK WITHIN 10 FEET OF A FIRE HYDRANT,150,0.08352874642844033,0.0,0.0,16.543494517894146,16.58371379594711,parking
RELOCATE TOW FEE,1571,RELOCATE TOW FEE,150,0.08007261721437653,0.0,0.0,15.859587766375459,15.87216774750957,parking
PARK ON SIDEWALK OR AREA RESERVED FOR PEDESTRIANS,1520,PARK ON SIDEWALK OR AREA RESERVED FOR PEDESTRIANS,50,0.07671022737166903,0.0003485694262108652,0.0003395822648415425,3.7536405836010367,3.7601800139990087,parking
NO REAR TAGS.,1450,NO REAR TAGS.,50,0.0764081073575584,0.00036969669691666596,0.0003670889834075375,3.738871267166528,3.7406506507131634,parking
PARK WITHIN 5 FEET OF DRIVEWAY OR ALLEY,1549,PARK WITHIN 5 FEET OF DRIVEWAY OR ALLEY,100,0.07618409114142204,0.0,0.0,10.04018999560263,10.05459131637241,parking
FAIL TO PAY ATTENTION WHILE OPERATING A VEHICLE,1327,FAIL TO PAY ATTENTION WHILE OPERATING A VEHICLE,200,0.07511443786616674,0.0,0.0,19.18360367044438,19.28163552689501,moving
311_CHILD SAFETY SEAT PR,652,311_CHILD SAFETY SEAT PR,50,0.07405832788650599,0.0005801611845153154,0.000553959830510653,3.6240009012907444,3.6359296548209747,311
UNAUTHORIZED VEHICLE IN LOADING ZONE,1607,UNAUTHORIZED VEHICLE IN LOADING ZONE,200,0.06645954351040881,0.0,0.0,16.97538977053904,16.99896752416488,parking
PARKED WITHIN 25 FEET OF A STOP SIGN,1562,PARKED WITHIN 25 FEET OF A STOP SIGN,50,0.06341397598716564,0.0038230452300553885,0.0037311415921035262,3.103645432936862,3.1108382782452084,parking
PARK WITH LEFT WHEEL TO THE CURB,1535,PARK WITH LEFT WHEEL TO THE CURB,100,0.061536133667869745,8.881784197001252e-16,8.881784197001252e-16,8.111629328791185,8.113662133466761,parking
PARKED IN DRIVEWAY OR ALLEY TO OBSTRUCT SIDEWALK,1555,PARKED IN DRIVEWAY OR ALLEY TO OBSTRUCT SIDEWALK,50,0.06085085823253992,0.005796174417723954,0.005775597194594084,2.9783458982853377,2.9794356702270144,parking
SEAT BELT REGULATION VIOLATION,1362,SEAT BELT REGULATION VIOLATION,200,0.04823783399565466,0.0,0.0,12.326294059307351,12.326607492662925,moving
"DISTRACTED DRIVING USING CELL PHONE, OTHER DEVICE",1313,"DISTRACTED DRIVING USING CELL PHONE, OTHER DEVICE",200,0.045144746322084144,0.0,0.0,11.537122185723442,11.538917628092257,moving
VEHICLE ON PRIVATE/PUBLIC PROPERTY WITHOUT CONSENT,1614,VEHICLE ON PRIVATE/PUBLIC PROPERTY WITHOUT CONSENT,200,0.044813639254715924,0.0,0.0,11.452643369637954,11.453891313181131,parking
OWNER OPERATE OR PERMIT OPERATION OF UNINSRD VEH,1347,OWNER OPERATE OR PERMIT OPERATION OF UNINSRD VEH,150,0.020375572191718403,0.00010393386168772167,0.0001037577598332895,4.04659999653874,4.046997117379169,moving
FAIL TO DISPLAY PROOF OF VEHICLE INSURANCE,1319,FAIL TO DISPLAY PROOF OF VEHICLE INSURANCE,150,0.016724848551709946,0.001773537726228902,0.0017713282550650966,3.3241864550626894,3.3245340656621813,moving
