,column,knn,I,EI,p_norm,p_rand,z_norm,z_rand,p_sim,p_z_sim
0,SHAPE_Length,1,0.3656336349226495,-7.395902669920864e-05,0.0,0.0,34.61475803002168,34.68370534285787,0.002,0.0
1,SHAPE_Length,2,0.2944664392149559,-7.395902669920864e-05,0.0,0.0,37.61993283648709,37.69410559244372,0.002,0.0
2,SHAPE_Length,3,0.22066562330611608,-7.395902669920864e-05,0.0,0.0,33.78454274974507,33.85049299647615,0.002,0.0
3,SHAPE_Length,4,0.17957618264029362,-7.395902669920864e-05,0.0,0.0,31.262032194835662,31.322468935122856,0.002,0.0
4,SHAPE_Length,5,0.15282391453648797,-7.395902669920864e-05,0.0,0.0,29.49030485945557,29.54675532953959,0.002,0.0
5,SHAPE_Length,6,0.1324402000851242,-7.395902669920864e-05,0.0,0.0,27.840045412310825,27.892805869033435,0.002,0.0
6,SHAPE_Length,7,0.12137075248606109,-7.395902669920864e-05,0.0,0.0,27.55067684857052,27.602333809559614,0.002,0.0
7,SHAPE_Length,8,0.1100138851982301,-7.395902669920864e-05,0.0,0.0,26.680306443641175,26.729797954873177,0.002,0.0
8,SHAPE_Length,9,0.10296271044742429,-7.395902669920864e-05,0.0,0.0,26.47986466963719,26.528452031505,0.002,0.0
9,SHAPE_Length,10,0.09659069148724256,-7.395902669920864e-05,0.0,0.0,26.176134417139593,26.223640285628303,0.002,0.0
10,DIRECTIONALITY_Bi-direction,1,0.28287616435392254,-7.395902669920864e-05,0.0,0.0,26.781642540191626,30.750306835784126,0.002,0.0
11,DIRECTIONALITY_Bi-direction,2,0.28840138387763414,-7.395902669920864e-05,0.0,0.0,36.84527857580933,42.304171071992855,0.002,0.0
12,DIRECTIONALITY_Bi-direction,3,0.28455122363139446,-7.395902669920864e-05,0.0,0.0,43.562335080747566,50.01516138393231,0.002,0.0
13,DIRECTIONALITY_Bi-direction,4,0.2881599258578399,-7.395902669920864e-05,0.0,0.0,50.1573608865045,57.58570669486518,0.002,0.0
14,DIRECTIONALITY_Bi-direction,5,0.28681831362907007,-7.395902669920864e-05,0.0,0.0,55.33458631747582,63.528113441668125,0.002,0.0
15,DIRECTIONALITY_Bi-direction,6,0.28799118188411976,-7.395902669920864e-05,0.0,0.0,60.51992223633531,69.47952487447613,0.002,0.0
16,DIRECTIONALITY_Bi-direction,7,0.2840654528515801,-7.395902669920864e-05,0.0,0.0,64.45923432226881,74.000058187979,0.002,0.0
17,DIRECTIONALITY_Bi-direction,8,0.2798836764029023,-7.395902669920864e-05,0.0,0.0,67.84904870366708,77.88955023817395,0.002,0.0
18,DIRECTIONALITY_Bi-direction,9,0.27498013886553707,-7.395902669920864e-05,0.0,0.0,70.6874098919191,81.14578136981709,0.002,0.0
19,DIRECTIONALITY_Bi-direction,10,0.2694824401534631,-7.395902669920864e-05,0.0,0.0,72.99405212169468,83.79148163024418,0.002,0.0
20,DIRECTIONALITY_one-way,1,0.26020088215748644,-7.395902669920864e-05,0.0,0.0,24.635393953948693,27.701810117851345,0.002,0.0
21,DIRECTIONALITY_one-way,2,0.2691636985657791,-7.395902669920864e-05,0.0,0.0,34.38816086400504,38.66758540553255,0.002,0.0
22,DIRECTIONALITY_one-way,3,0.2677057346137644,-7.395902669920864e-05,0.0,0.0,40.9841063016498,46.083255691649576,0.002,0.0
23,DIRECTIONALITY_one-way,4,0.27449204536479216,-7.395902669920864e-05,0.0,0.0,47.778928473125944,53.72222475881282,0.002,0.0
24,DIRECTIONALITY_one-way,5,0.2734157626753965,-7.395902669920864e-05,0.0,0.0,52.749558126387996,59.30975134307371,0.002,0.0
25,DIRECTIONALITY_one-way,6,0.27569496740365906,-7.395902669920864e-05,0.0,0.0,57.93659701411009,65.14031939405442,0.002,0.0
26,DIRECTIONALITY_one-way,7,0.27333196248039054,-7.395902669920864e-05,0.0,0.0,62.02425859553397,69.73445437921615,0.002,0.0
27,DIRECTIONALITY_one-way,8,0.26936048561217213,-7.395902669920864e-05,0.0,0.0,65.29870395817514,73.41408401432052,0.002,0.0
28,DIRECTIONALITY_one-way,9,0.2652699173130555,-7.395902669920864e-05,0.0,0.0,68.19193566964253,76.66493520419279,0.002,0.0
29,DIRECTIONALITY_one-way,10,0.25945158279043934,-7.395902669920864e-05,0.0,0.0,70.27776370335715,79.00793059963132,0.002,0.0
30,STREETTYPE_AVE,1,0.0682913838731734,-7.395902669920864e-05,1.9486812163904688e-10,2.651212582804874e-13,6.470879580494328,7.40361820606045,0.002,1.9541368523334768e-10
31,STREETTYPE_AVE,2,0.12282740997036995,-7.395902669920864e-05,0.0,0.0,15.697477408137008,17.95972685303393,0.002,0.0
32,STREETTYPE_AVE,3,0.15746809604004688,-7.395902669920864e-05,0.0,0.0,24.112061090431496,27.586299248790603,0.002,0.0
33,STREETTYPE_AVE,4,0.1783893275001899,-7.395902669920864e-05,0.0,0.0,31.055500191820016,35.529345338361516,0.002,0.0
34,STREETTYPE_AVE,5,0.1837287430040266,-7.395902669920864e-05,0.0,0.0,35.45109942054049,40.55717769947963,0.002,0.0
35,STREETTYPE_AVE,6,0.1868403023991018,-7.395902669920864e-05,0.0,0.0,39.2690227307079,44.92389187401825,0.002,0.0
36,STREETTYPE_AVE,7,0.18170689765890402,-7.395902669920864e-05,0.0,0.0,41.23840039979963,47.17561977464761,0.002,0.0
37,STREETTYPE_AVE,8,0.17759187359130849,-7.395902669920864e-05,0.0,0.0,43.058149536728735,49.25607054014164,0.002,0.0
38,STREETTYPE_AVE,9,0.17324238040367712,-7.395902669920864e-05,0.0,0.0,44.541358300656675,50.95143101922381,0.002,0.0
39,STREETTYPE_AVE,10,0.16953103236508218,-7.395902669920864e-05,0.0,0.0,45.92788603574124,52.53611895710627,0.002,0.0
40,STREETTYPE_BLVD,1,0.1989589090090352,-7.395902669920864e-05,0.0,0.0,18.838751726966848,18.887040267976765,0.002,0.0
41,STREETTYPE_BLVD,2,0.1915267000410447,-7.395902669920864e-05,0.0,0.0,24.472038364127535,24.53427108817907,0.002,0.0
42,STREETTYPE_BLVD,3,0.20864552237868034,-7.395902669920864e-05,0.0,0.0,31.944847261751782,32.025457898670865,0.002,0.0
43,STREETTYPE_BLVD,4,0.22064228979689887,-7.395902669920864e-05,0.0,0.0,38.40819947382445,38.50439469720961,0.002,0.0
44,STREETTYPE_BLVD,5,0.21330299690710655,-7.395902669920864e-05,0.0,0.0,41.15525830298787,41.25754930321412,0.002,0.0
45,STREETTYPE_BLVD,6,0.2156193453608933,-7.395902669920864e-05,0.0,0.0,45.31524351457909,45.42700821760769,0.002,0.0
46,STREETTYPE_BLVD,7,0.21529905741928926,-7.395902669920864e-05,0.0,0.0,48.859042967728044,48.97856187434467,0.002,0.0
47,STREETTYPE_BLVD,8,0.21316362278980927,-7.395902669920864e-05,0.0,0.0,51.679130136668874,51.80451230048935,0.002,0.0
48,STREETTYPE_BLVD,9,0.2132038864236951,-7.395902669920864e-05,0.0,0.0,54.811248397120984,54.94312577457367,0.002,0.0
49,STREETTYPE_BLVD,10,0.21314689789573368,-7.395902669920864e-05,0.0,0.0,57.738767808758716,57.87653062345926,0.002,0.0
50,STREETTYPE_CIR,1,0.6755073685404439,-7.395902669920864e-05,0.0,0.0,63.9447596119001,64.29643345005222,0.002,0.0
51,STREETTYPE_CIR,2,0.6303807616263634,-7.395902669920864e-05,0.0,0.0,80.52431649106188,80.96552984506462,0.002,0.0
52,STREETTYPE_CIR,3,0.551444192682757,-7.395902669920864e-05,0.0,0.0,84.41072677937447,84.8715683999401,0.002,0.0
53,STREETTYPE_CIR,4,0.5237084754326132,-7.395902669920864e-05,0.0,0.0,91.14662074416229,91.64250175123625,0.002,0.0
54,STREETTYPE_CIR,5,0.4835888671497397,-7.395902669920864e-05,0.0,0.0,93.28687090755723,93.79260269031681,0.002,0.0
55,STREETTYPE_CIR,6,0.4512199271523692,-7.395902669920864e-05,0.0,0.0,94.81282883077576,95.32500572099576,0.002,0.0
56,STREETTYPE_CIR,7,0.43199742518129974,-7.395902669920864e-05,0.0,0.0,98.01875218402068,98.54625119370155,0.002,0.0
57,STREETTYPE_CIR,8,0.41152737715017795,-7.395902669920864e-05,0.0,0.0,99.75351828466877,100.2883368187301,0.002,0.0
58,STREETTYPE_CIR,9,0.39628945089888074,-7.395902669920864e-05,0.0,0.0,101.863244497253,102.4073041542836,0.002,0.0
59,STREETTYPE_CIR,10,0.3771502295499482,-7.395902669920864e-05,0.0,0.0,102.14976222517443,102.69328462216605,0.002,0.0
60,STREETTYPE_CRES,1,0.9406574907543089,-7.395902669920864e-05,0.0,0.0,89.04160603761257,89.15215259574425,0.002,0.0
61,STREETTYPE_CRES,2,0.9406574907543089,-7.395902669920864e-05,0.0,0.0,120.15415939275259,120.30090866887821,0.002,0.0
62,STREETTYPE_CRES,3,0.9111962993975761,-7.395902669920864e-05,0.0,0.0,139.4713565956103,139.63897761427674,0.002,0.0
63,STREETTYPE_CRES,4,0.8964657037192101,-7.395902669920864e-05,0.0,0.0,156.01241134929342,156.19697696527456,0.002,0.0
64,STREETTYPE_CRES,5,0.8934207312818366,-7.395902669920864e-05,0.0,0.0,172.33353344586766,172.53413544591461,0.002,0.0
65,STREETTYPE_CRES,6,0.9012440978763987,-7.395902669920864e-05,0.0,0.0,189.35890174530888,189.57571762804565,0.002,0.0
66,STREETTYPE_CRES,7,0.9025987619246988,-7.395902669920864e-05,0.0,0.0,204.77832361056582,205.00867821576568,0.002,0.0
67,STREETTYPE_CRES,8,0.8962988887725908,-7.395902669920864e-05,0.0,0.0,217.24017247699666,217.48021125678704,0.002,0.0
68,STREETTYPE_CRES,9,0.8881063002504282,-7.395902669920864e-05,0.0,0.0,228.25750471105928,228.50513890217118,0.002,0.0
69,STREETTYPE_CRES,10,0.8756550484962672,-7.395902669920864e-05,0.0,0.0,237.14149993852453,237.39403432898942,0.002,0.0
70,STREETTYPE_CT,1,0.4497637639126448,-7.395902669920864e-05,0.0,0.0,42.57779764474332,42.6966642024895,0.002,0.0
71,STREETTYPE_CT,2,0.4099496789866389,-7.395902669920864e-05,0.0,0.0,52.369935721952864,52.51507876910234,0.002,0.0
72,STREETTYPE_CT,3,0.40062698825843024,-7.395902669920864e-05,0.0,0.0,61.327914732605294,61.496683103367396,0.002,0.0
73,STREETTYPE_CT,4,0.4062073324905183,-7.395902669920864e-05,0.0,0.0,70.69952017691205,70.89274244322635,0.002,0.0
74,STREETTYPE_CT,5,0.3827550135098289,-7.395902669920864e-05,0.0,0.0,73.83845730508942,74.03885010216325,0.002,0.0
75,STREETTYPE_CT,6,0.36944151111772155,-7.395902669920864e-05,0.0,0.0,77.63191147514277,77.84111503931177,0.002,0.0
76,STREETTYPE_CT,7,0.35242967983653656,-7.395902669920864e-05,0.0,0.0,79.96819063830371,80.1820748522858,0.002,0.0
77,STREETTYPE_CT,8,0.3577996331275874,-7.395902669920864e-05,0.0,0.0,86.73234700876128,86.96258410593578,0.002,0.0
78,STREETTYPE_CT,9,0.34267568974492446,-7.395902669920864e-05,0.0,0.0,88.08479894934491,88.31685106724763,0.002,0.0
79,STREETTYPE_CT,10,0.339999107607645,-7.395902669920864e-05,0.0,0.0,92.08948934838982,92.33024286305861,0.002,0.0
80,STREETTYPE_DR,1,0.2248573781410323,-7.395902669920864e-05,0.0,0.0,21.29007966541876,21.526742011137426,0.002,0.0
81,STREETTYPE_DR,2,0.2380500330886967,-7.395902669920864e-05,0.0,0.0,30.41419324349399,30.751650812729785,0.002,0.0
82,STREETTYPE_DR,3,0.248416849487923,-7.395902669920864e-05,0.0,0.0,38.031911877605026,38.45312858436784,0.002,0.0
83,STREETTYPE_DR,4,0.251896349391104,-7.395902669920864e-05,0.0,0.0,43.84691167403236,44.33168351406188,0.002,0.0
84,STREETTYPE_DR,5,0.2515994288741969,-7.395902669920864e-05,0.0,0.0,48.54171455263718,49.077443752319176,0.002,0.0
85,STREETTYPE_DR,6,0.2527213945910442,-7.395902669920864e-05,0.0,0.0,53.11005383809743,53.69516064562599,0.002,0.0
86,STREETTYPE_DR,7,0.25615659510773653,-7.395902669920864e-05,0.0,0.0,58.12789299554032,58.76707650888617,0.002,0.0
87,STREETTYPE_DR,8,0.2504647445786669,-7.395902669920864e-05,0.0,0.0,60.71923231166395,61.38566208312918,0.002,0.0
88,STREETTYPE_DR,9,0.24712752518535686,-7.395902669920864e-05,0.0,0.0,63.529439387718355,64.22539952839038,0.002,0.0
89,STREETTYPE_DR,10,0.24030038365865228,-7.395902669920864e-05,0.0,0.0,65.09174833933571,65.80348331152447,0.002,0.0
90,STREETTYPE_LN,1,0.07939405731617581,-7.395902669920864e-05,1.0791367799356522e-13,8.837375276016246e-14,7.52176384178507,7.547944252824673,0.002,5.329070518200751e-15
91,STREETTYPE_LN,2,0.12270267283851274,-7.395902669920864e-05,0.0,0.0,15.681545459410456,15.735808804060074,0.002,0.0
92,STREETTYPE_LN,3,0.1192425529620671,-7.395902669920864e-05,0.0,0.0,18.26158116924047,18.32441378879161,0.002,0.0
93,STREETTYPE_LN,4,0.1283024140501579,-7.395902669920864e-05,0.0,0.0,22.33956662068309,22.416007449056124,0.002,0.0
94,STREETTYPE_LN,5,0.14016015732282167,-7.395902669920864e-05,0.0,0.0,27.04777212702478,27.139806468245784,0.002,0.0
95,STREETTYPE_LN,6,0.1337656347961442,-7.395902669920864e-05,0.0,0.0,28.118507448316436,28.213646378639915,0.002,0.0
96,STREETTYPE_LN,7,0.1323235051180591,-7.395902669920864e-05,0.0,0.0,30.03539392358948,30.13641070638529,0.002,0.0
97,STREETTYPE_LN,8,0.13104643537457453,-7.395902669920864e-05,0.0,0.0,31.77764382858976,31.883881885225218,0.002,0.0
98,STREETTYPE_LN,9,0.12405462135343782,-7.395902669920864e-05,0.0,0.0,31.900371264675638,32.006375375243,0.002,0.0
99,STREETTYPE_LN,10,0.12065638719606189,-7.395902669920864e-05,0.0,0.0,32.69296225820418,32.80094246028701,0.002,0.0
100,STREETTYPE_OTHER,1,0.1099262769878884,-7.395902669920864e-05,0.0,0.0,10.411683038273447,10.418383608367883,0.006,0.0
101,STREETTYPE_OTHER,2,0.054444773565034243,-7.395902669920864e-05,6.644906846986487e-12,6.4432903457145585e-12,6.9633607840398195,6.96770187747651,0.01,1.3322676295501878e-15
102,STREETTYPE_OTHER,3,0.03580283482534668,-7.395902669920864e-05,7.993281148088727e-08,7.844535998557944e-08,5.491000131506757,5.494316371897157,0.022,1.3135824983301347e-07
103,STREETTYPE_OTHER,4,0.05444477356503424,-7.395902669920864e-05,0.0,0.0,9.487141828497379,9.492693328008343,0.002,0.0
104,STREETTYPE_OTHER,5,0.04330404160084256,-7.395902669920864e-05,0.0,0.0,8.366568042368502,8.371305261656039,0.002,3.9968028886505635e-15
105,STREETTYPE_OTHER,6,0.03593859706863263,-7.395902669920864e-05,7.682743330406083e-14,7.460698725481052e-14,7.565917512719397,7.5700576439435805,0.002,0.0
106,STREETTYPE_OTHER,7,0.062370702625441955,-7.395902669920864e-05,0.0,0.0,14.166056904962073,14.173524437066854,0.002,0.0
107,STREETTYPE_OTHER,8,0.061389218009478705,-7.395902669920864e-05,0.0,0.0,14.895889822081298,14.90344544011516,0.002,0.0
108,STREETTYPE_OTHER,9,0.08530897109589841,-7.395902669920864e-05,0.0,0.0,21.942949498297597,21.953640285723065,0.002,0.0
109,STREETTYPE_OTHER,10,0.0766373749341759,-7.395902669920864e-05,0.0,0.0,20.772911073509142,20.782617535475097,0.002,0.0
110,STREETTYPE_PKWY,1,0.07747624703087885,-7.395902669920864e-05,4.263256414560601e-13,3.8546943414985435e-13,7.340240296550088,7.353771223499764,0.002,1.184830011879967e-12
111,STREETTYPE_PKWY,2,0.11766181710213773,-7.395902669920864e-05,0.0,0.0,15.037706259854335,15.065122780297866,0.002,0.0
112,STREETTYPE_PKWY,3,0.13098277909738712,-7.395902669920864e-05,0.0,0.0,20.058441376950615,20.09461962443611,0.002,0.0
113,STREETTYPE_PKWY,4,0.13768037410926362,-7.395902669920864e-05,0.0,0.0,23.971483448408648,24.014267698640182,0.002,0.0
114,STREETTYPE_PKWY,5,0.1416098574821852,-7.395902669920864e-05,0.0,0.0,27.327384254114065,27.375638376352576,0.002,0.0
115,STREETTYPE_PKWY,6,0.12748861836896277,-7.395902669920864e-05,0.0,0.0,26.79976216435712,26.846573612124715,0.002,0.0
116,STREETTYPE_PKWY,7,0.12879877841873089,-7.395902669920864e-05,0.0,0.0,29.235782272632438,29.2862599543346,0.002,0.0
117,STREETTYPE_PKWY,8,0.11975356294536814,-7.395902669920864e-05,0.0,0.0,29.040763120629233,29.0903236277066,0.002,0.0
118,STREETTYPE_PKWY,9,0.11279262338347842,-7.395902669920864e-05,0.0,0.0,29.00609892768839,29.055017424626868,0.002,0.0
119,STREETTYPE_PKWY,10,0.11124614014251778,-7.395902669920864e-05,0.0,0.0,30.144730919628813,30.194966324475118,0.002,0.0
120,STREETTYPE_PL,1,0.1348487350303671,-7.395902669920864e-05,0.0,0.0,12.770630101246528,13.410977864183133,0.002,0.0
121,STREETTYPE_PL,2,0.13726151412076582,-7.395902669920864e-05,0.0,0.0,17.54106162250763,18.420209317473823,0.002,0.0
122,STREETTYPE_PL,3,0.14136372142547635,-7.395902669920864e-05,0.0,0.0,21.647261044721777,22.73172684830403,0.002,0.0
123,STREETTYPE_PL,4,0.1411295636928047,-7.395902669920864e-05,0.0,0.0,24.571698259297182,25.802141028348867,0.002,0.0
124,STREETTYPE_PL,5,0.13601382204862936,-7.395902669920864e-05,0.0,0.0,26.248044253537298,27.56185807476874,0.002,0.0
125,STREETTYPE_PL,6,0.12968280439879795,-7.395902669920864e-05,0.0,0.0,27.26074112028983,28.62464653286038,0.002,0.0
126,STREETTYPE_PL,7,0.1310622536870019,-7.395902669920864e-05,0.0,0.0,29.749269232205098,31.23698822262231,0.002,0.0
127,STREETTYPE_PL,8,0.12959613514024695,-7.395902669920864e-05,0.0,0.0,31.426156750615153,32.99700861592822,0.002,0.0
128,STREETTYPE_PL,9,0.1274020045906707,-7.395902669920864e-05,0.0,0.0,32.760630583729025,34.39742581402034,0.002,0.0
129,STREETTYPE_PL,10,0.12393233380667748,-7.395902669920864e-05,0.0,0.0,33.58006647227755,35.2570263525618,0.002,0.0
130,STREETTYPE_RD,1,0.24098835121786324,-7.395902669920864e-05,0.0,0.0,22.816899832901072,23.87736226712196,0.002,0.0
131,STREETTYPE_RD,2,0.2635777285727831,-7.395902669920864e-05,0.0,0.0,33.674697389324976,35.23903715875964,0.002,0.0
132,STREETTYPE_RD,3,0.2683604170196029,-7.395902669920864e-05,0.0,0.0,41.08430648094618,42.99194933837751,0.002,0.0
133,STREETTYPE_RD,4,0.27757469586644984,-7.395902669920864e-05,0.0,0.0,48.31535955152099,50.557727688777824,0.002,0.0
134,STREETTYPE_RD,5,0.27839371304583455,-7.395902669920864e-05,0.0,0.0,53.709684455017346,56.201248520276096,0.002,0.0
135,STREETTYPE_RD,6,0.28089913421338947,-7.395902669920864e-05,0.0,0.0,59.02994614213703,61.76703343347645,0.002,0.0
136,STREETTYPE_RD,7,0.27477528880508667,-7.395902669920864e-05,0.0,0.0,62.3516883918867,65.24136235201553,0.002,0.0
137,STREETTYPE_RD,8,0.2653170415957653,-7.395902669920864e-05,0.0,0.0,64.31875629724155,67.29812371944618,0.002,0.0
138,STREETTYPE_RD,9,0.2573442642303802,-7.395902669920864e-05,0.0,0.0,66.15508585569896,69.2179953427325,0.002,0.0
139,STREETTYPE_RD,10,0.2507000893862817,-7.395902669920864e-05,0.0,0.0,67.90791840334336,71.05042910551624,0.002,0.0
140,STREETTYPE_ST,1,0.16670932428269747,-7.395902669920864e-05,0.0,0.0,15.786281419157284,43.45559352711172,0.002,0.0
141,STREETTYPE_ST,2,0.2278224394047826,-7.395902669920864e-05,0.0,0.0,29.107882157596524,80.11668670796101,0.002,0.0
142,STREETTYPE_ST,3,0.2517658856473869,-7.395902669920864e-05,0.0,0.0,38.54448716702121,106.07598843754374,0.002,0.0
143,STREETTYPE_ST,4,0.26317364147641903,-7.395902669920864e-05,0.0,0.0,45.809343014026446,126.05266928358739,0.002,0.0
144,STREETTYPE_ST,5,0.2641331335453611,-7.395902669920864e-05,0.0,0.0,50.959163292486814,140.2038997390008,0.002,0.0
145,STREETTYPE_ST,6,0.26446219403965887,-7.395902669920864e-05,0.0,0.0,55.57669130549771,152.88648111752116,0.002,0.0
146,STREETTYPE_ST,7,0.26155547357844944,-7.395902669920864e-05,0.0,0.0,59.352670544422615,163.24838870149978,0.002,0.0
147,STREETTYPE_ST,8,0.2562895572180331,-7.395902669920864e-05,0.0,0.0,62.13090303052696,170.86330733415045,0.002,0.0
148,STREETTYPE_ST,9,0.25134750215139434,-7.395902669920864e-05,0.0,0.0,64.61395055777051,177.66399436297885,0.002,0.0
149,STREETTYPE_ST,10,0.24707445167591527,-7.395902669920864e-05,0.0,0.0,66.92612020152072,183.993148260139,0.002,0.0
150,STREETTYPE_TER,1,0.16158273123122863,-7.395902669920864e-05,0.0,0.0,15.301041897389075,15.37561586863132,0.002,0.0
151,STREETTYPE_TER,2,0.16665335414716814,-7.395902669920864e-05,0.0,0.0,21.295110487569744,21.398464642138702,0.002,0.0
152,STREETTYPE_TER,3,0.16488848063829092,-7.395902669920864e-05,0.0,0.0,25.24776270782854,25.369803188600287,0.002,0.0
153,STREETTYPE_TER,4,0.16231072346597808,-7.395902669920864e-05,0.0,0.0,28.257562865963198,28.393614814460083,0.002,0.0
154,STREETTYPE_TER,5,0.16680135463567977,-7.395902669920864e-05,0.0,0.0,32.1862152738643,32.340564968613876,0.002,0.0
155,STREETTYPE_TER,6,0.15709920971867944,-7.395902669920864e-05,0.0,0.0,33.02068386349302,33.17839997767458,0.002,0.0
156,STREETTYPE_TER,7,0.15111652762525574,-7.395902669920864e-05,0.0,0.0,34.298737165582246,34.46186044141346,0.002,0.0
157,STREETTYPE_TER,8,0.14366653990832884,-7.395902669920864e-05,0.0,0.0,34.83618547487175,35.00116203506615,0.002,0.0
158,STREETTYPE_TER,9,0.1414086690741104,-7.395902669920864e-05,0.0,0.0,36.360267313909276,36.5317241316696,0.002,0.0
159,STREETTYPE_TER,10,0.13422081533972685,-7.395902669920864e-05,0.0,0.0,36.36611777568051,36.53686750984404,0.002,0.0
160,STREETTYPE_WAY,1,0.24851829900726036,-7.395902669920864e-05,0.0,0.0,23.52962039167836,23.550028517711137,0.002,0.0
161,STREETTYPE_WAY,2,0.22761088062429,-7.395902669920864e-05,0.0,0.0,29.080860984403937,29.105497789710988,0.002,0.0
162,STREETTYPE_WAY,3,0.2485923840568973,-7.395902669920864e-05,0.0,0.0,38.05877772145096,38.090278686269656,0.002,0.0
163,STREETTYPE_WAY,4,0.2694627599150491,-7.395902669920864e-05,0.0,0.0,46.90375140848256,46.94169185218158,0.002,0.0
164,STREETTYPE_WAY,5,0.26533313577320095,-7.395902669920864e-05,0.0,0.0,51.190614722819475,51.23105200093621,0.002,0.0
165,STREETTYPE_WAY,6,0.2417220246620898,-7.395902669920864e-05,0.0,0.0,50.79918411382527,50.838346357449375,0.002,0.0
166,STREETTYPE_WAY,7,0.24859238405689726,-7.395902669920864e-05,0.0,0.0,56.41189291879625,56.45424941868131,0.002,0.0
167,STREETTYPE_WAY,8,0.2278331357732009,-7.395902669920864e-05,0.0,0.0,55.23435555262114,55.27472720007834,0.002,0.0
168,STREETTYPE_WAY,9,0.207040960800777,-7.395902669920864e-05,0.0,0.0,53.22740997050244,53.2652483594326,0.002,0.0
169,STREETTYPE_WAY,10,0.198673877611498,-7.395902669920864e-05,0.0,0.0,53.81957167689559,53.85675696718194,0.002,0.0
170,SEGMENTTYPE_1,1,-0.0002218770800976261,-7.395902669920864e-05,1.9776589092128527,1.9776586300456145,-0.014000659847843353,-0.014000834807113529,0.034,0.017296761705625885
171,SEGMENTTYPE_1,2,-0.00011093854004881299,-7.395902669920864e-05,1.9924629259846662,1.9924629833742107,-0.004723178269748631,-0.004723142305783905,0.284,0.39294502531093123
172,SEGMENTTYPE_1,3,-7.395902669920867e-05,-7.395902669920864e-05,2.0,2.0,-4.148471499605813e-18,-4.148359247776892e-18,0.868,0.9481403173147565
173,SEGMENTTYPE_1,4,-5.5469270024406515e-05,-7.395902669920864e-05,1.994865594727961,1.99486582991319,0.003217516908579999,0.0032173695273309154,0.368,0.4458211566068644
174,SEGMENTTYPE_1,5,-7.395902669920861e-05,-7.395902669920864e-05,2.0,2.0,5.227909952368972e-18,5.227571585515355e-18,0.718,0.9786034110434002
175,SEGMENTTYPE_1,6,-7.395902669920863e-05,-7.395902669920864e-05,2.0,2.0,2.8472653337983327e-18,2.8470270525517794e-18,0.718,0.9855941032504687
176,SEGMENTTYPE_1,7,-7.395902669920865e-05,-7.395902669920864e-05,2.0,2.0,-3.0744961349683525e-18,-3.074177265288489e-18,0.9,0.980959948029445
177,SEGMENTTYPE_1,8,-8.320390503660972e-05,-7.395902669920864e-05,1.99642461889919,1.9964250607800385,-0.0022405397145581103,-0.0022402628061060927,0.622,0.5573892594572364
178,SEGMENTTYPE_1,9,-8.217669633245403e-05,-7.395902669920864e-05,1.9966299033110269,1.9966303871592632,-0.0021118964820846945,-0.002111593274491062,0.736,0.6438566374150863
179,SEGMENTTYPE_1,10,-8.135492936912957e-05,-7.395902669920864e-05,1.996804058795286,1.996804581253355,-0.0020027604858097506,-0.0020024330831111704,0.536,0.5999517166571243
180,SEGMENTTYPE_2,1,0.4999128727215403,-7.395902669920864e-05,0.0,0.0,47.32448405640579,47.74737287644433,0.002,0.0
181,SEGMENTTYPE_2,2,0.4624189919878731,-7.395902669920864e-05,0.0,0.0,59.07153605544455,59.59818053005808,0.002,0.0
182,SEGMENTTYPE_2,3,0.43936858834157744,-7.395902669920864e-05,0.0,0.0,67.2573779959234,67.85566190455961,0.002,0.0
183,SEGMENTTYPE_2,4,0.41610791210144155,-7.395902669920864e-05,0.0,0.0,72.42238126498144,73.06521796934936,0.002,0.0
184,SEGMENTTYPE_2,5,0.402016076367141,-7.395902669920864e-05,0.0,0.0,77.55345086479076,78.24032632919551,0.002,0.0
185,SEGMENTTYPE_2,6,0.39443490658598623,-7.395902669920864e-05,0.0,0.0,82.88280141405987,83.61526408272245,0.002,0.0
186,SEGMENTTYPE_2,7,0.3787751993842044,-7.395902669920864e-05,0.0,0.0,85.94487654273053,86.70263105615079,0.002,0.0
187,SEGMENTTYPE_2,8,0.3695197348985627,-7.395902669920864e-05,0.0,0.0,89.57276875561091,90.36067986126594,0.002,0.0
188,SEGMENTTYPE_2,9,0.3561767124328255,-7.395902669920864e-05,0.0,0.0,91.55448848319679,92.35795129813492,0.002,0.0
189,SEGMENTTYPE_2,10,0.34950373279317687,-7.395902669920864e-05,0.0,0.0,94.66327764761022,95.49208638903748,0.002,0.0
190,SEGMENTTYPE_3,1,-0.00014791805339841734,-7.395902669920864e-05,1.9888291809033833,1.9888290413095033,-0.007000329923921673,-0.00700041740355676,0.458,0.24225935508783936
191,SEGMENTTYPE_3,2,-7.395902669920861e-05,-7.395902669920864e-05,2.0,2.0,3.461971019389159e-18,3.4619446587064765e-18,0.784,0.9776814709366555
192,SEGMENTTYPE_3,3,-7.395902669920867e-05,-7.395902669920864e-05,2.0,2.0,-4.148471499605813e-18,-4.148359247776892e-18,0.794,0.9676288497447749
193,SEGMENTTYPE_3,4,-5.5469270024406515e-05,-7.395902669920864e-05,1.994865594727961,1.99486582991319,0.003217516908579999,0.0032173695273309154,0.362,0.474368118063907
194,SEGMENTTYPE_3,5,-7.395902669920861e-05,-7.395902669920864e-05,2.0,2.0,5.227909952368972e-18,5.227571585515355e-18,0.732,0.9761708087850174
195,SEGMENTTYPE_3,6,-7.395902669920863e-05,-7.395902669920864e-05,2.0,2.0,2.8472653337983327e-18,2.8470270525517794e-18,0.694,0.9864933362449531
196,SEGMENTTYPE_3,7,-8.452460194195276e-05,-7.395902669920864e-05,1.9961751319829963,1.9961755286763248,-0.002396882874570585,-0.0023966342831782616,0.684,0.5904492429088821
197,SEGMENTTYPE_3,8,-7.395902669920861e-05,-7.395902669920864e-05,2.0,2.0,6.569037302082145e-18,6.568225434326021e-18,0.768,0.9617797453045891
198,SEGMENTTYPE_3,9,-9.039436596569942e-05,-7.395902669920864e-05,1.9932598216530055,1.9932607893430054,-0.004223792964169392,-0.004223186548982127,0.446,0.36618448768042045
199,SEGMENTTYPE_3,10,-8.135492936912957e-05,-7.395902669920864e-05,1.996804058795286,1.996804581253355,-0.0020027604858097506,-0.0020024330831111704,0.678,0.6732785138980982
200,elevation_diff,1,0.4082222351022776,-7.395902669920864e-05,0.0,0.0,38.64583125476677,39.45902741723036,0.002,0.0
201,elevation_diff,2,0.35773042586217274,-7.395902669920864e-05,0.0,0.0,45.70027408286531,46.6609423001805,0.002,0.0
202,elevation_diff,3,0.3189576759201901,-7.395902669920864e-05,0.0,0.0,48.82829710682989,49.85371384938302,0.002,0.0
203,elevation_diff,4,0.29446744979023853,-7.395902669920864e-05,0.0,0.0,51.25497213475976,52.330331142647296,0.002,0.0
204,elevation_diff,5,0.2769928841458166,-7.395902669920864e-05,0.0,0.0,53.43949841282629,54.559615647236164,0.002,0.0
205,elevation_diff,6,0.26731063929667415,-7.395902669920864e-05,0.0,0.0,56.17512430195108,57.351448396163384,0.002,0.0
206,elevation_diff,7,0.2593519187242331,-7.395902669920864e-05,0.0,0.0,58.85277699656537,60.08391567546395,0.002,0.0
207,elevation_diff,8,0.2514956411657382,-7.395902669920864e-05,0.0,0.0,60.96907494459415,62.24319249566107,0.002,0.0
208,elevation_diff,9,0.2451100657424331,-7.395902669920864e-05,0.0,0.0,63.01096326365731,64.32640932578296,0.002,0.0
209,elevation_diff,10,0.24015970848046614,-7.395902669920864e-05,0.0,0.0,65.05365445130346,66.41036469660644,0.002,0.0
210,d_auth_score_SgAsNd,1,0.5475436715741152,-7.395902669920864e-05,0.0,0.0,51.8328087517001,51.8454684322079,0.002,0.0
211,d_auth_score_SgAsNd,2,0.5827431171780253,-7.395902669920864e-05,0.0,0.0,74.43983709423365,74.4565203941725,0.002,0.0
212,d_auth_score_SgAsNd,3,0.6384298342140162,-7.395902669920864e-05,0.0,0.0,97.72401700974177,97.74401732211726,0.002,0.0
213,d_auth_score_SgAsNd,4,0.5969566714814146,-7.395902669920864e-05,0.0,0.0,103.89299234088442,103.91230621735173,0.002,0.0
214,d_auth_score_SgAsNd,5,0.576458450425798,-7.395902669920864e-05,0.0,0.0,111.19916922248264,111.21773631924682,0.002,0.0
215,d_auth_score_SgAsNd,6,0.5631694119198775,-7.395902669920864e-05,0.0,0.0,118.33241919532078,118.3499316731628,0.002,0.0
216,d_auth_score_SgAsNd,7,0.5471120901092136,-7.395902669920864e-05,0.0,0.0,124.13340875864803,124.14929199833499,0.002,0.0
217,d_auth_score_SgAsNd,8,0.5091670373452404,-7.395902669920864e-05,0.0,0.0,123.41694882414465,123.43028565373548,0.002,0.0
218,d_auth_score_SgAsNd,9,0.5029004223961451,-7.395902669920864e-05,0.0,0.0,129.26168538198172,129.2730691670835,0.002,0.0
219,d_auth_score_SgAsNd,10,0.47565831713459933,-7.395902669920864e-05,0.0,0.0,128.82508694917254,128.83386626917138,0.002,0.0
220,d_btw_cntr_SgAsNd,1,0.24675384276732695,-7.395902669920864e-05,0.0,0.0,23.362612030872167,23.43400013031168,0.002,0.0
221,d_btw_cntr_SgAsNd,2,0.21574188618761128,-7.395902669920864e-05,0.0,0.0,27.564903322195057,27.64857349646321,0.002,0.0
222,d_btw_cntr_SgAsNd,3,0.21789361754157782,-7.395902669920864e-05,0.0,0.0,33.36028287634646,33.46089012849841,0.002,0.0
223,d_btw_cntr_SgAsNd,4,0.2225513996760699,-7.395902669920864e-05,0.0,0.0,38.74041549075782,38.856515508293896,0.002,0.0
224,d_btw_cntr_SgAsNd,5,0.21797927843929174,-7.395902669920864e-05,0.0,0.0,42.05720000288857,42.18243728599537,0.002,0.0
225,d_btw_cntr_SgAsNd,6,0.21588276378244453,-7.395902669920864e-05,0.0,0.0,45.37058538044142,45.50482099040808,0.002,0.0
226,d_btw_cntr_SgAsNd,7,0.22258543458246594,-7.395902669920864e-05,0.0,0.0,50.51201426733373,50.660440498375515,0.002,0.0
227,d_btw_cntr_SgAsNd,8,0.2097188099324782,-7.395902669920864e-05,0.0,0.0,50.84426355061055,50.99264602376026,0.002,0.0
228,d_btw_cntr_SgAsNd,9,0.2002841507006377,-7.395902669920864e-05,0.0,0.0,51.49094645743189,51.64017766179555,0.002,0.0
229,d_btw_cntr_SgAsNd,10,0.19586262440586166,-7.395902669920864e-05,0.0,0.0,53.05830329801972,53.21101105579242,0.002,0.0
230,d_clo_cntr_SgAsNd,1,0.7219952201255304,-7.395902669920864e-05,0.0,0.0,68.34490267859344,71.27208364500406,0.002,0.0
231,d_clo_cntr_SgAsNd,2,0.7143313530286548,-7.395902669920864e-05,0.0,0.0,91.24683750682564,95.1528538962361,0.002,0.0
232,d_clo_cntr_SgAsNd,3,0.7016135258922895,-7.395902669920864e-05,0.0,0.0,107.39438111042622,111.98928163057569,0.002,0.0
233,d_clo_cntr_SgAsNd,4,0.690332290384722,-7.395902669920864e-05,0.0,0.0,120.14186126623652,125.27963087201366,0.002,0.0
234,d_clo_cntr_SgAsNd,5,0.6845247793794969,-7.395902669920864e-05,0.0,0.0,132.0425525319945,137.6864215222674,0.002,0.0
235,d_clo_cntr_SgAsNd,6,0.6802275657423746,-7.395902669920864e-05,0.0,0.0,142.92529545958118,149.03125396299444,0.002,0.0
236,d_clo_cntr_SgAsNd,7,0.6737673906532801,-7.395902669920864e-05,0.0,0.0,152.86614823311675,159.39331210572774,0.002,0.0
237,d_clo_cntr_SgAsNd,8,0.6686367050799881,-7.395902669920864e-05,0.0,0.0,162.06517228227312,168.9814571379,0.002,0.0
238,d_clo_cntr_SgAsNd,9,0.6629186613969323,-7.395902669920864e-05,0.0,0.0,170.3855040675095,177.6529933833234,0.002,0.0
239,d_clo_cntr_SgAsNd,10,0.6597790252974401,-7.395902669920864e-05,0.0,0.0,178.68373103700623,186.30112327553118,0.002,0.0
240,d_far_cntr_SgAsNd,1,0.29504903184669,-7.395902669920864e-05,0.0,0.0,27.93382223174056,27.941462516843327,0.002,0.0
241,d_far_cntr_SgAsNd,2,0.3102851663781739,-7.395902669920864e-05,0.0,0.0,39.640366899154195,39.65041135130272,0.002,0.0
242,d_far_cntr_SgAsNd,3,0.2574300928471706,-7.395902669920864e-05,0.0,0.0,39.4114030516222,39.420622607871934,0.002,0.0
243,d_far_cntr_SgAsNd,4,0.23686236514249642,-7.395902669920864e-05,0.0,0.0,41.23075509750251,41.23962672274934,0.002,0.0
244,d_far_cntr_SgAsNd,5,0.22916618852323445,-7.395902669920864e-05,0.0,0.0,44.21488461368501,44.223561271120296,0.002,0.0
245,d_far_cntr_SgAsNd,6,0.22708544716595033,-7.395902669920864e-05,0.0,0.0,47.72416945196207,47.73262899564232,0.002,0.0
246,d_far_cntr_SgAsNd,7,0.23210668613011481,-7.395902669920864e-05,0.0,0.0,52.67198419369536,52.68026509215282,0.002,0.0
247,d_far_cntr_SgAsNd,8,0.2354163399558599,-7.395902669920864e-05,0.0,0.0,57.07218072616766,57.08001815181754,0.002,0.0
248,d_far_cntr_SgAsNd,9,0.22464008290985907,-7.395902669920864e-05,0.0,0.0,57.75028880705053,57.757064506652874,0.002,0.0
249,d_far_cntr_SgAsNd,10,0.22102423127600357,-7.395902669920864e-05,0.0,0.0,59.87189647900437,59.87772843068135,0.002,0.0
250,d_hub_score_SgAsNd,1,0.49606229211705927,-7.395902669920864e-05,0.0,0.0,46.960020976873274,46.9709426579818,0.002,0.0
251,d_hub_score_SgAsNd,2,0.558071931512972,-7.395902669920864e-05,0.0,0.0,71.28872996849965,71.30387539066062,0.002,0.0
252,d_hub_score_SgAsNd,3,0.6253783281935105,-7.395902669920864e-05,0.0,0.0,95.72646333840467,95.744938139031,0.002,0.0
253,d_hub_score_SgAsNd,4,0.5863966226602425,-7.395902669920864e-05,0.0,0.0,102.05537293706308,102.07315474055147,0.002,0.0
254,d_hub_score_SgAsNd,5,0.566575200497668,-7.395902669920864e-05,0.0,0.0,109.29292915131319,109.30990314954707,0.002,0.0
255,d_hub_score_SgAsNd,6,0.5525687593955366,-7.395902669920864e-05,0.0,0.0,116.10531644904947,116.12114513394162,0.002,0.0
256,d_hub_score_SgAsNd,7,0.5337280676709802,-7.395902669920864e-05,0.0,0.0,121.0971392287802,121.11122163808247,0.002,0.0
257,d_hub_score_SgAsNd,8,0.4964971132012518,-7.395902669920864e-05,0.0,0.0,120.346333161178,120.35793468196759,0.002,0.0
258,d_hub_score_SgAsNd,9,0.48812003510305685,-7.395902669920864e-05,0.0,0.0,125.46320609025645,125.47279228040996,0.002,0.0
259,d_hub_score_SgAsNd,10,0.4612451213744453,-7.395902669920864e-05,0.0,0.0,124.9220908943332,124.92914755599689,0.002,0.0
260,d_in_deg_SgAsNd,1,0.4838548376440877,-7.395902669920864e-05,0.0,0.0,45.80456757711986,56.09666542891009,0.002,0.0
261,d_in_deg_SgAsNd,2,0.47995720652309526,-7.395902669920864e-05,0.0,0.0,61.311590244363096,75.08595434191074,0.002,0.0
262,d_in_deg_SgAsNd,3,0.48565542299344056,-7.395902669920864e-05,0.0,0.0,74.3416513623942,91.04081781813525,0.002,0.0
263,d_in_deg_SgAsNd,4,0.4863630058081743,-7.395902669920864e-05,0.0,0.0,84.64790461236774,103.65931014037363,0.002,0.0
264,d_in_deg_SgAsNd,5,0.4789195086546375,-7.395902669920864e-05,0.0,0.0,92.38626449420678,113.13248896356716,0.002,0.0
265,d_in_deg_SgAsNd,6,0.4671322900949871,-7.395902669920864e-05,0.0,0.0,98.15587466005822,120.19432160074079,0.002,0.0
266,d_in_deg_SgAsNd,7,0.4507245209225719,-7.395902669920864e-05,0.0,0.0,102.26713942668641,125.22486426782592,0.002,0.0
267,d_in_deg_SgAsNd,8,0.4363815310419609,-7.395902669920864e-05,0.0,0.0,105.7770392909964,129.51878324888426,0.002,0.0
268,d_in_deg_SgAsNd,9,0.4240180859536649,-7.395902669920864e-05,0.0,0.0,108.98935316780587,133.44804885548027,0.002,0.0
269,d_in_deg_SgAsNd,10,0.41230920689247647,-7.395902669920864e-05,0.0,0.0,111.67057580070635,136.72685059846089,0.002,0.0
270,d_node_ecc_SgAsNd,1,0.7515505883871403,-7.395902669920864e-05,0.0,0.0,71.14236146203206,73.64072754108149,0.002,0.0
271,d_node_ecc_SgAsNd,2,0.7331360356244461,-7.395902669920864e-05,0.0,0.0,93.64865029885125,96.93533068767981,0.002,0.0
272,d_node_ecc_SgAsNd,3,0.7188206472568192,-7.395902669920864e-05,0.0,0.0,110.02795829307898,113.88713022073962,0.002,0.0
273,d_node_ecc_SgAsNd,4,0.7047278279139942,-7.395902669920864e-05,0.0,0.0,122.64691778067153,126.946158298879,0.002,0.0
274,d_node_ecc_SgAsNd,5,0.6974986680648861,-7.395902669920864e-05,0.0,0.0,134.54490213064116,139.2583965332768,0.002,0.0
275,d_node_ecc_SgAsNd,6,0.6928998780320762,-7.395902669920864e-05,0.0,0.0,145.58763548414086,150.68493004928595,0.002,0.0
276,d_node_ecc_SgAsNd,7,0.6856412241686158,-7.395902669920864e-05,0.0,0.0,155.55981966647818,161.00279618308184,0.002,0.0
277,d_node_ecc_SgAsNd,8,0.680821767581853,-7.395902669920864e-05,0.0,0.0,165.0182794474969,170.78855695985266,0.002,0.0
278,d_node_ecc_SgAsNd,9,0.6744571094762437,-7.395902669920864e-05,0.0,0.0,173.35082258175487,179.40861629705344,0.002,0.0
279,d_node_ecc_SgAsNd,10,0.6711364340361096,-7.395902669920864e-05,0.0,0.0,181.75924060739388,188.10684840036342,0.002,0.0
280,d_out_deg_SgAsNd,1,0.4763592669196214,-7.395902669920864e-05,0.0,0.0,45.09510085775977,55.418059738383946,0.002,0.0
281,d_out_deg_SgAsNd,2,0.47173930303389244,-7.395902669920864e-05,0.0,0.0,60.26196520424587,74.05477036672515,0.002,0.0
282,d_out_deg_SgAsNd,3,0.4772131562485129,-7.395902669920864e-05,0.0,0.0,73.0495490636831,89.7666531487052,0.002,0.0
283,d_out_deg_SgAsNd,4,0.47825137272311635,-7.395902669920864e-05,0.0,0.0,83.23634917297468,102.28185514810602,0.002,0.0
284,d_out_deg_SgAsNd,5,0.47015716017035314,-7.395902669920864e-05,0.0,0.0,90.69621922369787,111.44549226461963,0.002,0.0
285,d_out_deg_SgAsNd,6,0.4584435491504692,-7.395902669920864e-05,0.0,0.0,96.33044752010213,118.36533628603826,0.002,0.0
286,d_out_deg_SgAsNd,7,0.4429221093090704,-7.395902669920864e-05,0.0,0.0,100.49710170066713,123.48130500004574,0.002,0.0
287,d_out_deg_SgAsNd,8,0.4270043755728568,-7.395902669920864e-05,0.0,0.0,103.50444159188814,127.17257207123542,0.002,0.0
288,d_out_deg_SgAsNd,9,0.4132861195546528,-7.395902669920864e-05,0.0,0.0,106.23129606701514,130.51897640533966,0.002,0.0
289,d_out_deg_SgAsNd,10,0.4022710839097823,-7.395902669920864e-05,0.0,0.0,108.95231990163926,133.85804273626667,0.002,0.0
290,d_page_rank_SgAsNd,1,0.3448952337737214,-7.395902669920864e-05,0.0,0.0,32.65183806451751,36.627030682337754,0.002,0.0
291,d_page_rank_SgAsNd,2,0.3421808789369153,-7.395902669920864e-05,0.0,0.0,43.71422084718642,49.035016901611954,0.002,0.0
292,d_page_rank_SgAsNd,3,0.3448883907934026,-7.395902669920864e-05,0.0,0.0,52.7970340950364,59.2219550034522,0.002,0.0
293,d_page_rank_SgAsNd,4,0.34248104792281975,-7.395902669920864e-05,0.0,0.0,59.61011528512241,66.8625784066602,0.002,0.0
294,d_page_rank_SgAsNd,5,0.3318547097158181,-7.395902669920864e-05,0.0,0.0,64.02101876691417,71.80843820251164,0.002,0.0
295,d_page_rank_SgAsNd,6,0.3168629242112185,-7.395902669920864e-05,0.0,0.0,66.58561833180445,74.68321589984924,0.002,0.0
296,d_page_rank_SgAsNd,7,0.29619203308938347,-7.395902669920864e-05,0.0,0.0,67.21024331433084,75.38188980553362,0.002,0.0
297,d_page_rank_SgAsNd,8,0.27890867405804265,-7.395902669920864e-05,0.0,0.0,67.61275230303112,75.83142559900853,0.002,0.0
298,d_page_rank_SgAsNd,9,0.26360534323007645,-7.395902669920864e-05,0.0,0.0,67.76414916727562,75.9992982821268,0.002,0.0
299,d_page_rank_SgAsNd,10,0.2489210323332061,-7.395902669920864e-05,0.0,0.0,67.42616177039147,75.61833037324422,0.002,0.0
300,ud_art_pt_SgAsNd,1,0.05673861966290165,-7.395902669920864e-05,1.511437157653006e-07,1.3247269947669338e-07,5.377393570543334,5.40109225252544,0.002,3.010444538098511e-07
301,ud_art_pt_SgAsNd,2,0.08799593212125846,-7.395902669920864e-05,0.0,0.0,11.248655225843082,11.29800034011194,0.002,0.0
302,ud_art_pt_SgAsNd,3,0.09011669116107755,-7.395902669920864e-05,0.0,0.0,13.803821882303485,13.86410420653545,0.002,0.0
303,ud_art_pt_SgAsNd,4,0.08948791272551063,-7.395902669920864e-05,0.0,0.0,15.585215197532742,15.652981183813877,0.002,0.0
304,ud_art_pt_SgAsNd,5,0.09230565199233606,-7.395902669920864e-05,0.0,0.0,17.81779450728211,17.8949265445248,0.002,0.0
305,ud_art_pt_SgAsNd,6,0.09149677322001082,-7.395902669920864e-05,0.0,0.0,19.238195837138292,19.32110707766307,0.002,0.0
306,ud_art_pt_SgAsNd,7,0.08373153639845171,-7.395902669920864e-05,0.0,0.0,19.011928093304338,19.093478282486988,0.002,0.0
307,ud_art_pt_SgAsNd,8,0.08090758965432593,-7.395902669920864e-05,0.0,0.0,19.626258923518165,19.710048856140688,0.002,0.0
308,ud_art_pt_SgAsNd,9,0.08052763405243818,-7.395902669920864e-05,0.0,0.0,20.71417183596694,20.80218684502439,0.002,0.0
309,ud_art_pt_SgAsNd,10,0.07673026712191203,-7.395902669920864e-05,0.0,0.0,20.798065650487956,20.88601755889858,0.002,0.0
310,ud_auth_score_SgAsNd,1,0.4101401504162785,-7.395902669920864e-05,0.0,0.0,38.82736474112201,38.83484183564639,0.002,0.0
311,ud_auth_score_SgAsNd,2,0.46684753924725125,-7.395902669920864e-05,0.0,0.0,59.63716865272353,59.64745324239913,0.002,0.0
312,ud_auth_score_SgAsNd,3,0.5582281221791294,-7.395902669920864e-05,0.0,0.0,85.44901793522115,85.46209152750862,0.002,0.0
313,ud_auth_score_SgAsNd,4,0.518880584109373,-7.395902669920864e-05,0.0,0.0,90.30648951699035,90.31861243402781,0.002,0.0
314,ud_auth_score_SgAsNd,5,0.503470265942564,-7.395902669920864e-05,0.0,0.0,97.12151227809598,97.13271181601209,0.002,0.0
315,ud_auth_score_SgAsNd,6,0.4966172925390561,-7.395902669920864e-05,0.0,0.0,104.35041124789774,104.36046436405844,0.002,0.0
316,ud_auth_score_SgAsNd,7,0.4858731743970546,-7.395902669920864e-05,0.0,0.0,110.24088469295195,110.24929631702084,0.002,0.0
317,ud_auth_score_SgAsNd,8,0.4388108565562702,-7.395902669920864e-05,0.0,0.0,106.36579774684098,106.37179843620224,0.002,0.0
318,ud_auth_score_SgAsNd,9,0.439233811793906,-7.395902669920864e-05,0.0,0.0,112.89971210270015,112.90382428573325,0.002,0.0
319,ud_auth_score_SgAsNd,10,0.41000527247796886,-7.395902669920864e-05,0.0,0.0,111.04668592367497,111.04851906893987,0.002,0.0
320,ud_bridge_SgAsNd,1,0.4691998567744959,-7.395902669920864e-05,0.0,0.0,44.41745222833173,44.54277277330844,0.002,0.0
321,ud_bridge_SgAsNd,2,0.35881201182472267,-7.395902669920864e-05,0.0,0.0,45.83841877035444,45.96681997711231,0.002,0.0
322,ud_bridge_SgAsNd,3,0.3009694360848353,-7.395902669920864e-05,0.0,0.0,46.07516850484709,46.203330004420074,0.002,0.0
323,ud_bridge_SgAsNd,4,0.2772385057223603,-7.395902669920864e-05,0.0,0.0,48.25685702538553,48.39017518409677,0.002,0.0
324,ud_bridge_SgAsNd,5,0.2417679417758552,-7.395902669920864e-05,0.0,0.0,46.64545828042629,46.77343499022171,0.002,0.0
325,ud_bridge_SgAsNd,6,0.2200292666848963,-7.395902669920864e-05,0.0,0.0,46.241728735085665,46.36771349150066,0.002,0.0
326,ud_bridge_SgAsNd,7,0.20158665115019725,-7.395902669920864e-05,0.0,0.0,45.74827701316137,45.87199326710946,0.002,0.0
327,ud_bridge_SgAsNd,8,0.19540653948221007,-7.395902669920864e-05,0.0,0.0,47.37561754154506,47.50278480442706,0.002,0.0
328,ud_bridge_SgAsNd,9,0.1801873823484577,-7.395902669920864e-05,0.0,0.0,46.326186096108096,46.44960275018716,0.002,0.0
329,ud_bridge_SgAsNd,10,0.17111201127626627,-7.395902669920864e-05,0.0,0.0,46.35600444583004,46.478569891334864,0.002,0.0
330,ud_btw_cntr_SgAsNd,1,0.14908763432074615,-7.395902669920864e-05,0.0,0.0,14.118362720708028,14.15965488289423,0.002,0.0
331,ud_btw_cntr_SgAsNd,2,0.13441037222125957,-7.395902669920864e-05,0.0,0.0,17.176901842025774,17.22679133190329,0.002,0.0
332,ud_btw_cntr_SgAsNd,3,0.15159309782759267,-7.395902669920864e-05,0.0,0.0,23.21288330742711,23.279849010127425,0.002,0.0
333,ud_btw_cntr_SgAsNd,4,0.15720147097900258,-7.395902669920864e-05,0.0,0.0,27.36847024261617,27.446906883947165,0.002,0.0
334,ud_btw_cntr_SgAsNd,5,0.15649656888455016,-7.395902669920864e-05,0.0,0.0,30.198671129330467,30.284642826715068,0.002,0.0
335,ud_btw_cntr_SgAsNd,6,0.15805912818150133,-7.395902669920864e-05,0.0,0.0,33.2223541889601,33.316298415611385,0.002,0.0
336,ud_btw_cntr_SgAsNd,7,0.1662565799461154,-7.395902669920864e-05,0.0,0.0,37.73337572469832,37.83931350954863,0.002,0.0
337,ud_btw_cntr_SgAsNd,8,0.160929408576635,-7.395902669920864e-05,0.0,0.0,39.01992282943103,39.12869012737302,0.002,0.0
338,ud_btw_cntr_SgAsNd,9,0.15633652917946372,-7.395902669920864e-05,0.0,0.0,40.19664631775804,40.30788330302941,0.002,0.0
339,ud_btw_cntr_SgAsNd,10,0.15353217949756404,-7.395902669920864e-05,0.0,0.0,41.59550474688743,41.709777483042124,0.002,0.0
340,ud_clo_cntr_SgAsNd,1,0.7165364090228791,-7.395902669920864e-05,0.0,0.0,67.82821823294302,70.7926204388089,0.002,0.0
341,ud_clo_cntr_SgAsNd,2,0.7076280518483361,-7.395902669920864e-05,0.0,0.0,90.39066381489143,94.3391184981329,0.002,0.0
342,ud_clo_cntr_SgAsNd,3,0.6979495031027524,-7.395902669920864e-05,0.0,0.0,106.83359661830681,111.49797397769775,0.002,0.0
343,ud_clo_cntr_SgAsNd,4,0.6871439515747061,-7.395902669920864e-05,0.0,0.0,119.58703871167643,124.80570410656797,0.002,0.0
344,ud_clo_cntr_SgAsNd,5,0.6798762389799496,-7.395902669920864e-05,0.0,0.0,131.14596142618365,136.86623550220833,0.002,0.0
345,ud_clo_cntr_SgAsNd,6,0.6757070386113634,-7.395902669920864e-05,0.0,0.0,141.97557294344813,148.16515220622819,0.002,0.0
346,ud_clo_cntr_SgAsNd,7,0.6685338386785368,-7.395902669920864e-05,0.0,0.0,151.678876284999,158.288018681541,0.002,0.0
347,ud_clo_cntr_SgAsNd,8,0.6632009245267123,-7.395902669920864e-05,0.0,0.0,160.74778531786438,167.74844595247873,0.002,0.0
348,ud_clo_cntr_SgAsNd,9,0.6570420590799837,-7.395902669920864e-05,0.0,0.0,168.87524917607826,176.2260164768977,0.002,0.0
349,ud_clo_cntr_SgAsNd,10,0.6536810881255324,-7.395902669920864e-05,0.0,0.0,177.03245084067314,184.73426710655968,0.002,0.0
350,ud_deg_cntr_SgAsNd,1,0.5079310034327859,-7.395902669920864e-05,0.0,0.0,48.083411841923116,53.77210598984897,0.002,0.0
351,ud_deg_cntr_SgAsNd,2,0.48170144914833135,-7.395902669920864e-05,0.0,0.0,61.53437221520189,68.81278030041497,0.002,0.0
352,ud_deg_cntr_SgAsNd,3,0.4828085766665071,-7.395902669920864e-05,0.0,0.0,73.90593702236603,82.6457152264419,0.002,0.0
353,ud_deg_cntr_SgAsNd,4,0.47994039566634344,-7.395902669920864e-05,0.0,0.0,83.5302665010604,93.40602353924808,0.002,0.0
354,ud_deg_cntr_SgAsNd,5,0.4717474852411848,-7.395902669920864e-05,0.0,0.0,91.00295449784856,101.75981573017205,0.002,0.0
355,ud_deg_cntr_SgAsNd,6,0.46164448711230927,-7.395902669920864e-05,0.0,0.0,97.00293609654487,108.46645210033304,0.002,0.0
356,ud_deg_cntr_SgAsNd,7,0.4458355352254758,-7.395902669920864e-05,0.0,0.0,101.15803501711461,113.10973595406443,0.002,0.0
357,ud_deg_cntr_SgAsNd,8,0.4303043023371876,-7.395902669920864e-05,0.0,0.0,104.30419435236577,116.62468886042545,0.002,0.0
358,ud_deg_cntr_SgAsNd,9,0.4169780887767638,-7.395902669920864e-05,0.0,0.0,107.1801121134278,119.83729259928018,0.002,0.0
359,ud_deg_cntr_SgAsNd,10,0.4063388530399656,-7.395902669920864e-05,0.0,0.0,110.05384430547716,123.04730924893066,0.002,0.0
360,ud_eig_cntr_SgAsNd,1,0.41014402767679053,-7.395902669920864e-05,0.0,0.0,38.82773172949377,38.835208937914544,0.002,0.0
361,ud_eig_cntr_SgAsNd,2,0.4668509061010586,-7.395902669920864e-05,0.0,0.0,59.63759868138805,59.64788341161053,0.002,0.0
362,ud_eig_cntr_SgAsNd,3,0.5582311109993578,-7.395902669920864e-05,0.0,0.0,85.4494753788917,85.46254913628287,0.002,0.0
363,ud_eig_cntr_SgAsNd,4,0.5188838800693429,-7.395902669920864e-05,0.0,0.0,90.30706306736853,90.31918616191766,0.002,0.0
364,ud_eig_cntr_SgAsNd,5,0.5034737021258988,-7.395902669920864e-05,0.0,0.0,97.12217503482198,97.13337475726048,0.002,0.0
365,ud_eig_cntr_SgAsNd,6,0.49662075358465946,-7.395902669920864e-05,0.0,0.0,104.35113838277462,104.36119168512356,0.002,0.0
366,ud_eig_cntr_SgAsNd,7,0.48587703492009204,-7.395902669920864e-05,0.0,0.0,110.2417604826125,110.25017229619051,0.002,0.0
367,ud_eig_cntr_SgAsNd,8,0.43881493822514717,-7.395902669920864e-05,0.0,0.0,106.36678695847652,106.37278782200957,0.002,0.0
368,ud_eig_cntr_SgAsNd,9,0.4392379775629126,-7.395902669920864e-05,0.0,0.0,112.90078268271891,112.90489503037422,0.002,0.0
369,ud_eig_cntr_SgAsNd,10,0.4100094972964056,-7.395902669920864e-05,0.0,0.0,111.0478299759702,111.04966326367972,0.002,0.0
370,ud_far_cntr_SgAsNd,1,0.8231520783218559,-7.395902669920864e-05,0.0,0.0,77.91954708706582,81.6958344068425,0.002,0.0
371,ud_far_cntr_SgAsNd,2,0.8040329203225779,-7.395902669920864e-05,0.0,0.0,102.70389724148505,107.67899858812923,0.002,0.0
372,ud_far_cntr_SgAsNd,3,0.7937152389204502,-7.395902669920864e-05,0.0,0.0,121.49069418776627,127.37315660234066,0.002,0.0
373,ud_far_cntr_SgAsNd,4,0.7848839643277422,-7.395902669920864e-05,0.0,0.0,136.5953828023422,143.20627244122542,0.002,0.0
374,ud_far_cntr_SgAsNd,5,0.779268522657575,-7.395902669920864e-05,0.0,0.0,150.31633102010306,157.5880156556501,0.002,0.0
375,ud_far_cntr_SgAsNd,6,0.7761645625518477,-7.395902669920864e-05,0.0,0.0,163.08080462024824,170.9664231364664,0.002,0.0
376,ud_far_cntr_SgAsNd,7,0.7691786464214694,-7.395902669920864e-05,0.0,0.0,174.51093327679894,182.94520483141477,0.002,0.0
377,ud_far_cntr_SgAsNd,8,0.7648004292991032,-7.395902669920864e-05,0.0,0.0,185.3709028013089,194.3257856572015,0.002,0.0
378,ud_far_cntr_SgAsNd,9,0.7588983800421356,-7.395902669920864e-05,0.0,0.0,195.0517706862409,204.4698076983058,0.002,0.0
379,ud_far_cntr_SgAsNd,10,0.7553677412337386,-7.395902669920864e-05,0.0,0.0,204.56850963815,214.4413548874121,0.002,0.0
380,ud_hub_score_SgAsNd,1,0.4101409376336425,-7.395902669920864e-05,0.0,0.0,38.827439252395564,38.834916368922,0.002,0.0
381,ud_hub_score_SgAsNd,2,0.46684822876217497,-7.395902669920864e-05,0.0,0.0,59.63725672045643,59.647541337073946,0.002,0.0
382,ud_hub_score_SgAsNd,3,0.5582287414386008,-7.395902669920864e-05,0.0,0.0,85.44911271386421,85.46218633749368,0.002,0.0
383,ud_hub_score_SgAsNd,4,0.5188812662237621,-7.395902669920864e-05,0.0,0.0,90.30660821593372,90.31873116670295,0.002,0.0
384,ud_hub_score_SgAsNd,5,0.5034709770422926,-7.395902669920864e-05,0.0,0.0,97.12164943204908,97.13284900492049,0.002,0.0
385,ud_hub_score_SgAsNd,6,0.4966180071168785,-7.395902669920864e-05,0.0,0.0,104.35056137433826,104.36061452552498,0.002,0.0
386,ud_hub_score_SgAsNd,7,0.4858739750366901,-7.395902669920864e-05,0.0,0.0,110.241066324277,110.24947798392702,0.002,0.0
387,ud_hub_score_SgAsNd,8,0.4388116992513087,-7.395902669920864e-05,0.0,0.0,106.3660019779441,106.37200269978456,0.002,0.0
388,ud_hub_score_SgAsNd,9,0.43923467222336393,-7.395902669920864e-05,0.0,0.0,112.89993322839956,112.90404544173023,0.002,0.0
389,ud_hub_score_SgAsNd,10,0.41000614429407223,-7.395902669920864e-05,0.0,0.0,111.0469220055869,111.04875517662602,0.002,0.0
390,ud_node_ecc_SgAsNd,1,0.8234227299885646,-7.395902669920864e-05,0.0,0.0,77.94516466271519,81.4664374705592,0.002,0.0
391,ud_node_ecc_SgAsNd,2,0.8042688709760271,-7.395902669920864e-05,0.0,0.0,102.73403384681482,107.37286089562592,0.002,0.0
392,ud_node_ecc_SgAsNd,3,0.7943866003808542,-7.395902669920864e-05,0.0,0.0,121.59344712278521,127.08117449245161,0.002,0.0
393,ud_node_ecc_SgAsNd,4,0.7850030229025031,-7.395902669920864e-05,0.0,0.0,136.61610092125215,142.77892547540273,0.002,0.0
394,ud_node_ecc_SgAsNd,5,0.7789911644782751,-7.395902669920864e-05,0.0,0.0,150.26283532999176,157.03803630421706,0.002,0.0
395,ud_node_ecc_SgAsNd,6,0.7762955046564437,-7.395902669920864e-05,0.0,0.0,163.10831439099854,170.45917884033284,0.002,0.0
396,ud_node_ecc_SgAsNd,7,0.7694634141698262,-7.395902669920864e-05,0.0,0.0,174.5755350541357,182.43919421510262,0.002,0.0
397,ud_node_ecc_SgAsNd,8,0.765309359142389,-7.395902669920864e-05,0.0,0.0,185.49424434072023,193.84550796779203,0.002,0.0
398,ud_node_ecc_SgAsNd,9,0.7596203038832369,-7.395902669920864e-05,0.0,0.0,195.23730119408546,204.02274430661907,0.002,0.0
399,ud_node_ecc_SgAsNd,10,0.7563800387234274,-7.395902669920864e-05,0.0,0.0,204.84263296057804,214.05563744606192,0.002,0.0
400,ud_page_rank_SgAsNd,1,0.23986833621746562,-7.395902669920864e-05,0.0,0.0,22.710888776882015,23.814065922691228,0.002,0.0
401,ud_page_rank_SgAsNd,2,0.2196291005489345,-7.395902669920864e-05,0.0,0.0,28.06139461529784,29.423833981300064,0.002,0.0
402,ud_page_rank_SgAsNd,3,0.2304834604540398,-7.395902669920864e-05,0.0,0.0,35.28717827767664,36.99966179017321,0.002,0.0
403,ud_page_rank_SgAsNd,4,0.2346561001899624,-7.395902669920864e-05,0.0,0.0,40.84682928850256,42.828246538698345,0.002,0.0
404,ud_page_rank_SgAsNd,5,0.22843440239852286,-7.395902669920864e-05,0.0,0.0,44.07374075467152,46.21073261983159,0.002,0.0
405,ud_page_rank_SgAsNd,6,0.21991748686247367,-7.395902669920864e-05,0.0,0.0,46.21824478926973,48.458207765892055,0.002,0.0
406,ud_page_rank_SgAsNd,7,0.20576888457716294,-7.395902669920864e-05,0.0,0.0,46.697049176365155,48.95913594322318,0.002,0.0
407,ud_page_rank_SgAsNd,8,0.192145007983134,-7.395902669920864e-05,0.0,0.0,46.58517005405368,48.84076606324525,0.002,0.0
408,ud_page_rank_SgAsNd,9,0.18032491018468627,-7.395902669920864e-05,0.0,0.0,46.361530003381375,48.6052256870876,0.002,0.0
409,ud_page_rank_SgAsNd,10,0.17292297368168705,-7.395902669920864e-05,0.0,0.0,46.846400832685475,49.11248419840909,0.002,0.0
410,d_btw_cntr_SgAsEg,1,0.24669287382048302,-7.395902669920864e-05,0.0,0.0,23.356841230983775,23.42840638470692,0.002,0.0
411,d_btw_cntr_SgAsEg,2,0.21629035357739845,-7.395902669920864e-05,0.0,0.0,27.634955873525787,27.719069020067057,0.002,0.0
412,d_btw_cntr_SgAsEg,3,0.21685385447016128,-7.395902669920864e-05,0.0,0.0,33.20114549117684,33.30154953454583,0.002,0.0
413,d_btw_cntr_SgAsEg,4,0.2217032116482634,-7.395902669920864e-05,0.0,0.0,38.59281704643423,38.708796364673006,0.002,0.0
414,d_btw_cntr_SgAsEg,5,0.217546343083587,-7.395902669920864e-05,0.0,0.0,41.97369723514803,42.09903565608503,0.002,0.0
415,d_btw_cntr_SgAsEg,6,0.2165327020965622,-7.395902669920864e-05,0.0,0.0,45.50713163558512,45.64215045369439,0.002,0.0
416,d_btw_cntr_SgAsEg,7,0.22336437866341916,-7.395902669920864e-05,0.0,0.0,50.688723787164854,50.838091635937836,0.002,0.0
417,d_btw_cntr_SgAsEg,8,0.21057146573990504,-7.395902669920864e-05,0.0,0.0,51.05090869289,51.20031959362115,0.002,0.0
418,d_btw_cntr_SgAsEg,9,0.20101935695831838,-7.395902669920864e-05,0.0,0.0,51.67989047422723,51.83009985088926,0.002,0.0
419,d_btw_cntr_SgAsEg,10,0.1965305668053526,-7.395902669920864e-05,0.0,0.0,53.23917758804222,53.39284946066109,0.002,0.0
420,ud_bridge_SgAsEg,1,0.17273125752897628,-7.395902669920864e-05,0.0,0.0,16.35626619836795,17.02305148568112,0.002,0.0
421,ud_bridge_SgAsEg,2,0.17628145311267748,-7.395902669920864e-05,0.0,0.0,22.524851598085725,23.44260560851239,0.002,0.0
422,ud_bridge_SgAsEg,3,0.18457797081928254,-7.395902669920864e-05,0.0,0.0,28.26127037016277,29.412135415592637,0.002,0.0
423,ud_bridge_SgAsEg,4,0.19188495133068295,-7.395902669920864e-05,0.0,0.0,33.403957158028916,34.76354337991455,0.002,0.0
424,ud_bridge_SgAsEg,5,0.18865464774571888,-7.395902669920864e-05,0.0,0.0,36.40118740512655,37.88199092486918,0.002,0.0
425,ud_bridge_SgAsEg,6,0.18117130107862603,-7.395902669920864e-05,0.0,0.0,38.07801600914457,39.62622009936994,0.002,0.0
426,ud_bridge_SgAsEg,7,0.17027722021484282,-7.395902669920864e-05,0.0,0.0,38.645489223822736,40.21589134344222,0.002,0.0
427,ud_bridge_SgAsEg,8,0.16423792637925597,-7.395902669920864e-05,0.0,0.0,39.82175766841483,41.43906389812958,0.002,0.0
428,ud_bridge_SgAsEg,9,0.15822540188963286,-7.395902669920864e-05,0.0,0.0,40.68207634959744,42.33340398589387,0.002,0.0
429,ud_bridge_SgAsEg,10,0.1523253332235689,-7.395902669920864e-05,0.0,0.0,41.26869892779057,42.9429100181126,0.002,0.0
430,ud_btw_cntr_SgAsEg,1,0.13687571241956759,-7.395902669920864e-05,0.0,0.0,12.962486472348347,13.000644231304532,0.002,0.0
431,ud_btw_cntr_SgAsEg,2,0.12172727392250451,-7.395902669920864e-05,0.0,0.0,15.556963426086437,15.6024433486188,0.002,0.0
432,ud_btw_cntr_SgAsEg,3,0.13961760966095285,-7.395902669920864e-05,0.0,0.0,21.38001587314474,21.44210006584001,0.002,0.0
433,ud_btw_cntr_SgAsEg,4,0.14764225310162177,-7.395902669920864e-05,0.0,0.0,25.70501162094655,25.779169025790416,0.002,0.0
434,ud_btw_cntr_SgAsEg,5,0.1458815170097242,-7.395902669920864e-05,0.0,0.0,28.151284147469116,28.231961777208785,0.002,0.0
435,ud_btw_cntr_SgAsEg,6,0.1444599590190636,-7.395902669920864e-05,0.0,0.0,30.365289784751965,30.451731559583635,0.002,0.0
436,ud_btw_cntr_SgAsEg,7,0.1507688272726898,-7.395902669920864e-05,0.0,0.0,34.21985863777849,34.31658183867789,0.002,0.0
437,ud_btw_cntr_SgAsEg,8,0.14680985367532634,-7.395902669920864e-05,0.0,0.0,35.59798233938895,35.69788690731587,0.002,0.0
438,ud_btw_cntr_SgAsEg,9,0.14265709864151752,-7.395902669920864e-05,0.0,0.0,36.68110693501927,36.78331168322082,0.002,0.0
439,ud_btw_cntr_SgAsEg,10,0.14087201020249238,-7.395902669920864e-05,0.0,0.0,38.16721641760058,38.272795385726724,0.002,0.0
440,is_shared,1,0.09506987413776291,-7.395902669920864e-05,0.0,0.0,9.005502804770165,9.022443401097371,0.002,0.0
441,is_shared,2,0.12492704007592195,-7.395902669920864e-05,0.0,0.0,15.965650955887586,15.995361933394502,0.002,0.0
442,is_shared,3,0.2061562407359697,-7.395902669920864e-05,0.0,0.0,31.563858763062342,31.62198001514983,0.002,0.0
443,is_shared,4,0.22740425692955524,-7.395902669920864e-05,0.0,0.0,39.584891193853096,39.65703623756943,0.002,0.0
444,is_shared,5,0.22051553009296657,-7.395902669920864e-05,0.0,0.0,42.54638165547878,42.62311486621082,0.002,0.0
445,is_shared,6,0.21270456070484017,-7.395902669920864e-05,0.0,0.0,44.70287320082908,44.782643207955715,0.002,0.0
446,is_shared,7,0.20721013518613587,-7.395902669920864e-05,0.0,0.0,47.024008080470644,47.10697289204865,0.002,0.0
447,is_shared,8,0.19314620659339377,-7.395902669920864e-05,0.0,0.0,46.82781524272774,46.90949781782846,0.002,0.0
448,is_shared,9,0.18007843525404116,-7.395902669920864e-05,0.0,0.0,46.29818728431591,46.378015589569856,0.002,0.0
449,is_shared,10,0.16957225470546022,-7.395902669920864e-05,0.0,0.0,45.93904876707051,46.01733820595624,0.002,0.0
450,cycle_lane_both,1,0.14671681896386385,-7.395902669920864e-05,0.0,0.0,13.893961583651775,14.137303115855408,0.002,0.0
451,cycle_lane_both,2,0.1736784426815387,-7.395902669920864e-05,0.0,0.0,22.192384207613287,22.580599312120594,0.002,0.0
452,cycle_lane_both,3,0.19150188168158405,-7.395902669920864e-05,0.0,0.0,29.320985895809457,29.833304608305536,0.002,0.0
453,cycle_lane_both,4,0.2179594504632259,-7.395902669920864e-05,0.0,0.0,37.941342009396045,38.60353519158529,0.002,0.0
454,cycle_lane_both,5,0.22465723646797545,-7.395902669920864e-05,0.0,0.0,43.34521672617639,44.10086148254878,0.002,0.0
455,cycle_lane_both,6,0.22136053103843878,-7.395902669920864e-05,0.0,0.0,46.52141552709963,47.33150267522061,0.002,0.0
456,cycle_lane_both,7,0.22048322880695043,-7.395902669920864e-05,0.0,0.0,50.03511254580968,50.90532765402881,0.002,0.0
457,cycle_lane_both,8,0.21542596457685234,-7.395902669920864e-05,0.0,0.0,52.227419301412965,53.134668266933986,0.002,0.0
458,cycle_lane_both,9,0.20526604217826697,-7.395902669920864e-05,0.0,0.0,52.77126552053565,53.68684937671592,0.002,0.0
459,cycle_lane_both,10,0.1988634392682395,-7.395902669920864e-05,0.0,0.0,53.87090369310648,54.804435590435155,0.002,0.0
460,cycle_lane_one,1,0.14147168486856007,-7.395902669920864e-05,0.0,0.0,13.397501978907819,13.560435489768043,0.002,0.0
461,cycle_lane_one,2,0.18624934695823991,-7.395902669920864e-05,0.0,0.0,23.79799273332528,24.086918014515426,0.002,0.0
462,cycle_lane_one,3,0.2103794185893384,-7.395902669920864e-05,0.0,0.0,32.21022282345905,32.600631198802176,0.002,0.0
463,cycle_lane_one,4,0.21226722872957576,-7.395902669920864e-05,0.0,0.0,36.95080330207139,37.39795379206641,0.002,0.0
464,cycle_lane_one,5,0.21684807327881706,-7.395902669920864e-05,0.0,0.0,41.83901786429132,42.344501866944384,0.002,0.0
465,cycle_lane_one,6,0.23002696422592556,-7.395902669920864e-05,0.0,0.0,48.34215600584943,48.925258379829394,0.002,0.0
466,cycle_lane_one,7,0.2459778208456144,-7.395902669920864e-05,0.0,0.0,55.81875893019398,56.49088394726177,0.002,0.0
467,cycle_lane_one,8,0.23867258806848318,-7.395902669920864e-05,0.0,0.0,57.86134776012111,58.55687446345565,0.002,0.0
468,cycle_lane_one,9,0.23349967545556033,-7.395902669920864e-05,0.0,0.0,60.027155992642285,60.74747207420414,0.002,0.0
469,cycle_lane_one,10,0.2255308283471927,-7.395902669920864e-05,0.0,0.0,61.092252525109565,61.82408780911239,0.002,0.0
470,cycle_lane_right,1,0.2840839314827754,-7.395902669920864e-05,0.0,0.0,26.89595946336617,26.92330796414643,0.002,0.0
471,cycle_lane_right,2,0.24855491329479776,-7.395902669920864e-05,0.0,0.0,31.755920524940215,31.78757047782365,0.002,0.0
472,cycle_lane_right,3,0.22485655000105867,-7.395902669920864e-05,0.0,0.0,34.42597071925558,34.45961056233277,0.002,0.0
473,cycle_lane_right,4,0.22180625251434508,-7.395902669920864e-05,0.0,0.0,38.61074782479565,38.64775098561005,0.002,0.0
474,cycle_lane_right,5,0.24136018124457442,-7.395902669920864e-05,0.0,0.0,46.56681112793889,46.61055558898692,0.002,0.0
475,cycle_lane_right,6,0.22458482429580706,-7.395902669920864e-05,0.0,0.0,47.19881084326348,47.242251225178826,0.002,0.0
476,cycle_lane_right,7,0.20237717141102782,-7.395902669920864e-05,0.0,0.0,45.92761267938429,45.96896047396422,0.002,0.0
477,cycle_lane_right,8,0.19021350759067526,-7.395902669920864e-05,0.0,0.0,46.117061856190155,46.15766076866102,0.002,0.0
478,cycle_lane_right,9,0.16884811827008356,-7.395902669920864e-05,0.0,0.0,43.41205678873532,43.44940425241981,0.002,0.0
479,cycle_lane_right,10,0.16961294967075322,-7.395902669920864e-05,0.0,0.0,45.95006868878901,45.98868218199269,0.002,0.0
480,cycle_way_both,1,0.211790293040293,-7.395902669920864e-05,0.0,0.0,20.053260970911587,20.21540033770118,0.002,0.0
481,cycle_way_both,2,0.23415786687271062,-7.395902669920864e-05,0.0,0.0,29.917069478781386,30.15834786935874,0.002,0.0
482,cycle_way_both,3,0.24247486454517708,-7.395902669920864e-05,0.0,0.0,37.12248166941577,37.42113296249852,0.002,0.0
483,cycle_way_both,4,0.243230955242674,-7.395902669920864e-05,0.0,0.0,42.3389928472757,42.67879915492848,0.002,0.0
484,cycle_way_both,5,0.2429876373626374,-7.395902669920864e-05,0.0,0.0,46.88070808378654,47.25605754677883,0.002,0.0
485,cycle_way_both,6,0.2356950883318071,-7.395902669920864e-05,0.0,0.0,49.53297843243401,49.92860120917583,0.002,0.0
486,cycle_way_both,7,0.2302929585295657,-7.395902669920864e-05,0.0,0.0,52.26052598862719,52.676861115004705,0.002,0.0
487,cycle_way_both,8,0.22683659927312275,-7.395902669920864e-05,0.0,0.0,54.992840248260784,55.42982205900092,0.002,0.0
488,cycle_way_both,9,0.21391178266178265,-7.395902669920864e-05,0.0,0.0,54.99317388714677,55.4290319536406,0.002,0.0
489,cycle_way_both,10,0.21226355025183152,-7.395902669920864e-05,0.0,0.0,57.49956323355041,57.95411312064808,0.002,0.0
490,cycle_way_one,1,0.11705040896479657,-7.395902669920864e-05,0.0,0.0,11.085992537541792,11.11314456932962,0.002,0.0
491,cycle_way_one,2,0.14735343926782687,-7.395902669920864e-05,0.0,0.0,18.83004455486519,18.875782417996106,0.002,0.0
492,cycle_way_one,3,0.15747922146554721,-7.395902669920864e-05,0.0,0.0,24.113763854428115,24.171863738560003,0.002,0.0
493,cycle_way_one,4,0.1589586035743883,-7.395902669920864e-05,0.0,0.0,27.674239752497027,27.740395884341705,0.002,0.0
494,cycle_way_one,5,0.15962328396930062,-7.395902669920864e-05,0.0,0.0,30.801738908555294,30.874784577721513,0.002,0.0
495,cycle_way_one,6,0.17805282311822143,-7.395902669920864e-05,0.0,0.0,37.42285154508385,37.510884193457855,0.002,0.0
496,cycle_way_one,7,0.20843724745329975,-7.395902669920864e-05,0.0,0.0,47.30238803714744,47.41270667052118,0.002,0.0
497,cycle_way_one,8,0.20467325604439154,-7.395902669920864e-05,0.0,0.0,49.62144985251496,49.73618333402224,0.002,0.0
498,cycle_way_one,9,0.1966952021202912,-7.395902669920864e-05,0.0,0.0,50.56860615665452,50.68451160143916,0.002,0.0
499,cycle_way_one,10,0.19641795481569563,-7.395902669920864e-05,0.0,0.0,53.208683021904854,53.329572628627226,0.002,0.0
500,cycle_way_right,1,-0.00044401687264116054,-7.395902669920864e-05,1.9441171946839664,1.9440999381721116,-0.035026515736410566,-0.035037336289193324,0.212,0.9649979115800058
501,cycle_way_right,2,-0.0005920224968548807,-7.395902669920864e-05,1.8944861793112076,1.8944557515440317,-0.06616923542115836,-0.06618834499721624,0.466,0.9300111164586902
502,cycle_way_right,3,0.0735067191812548,-7.395902669920864e-05,0.0,0.0,11.261639358924816,11.264672549671763,0.006,0.0
503,cycle_way_right,4,0.1105005879112295,-7.395902669920864e-05,0.0,0.0,19.241760759145624,19.24658226962039,0.002,0.0
504,cycle_way_right,5,0.19945237919040923,-7.395902669920864e-05,0.0,0.0,38.48380886135532,38.4927233146944,0.002,0.0
505,cycle_way_right,6,0.22172887014150985,-7.395902669920864e-05,0.0,0.0,46.59880029432269,46.6087100134711,0.002,0.0
506,cycle_way_right,7,0.2217359180283772,-7.395902669920864e-05,0.0,0.0,50.31929483338167,50.32898710872622,0.002,0.0
507,cycle_way_right,8,0.20785231505463872,-7.395902669920864e-05,0.0,0.0,50.391909744730796,50.40061352304169,0.002,0.0
508,cycle_way_right,9,0.197062179720854,-7.395902669920864e-05,0.0,0.0,50.662917407680844,50.67065476520394,0.002,0.0
509,cycle_way_right,10,0.17728935921787256,-7.395902669920864e-05,0.0,0.0,48.02878854220046,48.03516675409077,0.002,0.0
510,side_walk_both,1,0.5099718395818721,-7.395902669920864e-05,0.0,0.0,48.2765799648944,60.93025629347112,0.002,0.0
511,side_walk_both,2,0.5208831113593746,-7.395902669920864e-05,0.0,0.0,66.53881815742548,83.9767039239572,0.002,0.0
512,side_walk_both,3,0.5286758594895682,-7.395902669920864e-05,0.0,0.0,80.92599731682635,102.13131629873368,0.002,0.0
513,side_walk_both,4,0.5278942381564569,-7.395902669920864e-05,0.0,0.0,91.87501120251942,115.94599207080395,0.002,0.0
514,side_walk_both,5,0.5337193071206667,-7.395902669920864e-05,0.0,0.0,102.95582131889385,129.92608136338953,0.002,0.0
515,side_walk_both,6,0.5345463945482941,-7.395902669920864e-05,0.0,0.0,112.31897799927623,141.7377524079478,0.002,0.0
516,side_walk_both,7,0.5326697952979221,-7.395902669920864e-05,0.0,0.0,120.85706191454629,152.50721935197006,0.002,0.0
517,side_walk_both,8,0.5281005266623617,-7.395902669920864e-05,0.0,0.0,128.00556894460127,161.52259698132724,0.002,0.0
518,side_walk_both,9,0.5241409195738729,-7.395902669920864e-05,0.0,0.0,134.72037784217713,169.99011993856692,0.002,0.0
519,side_walk_both,10,0.5200772582021452,-7.395902669920864e-05,0.0,0.0,140.85343615303572,177.72311116123495,0.002,0.0
520,side_walk_left,1,0.11970250735545508,-7.395902669920864e-05,0.0,0.0,11.337017524671726,11.390063981741527,0.002,0.0
521,side_walk_left,2,0.16092074406868623,-7.395902669920864e-05,0.0,0.0,20.56291752722303,20.6587139248671,0.002,0.0
522,side_walk_left,3,0.16938332956130508,-7.395902669920864e-05,0.0,0.0,25.93570645578879,26.056022202421172,0.002,0.0
523,side_walk_left,4,0.16769685172076723,-7.395902669920864e-05,0.0,0.0,29.194836354001136,29.329716647317667,0.002,0.0
524,side_walk_left,5,0.16988091626578838,-7.395902669920864e-05,0.0,0.0,32.78018829120553,32.931004315714105,0.002,0.0
525,side_walk_left,6,0.16032303810390577,-7.395902669920864e-05,0.0,0.0,33.697981514157355,33.85237219682204,0.002,0.0
526,side_walk_left,7,0.16047240010373656,-7.395902669920864e-05,0.0,0.0,36.42118956454057,36.5873170133735,0.002,0.0
527,side_walk_left,8,0.15244526746890488,-7.395902669920864e-05,0.0,0.0,36.963751357830226,37.131608312161575,0.002,0.0
528,side_walk_left,9,0.14989398192957706,-7.395902669920864e-05,0.0,0.0,38.54094665107203,38.71518462093528,0.002,0.0
529,side_walk_left,10,0.14544106245997243,-7.395902669920864e-05,0.0,0.0,39.40448490628645,39.581831225192445,0.002,0.0
530,side_walk_no,1,0.39133645478610324,-7.395902669920864e-05,0.0,0.0,37.047567479381684,37.46401737083826,0.002,0.0
531,side_walk_no,2,0.4069403400602088,-7.395902669920864e-05,0.0,0.0,51.985570354857636,52.56886179661054,0.002,0.0
532,side_walk_no,3,0.4218361285561153,-7.395902669920864e-05,0.0,0.0,64.57400725257814,65.29724913624926,0.002,0.0
533,side_walk_no,4,0.41638999643275076,-7.395902669920864e-05,0.0,0.0,72.47146850401849,73.2817614221619,0.002,0.0
534,side_walk_no,5,0.4077287416297985,-7.395902669920864e-05,0.0,0.0,78.65528594090887,79.53318187454931,0.002,0.0
535,side_walk_no,6,0.39658956932815054,-7.395902669920864e-05,0.0,0.0,83.33547687902244,84.26397624570802,0.002,0.0
536,side_walk_no,7,0.3860794539419608,-7.395902669920864e-05,0.0,0.0,87.60190346826528,88.57612262367341,0.002,0.0
537,side_walk_no,8,0.38003347422432066,-7.395902669920864e-05,0.0,0.0,92.12082289414641,93.14340194590332,0.002,0.0
538,side_walk_no,9,0.37131685904802264,-7.395902669920864e-05,0.0,0.0,95.44542396757373,96.50293358883128,0.002,0.0
539,side_walk_no,10,0.36290450434322474,-7.395902669920864e-05,0.0,0.0,98.29211606498845,99.37914181416015,0.002,0.0
540,side_walk_right,1,0.17091285859038888,-7.395902669920864e-05,0.0,0.0,16.1841520823292,16.272524226360296,0.002,0.0
541,side_walk_right,2,0.1650149083902261,-7.395902669920864e-05,0.0,0.0,21.085841335696674,21.200548731678758,0.002,0.0
542,side_walk_right,3,0.1554815673050835,-7.395902669920864e-05,0.0,0.0,23.808019720683962,23.937065872637433,0.002,0.0
543,side_walk_right,4,0.16143056178468795,-7.395902669920864e-05,0.0,0.0,28.104400488456385,28.25619921395596,0.002,0.0
544,side_walk_right,5,0.16077349213468217,-7.395902669920864e-05,0.0,0.0,31.02358626756987,31.190555945966498,0.002,0.0
545,side_walk_right,6,0.1626378022513469,-7.395902669920864e-05,0.0,0.0,34.184292859416466,34.367614716948054,0.002,0.0
546,side_walk_right,7,0.15988373472676057,-7.395902669920864e-05,0.0,0.0,36.28764624782477,36.48150893507679,0.002,0.0
547,side_walk_right,8,0.15005240257636915,-7.395902669920864e-05,0.0,0.0,36.38382930503172,36.5774705021857,0.002,0.0
548,side_walk_right,9,0.1471184956322246,-7.395902669920864e-05,0.0,0.0,37.827661740744226,38.028218666674434,0.002,0.0
549,side_walk_right,10,0.14049257902692652,-7.395902669920864e-05,0.0,0.0,38.06446901820629,38.26551110668329,0.002,0.0
550,bikable_no,1,0.05786092296970622,-7.395902669920864e-05,8.334130185971844e-08,8.178839339123556e-08,5.483621218106798,5.486946047259078,0.008,6.661116103146014e-12
551,bikable_no,2,0.14613324041204778,-7.395902669920864e-05,0.0,0.0,18.67419564831246,18.685142061584507,0.002,0.0
552,bikable_no,3,0.11675849903086002,-7.395902669920864e-05,0.0,0.0,17.88139278007787,17.89152620715144,0.002,0.0
553,bikable_no,4,0.087235664350894,-7.395902669920864e-05,0.0,0.0,15.193287528872474,15.201612290215406,0.002,0.0
554,bikable_no,5,0.12850839558333518,-7.395902669920864e-05,0.0,0.0,24.80042886554251,24.81354763525401,0.002,0.0
555,bikable_no,6,0.126574761707719,-7.395902669920864e-05,0.0,0.0,26.6077690134373,26.621338323733035,0.002,0.0
556,bikable_no,7,0.10830224722247286,-7.395902669920864e-05,0.0,0.0,24.585984842421436,24.59802981901735,0.002,0.0
557,bikable_no,8,0.10205261667791887,-7.395902669920864e-05,0.0,0.0,24.7508556010211,24.76248851216572,0.002,0.0
558,bikable_no,9,0.09707660924421596,-7.395902669920864e-05,0.0,0.0,24.967168616006607,24.97840340736806,0.002,0.0
559,bikable_no,10,0.08726528301064967,-7.395902669920864e-05,0.0,0.0,23.65087679214232,23.661047660696386,0.002,0.0
560,bikable_yes,1,0.4965625141074891,-7.395902669920864e-05,0.0,0.0,47.007367719042435,48.882712736040396,0.002,0.0
561,bikable_yes,2,0.5081985714739825,-7.395902669920864e-05,0.0,0.0,64.91869561600527,67.50716409300388,0.002,0.0
562,bikable_yes,3,0.509642837034352,-7.395902669920864e-05,0.0,0.0,78.01296307983297,81.12184139007714,0.002,0.0
563,bikable_yes,4,0.5124449090028552,-7.395902669920864e-05,0.0,0.0,89.18657789037778,92.73886623813806,0.002,0.0
564,bikable_yes,5,0.5021576589319117,-7.395902669920864e-05,0.0,0.0,96.86834210638133,100.72453926493954,0.002,0.0
565,bikable_yes,6,0.4945343005242369,-7.395902669920864e-05,0.0,0.0,103.9127931648587,108.0472073257916,0.002,0.0
566,bikable_yes,7,0.48911403969811984,-7.395902669920864e-05,0.0,0.0,110.9761001791365,115.38903913703622,0.002,0.0
567,bikable_yes,8,0.4794563126177738,-7.395902669920864e-05,0.0,0.0,116.21641505066225,120.83512906333321,0.002,0.0
568,bikable_yes,9,0.47150128160679805,-7.395902669920864e-05,0.0,0.0,121.192276664791,126.00601169953468,0.002,0.0
569,bikable_yes,10,0.4633912271296177,-7.395902669920864e-05,0.0,0.0,125.50324183650402,130.48539217309025,0.002,0.0
570,bkdc_total,1,0.22150529391435486,-7.395902669920864e-05,0.0,0.0,20.972799996299386,22.24159173465259,0.002,0.0
571,bkdc_total,2,0.24720079173081153,-7.395902669920864e-05,0.0,0.0,31.582966449391616,33.49290259911484,0.002,0.0
572,bkdc_total,3,0.26541770083885763,-7.395902669920864e-05,0.0,0.0,40.63391910792462,43.090268843123845,0.002,0.0
573,bkdc_total,4,0.27639809607590565,-7.395902669920864e-05,0.0,0.0,48.11061214530624,51.01786844412842,0.002,0.0
574,bkdc_total,5,0.2833033271544818,-7.395902669920864e-05,0.0,0.0,54.65663037017069,57.958225321320974,0.002,0.0
575,bkdc_total,6,0.2893103773288511,-7.395902669920864e-05,0.0,0.0,60.79707345802508,64.46821632874706,0.002,0.0
576,bkdc_total,7,0.2918194997374363,-7.395902669920864e-05,0.0,0.0,66.21830013386196,70.21520841658031,0.002,0.0
577,bkdc_total,8,0.28732921235351416,-7.395902669920864e-05,0.0,0.0,69.65350933415773,73.85610729597347,0.002,0.0
578,bkdc_total,9,0.2814365376089589,-7.395902669920864e-05,0.0,0.0,72.34666931724401,76.71002923404654,0.002,0.0
579,bkdc_total,10,0.27773722077350854,-7.395902669920864e-05,0.0,0.0,75.22939095492352,79.76482121623982,0.002,0.0
580,poi_total,1,0.7285033770541748,-7.395902669920864e-05,0.0,0.0,68.96090923966484,70.8805362424089,0.002,0.0
581,poi_total,2,0.7144044397409023,-7.395902669920864e-05,0.0,0.0,91.25617244771118,93.79445126763997,0.002,0.0
582,poi_total,3,0.7151851667891926,-7.395902669920864e-05,0.0,0.0,109.47154224854191,112.5141822675404,0.002,0.0
583,poi_total,4,0.7196005112529783,-7.395902669920864e-05,0.0,0.0,125.23500538835495,128.71323638032692,0.002,0.0
584,poi_total,5,0.7183511129359672,-7.395902669920864e-05,0.0,0.0,138.56683482324357,142.4124986353201,0.002,0.0
585,poi_total,6,0.7159492771653423,-7.395902669920864e-05,0.0,0.0,150.43010909524457,154.60192119563774,0.002,0.0
586,poi_total,7,0.7094117012487419,-7.395902669920864e-05,0.0,0.0,160.95233717023208,165.41245138159326,0.002,0.0
587,poi_total,8,0.7000500346291576,-7.395902669920864e-05,0.0,0.0,169.67834033627287,174.37658954496357,0.002,0.0
588,poi_total,9,0.6908691294577951,-7.395902669920864e-05,0.0,0.0,177.56862261629502,182.48148606610437,0.002,0.0
589,poi_total,10,0.6833956411259468,-7.395902669920864e-05,0.0,0.0,185.07895107988813,190.19559933515797,0.002,0.0
590,crash_total,1,0.391303902953088,-7.395902669920864e-05,0.0,0.0,37.04448640083178,37.39862148497951,0.002,0.0
591,crash_total,2,0.3864603068249983,-7.395902669920864e-05,0.0,0.0,49.3697747648567,49.84071888480531,0.002,0.0
592,crash_total,3,0.3908996495325425,-7.395902669920864e-05,0.0,0.0,59.83913013152494,60.40874810356976,0.002,0.0
593,crash_total,4,0.3977456541076653,-7.395902669920864e-05,0.0,0.0,69.22705119040026,69.88470116520418,0.002,0.0
594,crash_total,5,0.38770941077920956,-7.395902669920864e-05,0.0,0.0,74.79404080971226,75.50312184607188,0.002,0.0
595,crash_total,6,0.37705669438215705,-7.395902669920864e-05,0.0,0.0,79.23179370150962,79.98140109073206,0.002,0.0
596,crash_total,7,0.36284920642080853,-7.395902669920864e-05,0.0,0.0,82.33194123940095,83.10918136006684,0.002,0.0
597,crash_total,8,0.34816264229469635,-7.395902669920864e-05,0.0,0.0,84.3967769880535,85.1917826440945,0.002,0.0
598,crash_total,9,0.3358213210486586,-7.395902669920864e-05,0.0,0.0,86.32326340671463,87.13464019990809,0.002,0.0
599,crash_total,10,0.32603300643379035,-7.395902669920864e-05,0.0,0.0,88.30756348752443,89.13578170451387,0.002,0.0
600,311_total,1,0.5787468707381563,-7.395902669920864e-05,0.0,0.0,54.78623713737222,55.13278422061634,0.002,0.0
601,311_total,2,0.5284127179298801,-7.395902669920864e-05,0.0,0.0,67.50053103334542,67.92612208705094,0.002,0.0
602,311_total,3,0.5263064531765155,-7.395902669920864e-05,0.0,0.0,80.56335592723565,81.06971409024406,0.002,0.0
603,311_total,4,0.5231136781452409,-7.395902669920864e-05,0.0,0.0,91.04311638967255,91.61360474437527,0.002,0.0
604,311_total,5,0.5193680587308267,-7.395902669920864e-05,0.0,0.0,100.18781231872126,100.81367207458915,0.002,0.0
605,311_total,6,0.5231256526489542,-7.395902669920864e-05,0.0,0.0,109.91958177436719,110.60411074157415,0.002,0.0
606,311_total,7,0.5114483278701234,-7.395902669920864e-05,0.0,0.0,116.04280706496961,116.76309944609731,0.002,0.0
607,311_total,8,0.4984168814680722,-7.395902669920864e-05,0.0,0.0,120.81159802325392,121.55904275785386,0.002,0.0
608,311_total,9,0.48377160486283843,-7.395902669920864e-05,0.0,0.0,124.34568312611155,125.11245952958458,0.002,0.0
609,311_total,10,0.47121808254404096,-7.395902669920864e-05,0.0,0.0,127.62270141456261,128.4070958593153,0.002,0.0
610,311_total_not_parking_meter,1,0.5606583533366328,-7.395902669920864e-05,0.0,0.0,53.07413253977862,53.32498810659326,0.002,0.0
611,311_total_not_parking_meter,2,0.5036510855426032,-7.395902669920864e-05,0.0,0.0,64.33787167356935,64.64065589008332,0.002,0.0
612,311_total_not_parking_meter,3,0.5014100435414426,-7.395902669920864e-05,0.0,0.0,76.75292099416998,77.11262042935564,0.002,0.0
613,311_total_not_parking_meter,4,0.49843169534817244,-7.395902669920864e-05,0.0,0.0,86.74805191783584,87.15294512317246,0.002,0.0
614,311_total_not_parking_meter,5,0.49458293368494777,-7.395902669920864e-05,0.0,0.0,95.40736065808628,95.85084101164828,0.002,0.0
615,311_total_not_parking_meter,6,0.5006445296234667,-7.395902669920864e-05,0.0,0.0,105.19649791567427,105.68345792228153,0.002,0.0
616,311_total_not_parking_meter,7,0.48870123420633405,-7.395902669920864e-05,0.0,0.0,110.8824520444105,111.39347975802586,0.002,0.0
617,311_total_not_parking_meter,8,0.47601195757745407,-7.395902669920864e-05,0.0,0.0,115.38165941870828,115.91109608546203,0.002,0.0
618,311_total_not_parking_meter,9,0.4611218107920811,-7.395902669920864e-05,0.0,0.0,118.52480901546855,119.0662653989155,0.002,0.0
619,311_total_not_parking_meter,10,0.44728823017589175,-7.395902669920864e-05,0.0,0.0,121.14265903256862,121.69362829214683,0.002,0.0
620,v0_total,1,0.55495945303261,-7.395902669920864e-05,0.0,0.0,52.53472330047173,53.75859049305271,0.002,0.0
621,v0_total,2,0.5193484238042415,-7.395902669920864e-05,0.0,0.0,66.34280143749923,67.88693105298651,0.002,0.0
622,v0_total,3,0.516178119597231,-7.395902669920864e-05,0.0,0.0,79.01319842862674,80.85059408051454,0.002,0.0
623,v0_total,4,0.5135300258911131,-7.395902669920864e-05,0.0,0.0,89.37540579099118,91.45197916305551,0.002,0.0
624,v0_total,5,0.5033228858309872,-7.395902669920864e-05,0.0,0.0,97.0930862161807,99.34700965291924,0.002,0.0
625,v0_total,6,0.4933470904195847,-7.395902669920864e-05,0.0,0.0,103.66337088840912,106.06771241542974,0.002,0.0
626,v0_total,7,0.4814508907473049,-7.395902669920864e-05,0.0,0.0,109.23765527069615,111.76893771614314,0.002,0.0
627,v0_total,8,0.4664854367298936,-7.395902669920864e-05,0.0,0.0,113.0728623181371,115.69060295804842,0.002,0.0
628,v0_total,9,0.4539411170486804,-7.395902669920864e-05,0.0,0.0,116.67940970734055,119.37814254128216,0.002,0.0
629,v0_total,10,0.4413393663329847,-7.395902669920864e-05,0.0,0.0,119.53174688678128,122.2938999804233,0.002,0.0
630,crime_total,1,0.860079349830907,-7.395902669920864e-05,0.0,0.0,81.41476728249812,83.44398755162753,0.002,0.0
631,crime_total,2,0.8586537421974663,-7.395902669920864e-05,0.0,0.0,109.68029729619381,112.4116715053223,0.002,0.0
632,crime_total,3,0.851098487309496,-7.395902669920864e-05,0.0,0.0,130.2732912545487,133.51478187718226,0.002,0.0
633,crime_total,4,0.841293353133918,-7.395902669920864e-05,0.0,0.0,146.4115294114471,150.0516331838212,0.002,0.0
634,crime_total,5,0.8358914921338887,-7.395902669920864e-05,0.0,0.0,161.23753347367455,165.24296552216845,0.002,0.0
635,crime_total,6,0.8332072098217492,-7.395902669920864e-05,0.0,0.0,175.06495711441588,179.41031602205393,0.002,0.0
636,crime_total,7,0.8304838855592721,-7.395902669920864e-05,0.0,0.0,188.4185033271628,193.09124704349537,0.002,0.0
637,crime_total,8,0.8227567984088375,-7.395902669920864e-05,0.0,0.0,199.41690124096527,204.3581281715369,0.002,0.0
638,crime_total,9,0.8140245422859334,-7.395902669920864e-05,0.0,0.0,209.21889510342544,214.3984899079159,0.002,0.0
639,crime_total,10,0.8060705276260778,-7.395902669920864e-05,0.0,0.0,218.29848171039131,223.69817339736358,0.002,0.0
640,moving_total,1,0.0455086641291157,-7.395902669920864e-05,3.199842830170496e-05,3.192092687998027e-05,4.314461873413353,4.314997603958864,0.006,4.723998969780041e-12
641,moving_total,2,0.04976572336096074,-7.395902669920864e-05,3.8871883489832726e-10,3.870446185771925e-10,6.365732901865991,6.366395283624782,0.004,2.220446049250313e-16
642,moving_total,3,0.04807291919693859,-7.395902669920864e-05,3.4372504842394846e-13,3.423927807943983e-13,7.3689559816270735,7.369579424963441,0.002,0.0
643,moving_total,4,0.04497315024690431,-7.395902669920864e-05,8.881784197001252e-15,8.881784197001252e-15,7.838926077810125,7.8394422775541965,0.002,0.0
644,moving_total,5,0.04143462126528824,-7.395902669920864e-05,2.220446049250313e-15,2.220446049250313e-15,8.00600203630708,8.006377737028163,0.01,5.209166431541234e-13
645,moving_total,6,0.040006272831461166,-7.395902669920864e-05,0.0,0.0,8.420499986914779,8.420735394685192,0.008,4.440892098500626e-16
646,moving_total,7,0.03783812907667371,-7.395902669920864e-05,0.0,0.0,8.600651893193515,8.60072003574621,0.006,0.0
647,moving_total,8,0.033825153887681744,-7.395902669920864e-05,4.440892098500626e-16,4.440892098500626e-16,8.215609335353562,8.215511080841576,0.002,0.0
648,moving_total,9,0.032025154583107424,-7.395902669920864e-05,4.440892098500626e-16,4.440892098500626e-16,8.24929793190231,8.249034387104397,0.002,0.0
649,moving_total,10,0.03001662017242586,-7.395902669920864e-05,8.881784197001252e-16,8.881784197001252e-16,8.148325593876537,8.147903031315154,0.006,0.0
650,parking_total,1,0.36265893933535354,-7.395902669920864e-05,0.0,0.0,34.33319874694734,34.569152591636964,0.002,0.0
651,parking_total,2,0.35316463147954347,-7.395902669920864e-05,0.0,0.0,45.11711170838248,45.426254297031974,0.002,0.0
652,parking_total,3,0.36044636619938636,-7.395902669920864e-05,0.0,0.0,55.17820687632059,55.55519470826858,0.002,0.0
653,parking_total,4,0.3716048595049331,-7.395902669920864e-05,0.0,0.0,64.67812985426225,65.11878679081042,0.002,0.0
654,parking_total,5,0.37480810759923294,-7.395902669920864e-05,0.0,0.0,72.30569120094846,72.79691983099384,0.002,0.0
655,parking_total,6,0.3773913035155004,-7.395902669920864e-05,0.0,0.0,79.30209210230007,79.83931798157602,0.002,0.0
656,parking_total,7,0.3776929728515601,-7.395902669920864e-05,0.0,0.0,85.69936504118853,86.27817611489202,0.002,0.0
657,parking_total,8,0.37792159104128037,-7.395902669920864e-05,0.0,0.0,91.60899807921442,92.22586316983067,0.002,0.0
658,parking_total,9,0.37283273294923475,-7.395902669920864e-05,0.0,0.0,95.83499533051858,96.47836123906221,0.002,0.0
659,parking_total,10,0.3706697687867171,-7.395902669920864e-05,0.0,0.0,100.39489722414832,101.06683441570087,0.002,0.0
