,column,db_nb,I,EI,p_norm,p_rand,z_norm,z_rand,p_sim,p_z_sim
0,SHAPE_Length,10,0.6627859117156947,-7.395902669920864e-05,0.0009824211411042505,0.0009569299993361646,3.485504168077908,3.492531589139401,0.02,0.00010738851428770957
1,SHAPE_Length,50,0.43494932349118515,-7.395902669920864e-05,0.0,0.0,21.266371692715776,21.309109775166736,0.002,0.0
2,SHAPE_Length,100,0.18902293344512253,-7.395902669920864e-05,0.0,0.0,24.896633520126436,24.94564908922205,0.002,0.0
3,SHAPE_Length,150,0.14821283859954534,-7.395902669920864e-05,0.0,0.0,29.34333058063786,29.399341420067046,0.002,0.0
4,SHAPE_Length,200,0.13204478844468057,-7.395902669920864e-05,0.0,0.0,33.70884064116754,33.77078033404158,0.002,0.0
5,SHAPE_Length,300,0.1168616435023568,-7.395902669920864e-05,0.0,0.0,42.021767412068584,42.09158480170402,0.002,0.0
6,SHAPE_Length,400,0.10278250824976246,-7.395902669920864e-05,0.0,0.0,46.66637116653569,46.73407097776036,0.002,0.0
7,DIRECTIONALITY_Bi-direction,10,0.6526573068867658,-7.395902669920864e-05,0.0011972125680137502,0.00016234822602845256,3.432245106990824,3.9409069476937875,0.006,0.0007535131961950992
8,DIRECTIONALITY_Bi-direction,50,0.3592287861014406,-7.395902669920864e-05,0.0,0.0,17.564728223009556,20.167612589624085,0.002,0.0
9,DIRECTIONALITY_Bi-direction,100,0.3000524020249638,-7.395902669920864e-05,0.0,0.0,39.514853592561614,45.3688578935843,0.002,0.0
10,DIRECTIONALITY_Bi-direction,150,0.2828110250677825,-7.395902669920864e-05,0.0,0.0,55.97792748552649,64.26618515113013,0.002,0.0
11,DIRECTIONALITY_Bi-direction,200,0.26820016314563233,-7.395902669920864e-05,0.0,0.0,68.44758829109564,78.57484674745159,0.002,0.0
12,DIRECTIONALITY_Bi-direction,300,0.2443173218682026,-7.395902669920864e-05,0.0,0.0,87.82401032013556,100.79488045335358,0.002,0.0
13,DIRECTIONALITY_Bi-direction,400,0.22386192250479736,-7.395902669920864e-05,0.0,0.0,101.600562820863,116.57383505697533,0.002,0.0
14,DIRECTIONALITY_one-way,10,0.5331122730722313,-7.395902669920864e-05,0.010105745090580154,0.0032357392080748504,2.8036436000585905,3.1526657182538638,0.018,0.003667521225146464
15,DIRECTIONALITY_one-way,50,0.33164038054538303,-7.395902669920864e-05,0.0,0.0,16.21605262208839,18.234580517630437,0.002,0.0
16,DIRECTIONALITY_one-way,100,0.28392461895072046,-7.395902669920864e-05,0.0,0.0,37.391458017717,42.044295435299055,0.002,0.0
17,DIRECTIONALITY_one-way,150,0.2717605720578089,-7.395902669920864e-05,0.0,0.0,53.79123857641169,60.480510744020705,0.002,0.0
18,DIRECTIONALITY_one-way,200,0.2567588298909068,-7.395902669920864e-05,0.0,0.0,65.52844103313682,73.67074117746951,0.002,0.0
19,DIRECTIONALITY_one-way,300,0.23183016052909172,-7.395902669920864e-05,0.0,0.0,83.33664652262395,93.67099479955584,0.002,0.0
20,DIRECTIONALITY_one-way,400,0.2128289525851396,-7.395902669920864e-05,0.0,0.0,96.5948623241107,108.54450625395071,0.002,0.0
21,STREETTYPE_AVE,10,-0.4798761092138755,-7.395902669920864e-05,0.02327597948989042,0.007787601624278581,-2.52293503973492,-2.886639508107049,0.006,0.01533493241550514
22,STREETTYPE_AVE,50,0.0815019514694176,-7.395902669920864e-05,0.00013332887934547344,1.0098662306390338e-05,3.9878868637584093,4.562727587965038,0.002,4.972174710804467e-05
23,STREETTYPE_AVE,100,0.14859740882399947,-7.395902669920864e-05,0.0,0.0,19.574179733632157,22.39492611843606,0.002,0.0
24,STREETTYPE_AVE,150,0.16833103617799744,-7.395902669920864e-05,0.0,0.0,33.32436551888666,38.123815421372996,0.002,0.0
25,STREETTYPE_AVE,200,0.15503232886916096,-7.395902669920864e-05,0.0,0.0,39.57389273810076,45.26924010664428,0.002,0.0
26,STREETTYPE_AVE,300,0.1275247722870013,-7.395902669920864e-05,0.0,0.0,45.85365015763297,52.44074662200044,0.002,0.0
27,STREETTYPE_AVE,400,0.10663186522365806,-7.395902669920864e-05,0.0,0.0,48.41283909463858,55.352356694707375,0.002,0.0
28,STREETTYPE_BLVD,10,0.005128967516539064,-7.395902669920864e-05,1.956347667384109,1.9562347423754374,0.02735845531326166,0.027429247125111134,0.512,0.9901967100360097
29,STREETTYPE_BLVD,50,-0.001444135203588315,-7.395902669920864e-05,1.8931922622172412,1.8929170033407123,-0.06698187667927887,-0.06715475798708188,0.264,0.9077393911006468
30,STREETTYPE_BLVD,100,0.10776559628767324,-7.395902669920864e-05,0.0,0.0,14.198233786604481,14.23429897868218,0.002,0.0
31,STREETTYPE_BLVD,150,0.17330227892822317,-7.395902669920864e-05,0.0,0.0,34.30808640133598,34.39317328190804,0.002,0.0
32,STREETTYPE_BLVD,200,0.18754027188081612,-7.395902669920864e-05,0.0,0.0,47.86798492050976,47.98328184699832,0.002,0.0
33,STREETTYPE_BLVD,300,0.19865807828112225,-7.395902669920864e-05,0.0,0.0,71.41598682061561,71.57540940101951,0.002,0.0
34,STREETTYPE_BLVD,400,0.16675943960077888,-7.395902669920864e-05,0.0,0.0,75.6929487224007,75.84593994217121,0.002,0.0
35,STREETTYPE_CIR,10,0.010839500635419004,-7.395902669920864e-05,1.908475351663518,1.9079703454032817,0.05738604917787541,0.0577030393242018,0.876,0.9708111180685337
36,STREETTYPE_CIR,50,2.101025889319223,-7.395902669920864e-05,0.0,0.0,102.71351473376869,103.2802019345303,0.002,0.0
37,STREETTYPE_CIR,100,0.5722802521931235,-7.395902669920864e-05,0.0,0.0,75.35656908039554,75.76923959254201,0.002,0.0
38,STREETTYPE_CIR,150,0.424721245648343,-7.395902669920864e-05,0.0,0.0,84.05944641995143,84.51469351433933,0.002,0.0
39,STREETTYPE_CIR,200,0.36836508924702827,-7.395902669920864e-05,0.0,0.0,94.00371561146477,94.50604511543563,0.002,0.0
40,STREETTYPE_CIR,300,0.2757927914780317,-7.395902669920864e-05,0.0,0.0,99.13497836172256,99.64709307230797,0.002,0.0
41,STREETTYPE_CIR,400,0.22199733261370977,-7.395902669920864e-05,0.0,0.0,100.75459128173766,101.25361474054876,0.002,0.0
42,STREETTYPE_CRES,10,0.0025207591933570582,-7.395902669920864e-05,1.9782283841282133,1.978200825386358,0.013643760272989169,0.013661031762899853,0.288,0.6935157204348661
43,STREETTYPE_CRES,50,3.017935608353687,-7.395902669920864e-05,0.0,0.0,147.53719125239007,147.72299765012173,0.002,0.0
44,STREETTYPE_CRES,100,1.02016004007966,-7.395902669920864e-05,0.0,0.0,134.32474562906455,134.48842049922143,0.002,0.0
45,STREETTYPE_CRES,150,0.882634704535554,-7.395902669920864e-05,0.0,0.0,174.6724087102144,174.87479408010987,0.002,0.0
46,STREETTYPE_CRES,200,0.8476424740397055,-7.395902669920864e-05,0.0,0.0,216.28677760001153,216.52198837482527,0.002,0.0
47,STREETTYPE_CRES,300,0.7815254054745657,-7.395902669920864e-05,0.0,0.0,280.87413921976145,281.13025610876326,0.002,0.0
48,STREETTYPE_CRES,400,0.7149203929175489,-7.395902669920864e-05,0.0,0.0,324.39566216214644,324.62325617951245,0.002,0.0
49,STREETTYPE_CT,10,0.005577452219825981,-7.395902669920864e-05,1.9525859633160816,1.9524524825275495,0.029716714383727003,0.029800398109181104,0.528,0.5847927612172137
50,STREETTYPE_CT,50,1.316089321946766,-7.395902669920864e-05,0.0,0.0,64.34142416351087,64.52219080934998,0.002,0.0
51,STREETTYPE_CT,100,0.45462926436171347,-7.395902669920864e-05,0.0,0.0,59.866554998033244,60.03230099113043,0.002,0.0
52,STREETTYPE_CT,150,0.374236997285963,-7.395902669920864e-05,0.0,0.0,74.06950791884402,74.27012679934903,0.002,0.0
53,STREETTYPE_CT,200,0.34316233697521287,-7.395902669920864e-05,0.0,0.0,87.57347330059604,87.80440764880949,0.002,0.0
54,STREETTYPE_CT,300,0.3040841806567094,-7.395902669920864e-05,0.0,0.0,109.3017209971428,109.57066667993452,0.002,0.0
55,STREETTYPE_CT,400,0.2726984797497674,-7.395902669920864e-05,0.0,0.0,123.75789494820398,124.03626781764844,0.002,0.0
56,STREETTYPE_DR,10,-0.017092019258452648,-7.395902669920864e-05,1.857391738755594,1.8558073928745271,-0.08948576085009315,-0.09048263018058271,0.796,0.9993852152942606
57,STREETTYPE_DR,50,0.22780381135251637,-7.395902669920864e-05,0.0,0.0,11.139940228814085,11.263962477754053,0.002,0.0
58,STREETTYPE_DR,100,0.21356077264524215,-7.395902669920864e-05,0.0,0.0,28.12730316231638,28.439295204384475,0.002,0.0
59,STREETTYPE_DR,150,0.22789729929342864,-7.395902669920864e-05,0.0,0.0,45.111473865880896,45.609092094374034,0.002,0.0
60,STREETTYPE_DR,200,0.22569508002672012,-7.395902669920864e-05,0.0,0.0,57.60282098352354,58.234010267070865,0.002,0.0
61,STREETTYPE_DR,300,0.20906667231856493,-7.395902669920864e-05,0.0,0.0,75.1564004180859,75.96634055464996,0.002,0.0
62,STREETTYPE_DR,400,0.18666220981716514,-7.395902669920864e-05,0.0,0.0,84.72291141462222,85.6175978775938,0.002,0.0
63,STREETTYPE_LN,10,0.006925310894333161,-7.395902669920864e-05,1.941282353305056,1.9410766479613253,0.03680413547427074,0.036933129823039396,0.622,0.973170861192636
64,STREETTYPE_LN,50,0.10992166502572655,-7.395902669920864e-05,1.513050249535297e-07,1.362763746293183e-07,5.377201450303859,5.396012537636265,0.004,2.3015125849568108e-07
65,STREETTYPE_LN,100,0.12685914795683156,-7.395902669920864e-05,0.0,0.0,16.712104597968924,16.769884993096355,0.002,0.0
66,STREETTYPE_LN,150,0.13080275021472593,-7.395902669920864e-05,0.0,0.0,25.898182481873718,25.986164538332897,0.002,0.0
67,STREETTYPE_LN,200,0.11375518498250572,-7.395902669920864e-05,0.0,0.0,29.042422435604763,29.139005856634636,0.002,0.0
68,STREETTYPE_LN,300,0.10510398395087316,-7.395902669920864e-05,0.0,0.0,37.79655606242882,37.915569082937694,0.002,0.0
69,STREETTYPE_LN,400,0.09268357966315802,-7.395902669920864e-05,0.0,0.0,42.08444878201421,42.20805481064179,0.002,0.0
70,STREETTYPE_OTHER,10,0.0013329383886255927,-7.395902669920864e-05,1.9881948256326094,1.988186940337545,0.00739786344236,0.007402804953559507,0.118,0.8065643944818415
71,STREETTYPE_OTHER,50,0.23918113766656976,-7.395902669920864e-05,0.0,0.0,11.69612758702526,11.703864384025966,0.006,0.0
72,STREETTYPE_OTHER,100,0.059445821597293086,-7.395902669920864e-05,9.325873406851315e-15,8.881784197001252e-15,7.836417330944109,7.841280640507752,0.008,2.220446049250313e-16
73,STREETTYPE_OTHER,150,0.08186194461487382,-7.395902669920864e-05,0.0,0.0,16.213663963786665,16.222757326613543,0.002,0.0
74,STREETTYPE_OTHER,200,0.06106979586052232,-7.395902669920864e-05,0.0,0.0,15.600246968299803,15.607888105737185,0.004,0.0
75,STREETTYPE_OTHER,300,0.04031522220575923,-7.395902669920864e-05,0.0,0.0,14.514183388181797,14.518747873347637,0.002,0.0
76,STREETTYPE_OTHER,400,0.032414706336239406,-7.395902669920864e-05,0.0,0.0,14.74023128226985,14.741773118797164,0.002,0.0
77,STREETTYPE_PKWY,10,0.003711401425178145,-7.395902669920864e-05,1.9682391219797264,1.968179808933888,0.019904492963073502,0.01994166927996393,0.338,0.9920452408664164
78,STREETTYPE_PKWY,50,-0.0011768674093095327,-7.395902669920864e-05,1.9140036495164463,1.9138437476390209,-0.05391633172332306,-0.05401668138717062,0.284,0.9277115494037858
79,STREETTYPE_PKWY,100,0.07165884552588193,-7.395902669920864e-05,0.0,0.0,9.44439288753831,9.46158470134699,0.002,0.0
80,STREETTYPE_PKWY,150,0.1117946880513033,-7.395902669920864e-05,0.0,0.0,22.13682367793992,22.17579307854623,0.002,0.0
81,STREETTYPE_PKWY,200,0.1036214894422584,-7.395902669920864e-05,0.0,0.0,26.456906491727793,26.501594861140106,0.002,0.0
82,STREETTYPE_PKWY,300,0.08991987660861732,-7.395902669920864e-05,0.0,0.0,32.34002260900421,32.388957757692104,0.002,0.0
83,STREETTYPE_PKWY,400,0.07566276370475974,-7.395902669920864e-05,0.0,0.0,34.362039719130905,34.406796312312125,0.002,0.0
84,STREETTYPE_PL,10,0.08592997108898166,-7.395902669920864e-05,1.3022023852994944,1.2696897948246706,0.45223292300611273,0.47491873474147467,0.336,0.686488116145735
85,STREETTYPE_PL,50,0.1171375605154988,-7.395902669920864e-05,2.0091480923412064e-08,3.546034132995146e-09,5.729954789603531,6.0173443115592615,0.002,5.575378159150546e-09
86,STREETTYPE_PL,100,0.1356701107352146,-7.395902669920864e-05,0.0,0.0,17.872162324912086,18.767815062642825,0.002,0.0
87,STREETTYPE_PL,150,0.13041214840884174,-7.395902669920864e-05,0.0,0.0,25.820889303391688,27.113151949531986,0.002,0.0
88,STREETTYPE_PL,200,0.13149789128306533,-7.395902669920864e-05,0.0,0.0,33.5693050368659,35.24660509783129,0.002,0.0
89,STREETTYPE_PL,300,0.11221997362612843,-7.395902669920864e-05,0.0,0.0,40.35374528943055,42.36185518533564,0.002,0.0
90,STREETTYPE_PL,400,0.09823673938828616,-7.395902669920864e-05,0.0,0.0,44.60393851116605,46.81272018551818,0.002,0.0
91,STREETTYPE_RD,10,0.19984462331848088,-7.395902669920864e-05,0.5863075010612242,0.542568905827614,1.051228295446406,1.1001094132919658,0.262,0.2934042479421928
92,STREETTYPE_RD,50,0.21909125431308274,-7.395902669920864e-05,0.0,0.0,10.714021700219089,11.212125507482646,0.002,0.0
93,STREETTYPE_RD,100,0.23806441071681625,-7.395902669920864e-05,0.0,0.0,31.353469859205415,32.80982660888464,0.002,0.0
94,STREETTYPE_RD,150,0.2538927785059284,-7.395902669920864e-05,0.0,0.0,50.25551873262011,52.58651895297423,0.002,0.0
95,STREETTYPE_RD,200,0.24884892948436488,-7.395902669920864e-05,0.0,0.0,63.51030524699951,66.45095439633332,0.002,0.0
96,STREETTYPE_RD,300,0.22241797670628016,-7.395902669920864e-05,0.0,0.0,79.95430110439648,83.6403069815671,0.002,0.0
97,STREETTYPE_RD,400,0.19533557232310106,-7.395902669920864e-05,0.0,0.0,88.65804903582794,92.72401082901442,0.002,0.0
98,STREETTYPE_ST,10,-0.49996374227961704,-7.395902669920864e-05,0.017149370832461614,9.363987188217991e-13,-2.628561480356594,-7.234223738110621,0.002,0.010056837220249032
99,STREETTYPE_ST,50,0.1142857374872223,-7.395902669920864e-05,4.527245600627339e-08,0.0,5.590541726077027,15.38448827474405,0.002,3.618419119888472e-08
100,STREETTYPE_ST,100,0.21404572519430337,-7.395902669920864e-05,0.0,0.0,28.191152365393197,77.58342522584596,0.002,0.0
101,STREETTYPE_ST,150,0.25092351492478215,-7.395902669920864e-05,0.0,0.0,49.66795406578964,136.64246354355407,0.002,0.0
102,STREETTYPE_ST,200,0.23882940371652678,-7.395902669920864e-05,0.0,0.0,60.95391863365161,167.60380150115913,0.002,0.0
103,STREETTYPE_ST,300,0.21294204472284475,-7.395902669920864e-05,0.0,0.0,76.54904726203857,210.20743812143067,0.002,0.0
104,STREETTYPE_ST,400,0.1905828699375646,-7.395902669920864e-05,0.0,0.0,86.5017298520144,237.1599789578917,0.002,0.0
105,STREETTYPE_TER,10,0.00963189725976256,-7.395902669920864e-05,1.9185934609309565,1.9181950817315339,0.0510361300094072,0.05128610408595916,0.774,0.9350425000148375
106,STREETTYPE_TER,50,0.0660371296044016,-7.395902669920864e-05,0.0024595750090816715,0.002326934568325889,3.2318798564103655,3.2476881096324264,0.026,0.0012038849083251257
107,STREETTYPE_TER,100,0.1790583693538962,-7.395902669920864e-05,0.0,0.0,23.58469181064519,23.699087708391396,0.002,0.0
108,STREETTYPE_TER,150,0.16301616059001647,-7.395902669920864e-05,0.0,0.0,32.27264578476593,32.427233651055374,0.002,0.0
109,STREETTYPE_TER,200,0.14122417508186325,-7.395902669920864e-05,0.0,0.0,36.05087375348934,36.22096663028566,0.002,0.0
110,STREETTYPE_TER,300,0.1265535808302084,-7.395902669920864e-05,0.0,0.0,45.50464454576384,45.71126199485278,0.002,0.0
111,STREETTYPE_TER,400,0.10581629421484666,-7.395902669920864e-05,0.0,0.0,48.04281141998045,48.250741047871195,0.002,0.0
112,STREETTYPE_WAY,10,0.001778041191287598,-7.395902669920864e-05,1.9844601041116587,1.9844462471741249,0.009738339525433218,0.009747023485418862,0.172,0.763122658208341
113,STREETTYPE_WAY,50,0.7453427425085192,-7.395902669920864e-05,0.0,0.0,36.440138442830175,36.47239671097499,0.002,0.0
114,STREETTYPE_WAY,100,0.28936797801324693,-7.395902669920864e-05,0.0,0.0,38.10813460571738,38.140311511726225,0.002,0.0
115,STREETTYPE_WAY,150,0.23965535688486755,-7.395902669920864e-05,0.0,0.0,47.43818518755494,47.4754036486157,0.002,0.0
116,STREETTYPE_WAY,200,0.2238207540659425,-7.395902669920864e-05,0.0,0.0,57.124604558294855,57.16536204498599,0.002,0.0
117,STREETTYPE_WAY,300,0.18208765532158594,-7.395902669920864e-05,0.0,0.0,65.4612694850444,65.49649040291843,0.002,0.0
118,STREETTYPE_WAY,400,0.17015012163982948,-7.395902669920864e-05,0.0,0.0,77.23131408465588,77.25664723331818,0.002,0.0
119,SEGMENTTYPE_1,10,7.395902669920864e-05,-7.395902669920864e-05,1.9987588191255807,1.998758773290629,0.0007777948468606553,0.0007778235696660576,0.012,0.9434584256476342
120,SEGMENTTYPE_1,50,-0.0005343584666260342,-7.395902669920864e-05,1.964087215618285,1.9640861215372256,-0.02250690022826426,-0.022507586015573525,0.25,0.07090350130790951
121,SEGMENTTYPE_1,100,-0.00012900111508273626,-7.395902669920864e-05,1.9884357520780198,1.9884358723885038,-0.007246881134608281,-0.007246805739213393,0.188,0.35008186335368785
122,SEGMENTTYPE_1,150,-8.728324109397296e-05,-7.395902669920864e-05,1.995792558501265,1.9957928533193063,-0.0026366260110243693,-0.0026364412605727407,0.494,0.6163810702607643
123,SEGMENTTYPE_1,200,-8.512706609348343e-05,-7.395902669920864e-05,1.9954529914080217,1.9954536324252656,-0.002849418931234124,-0.0028490172316165867,0.384,0.5707960513470799
124,SEGMENTTYPE_1,300,-7.552419232707148e-05,-7.395902669920864e-05,1.9991024515669815,1.9991027351644743,-0.0005624550996696998,-0.0005622773812680064,0.954,0.9209391127743773
125,SEGMENTTYPE_1,400,-7.753257020920269e-05,-7.395902669920864e-05,1.9974127322913555,1.9974140917799097,-0.0016213303084667635,-0.0016204783742354125,0.79,0.7961265005704949
126,SEGMENTTYPE_2,10,2.187924195463699,-7.395902669920864e-05,0.0,0.0,11.505111447886762,11.608196571542406,0.004,0.0
127,SEGMENTTYPE_2,50,0.6862283587531517,-7.395902669920864e-05,0.0,0.0,33.55029666229099,33.85067784584464,0.002,0.0
128,SEGMENTTYPE_2,100,0.4586143506764199,-7.395902669920864e-05,0.0,0.0,60.391234342185356,60.92945339644215,0.002,0.0
129,SEGMENTTYPE_2,150,0.4025362549272752,-7.395902669920864e-05,0.0,0.0,79.66942972879954,80.37460299114232,0.002,0.0
130,SEGMENTTYPE_2,200,0.3797947670709235,-7.395902669920864e-05,0.0,0.0,96.91988909720746,97.7706962142285,0.002,0.0
131,SEGMENTTYPE_2,300,0.33795321313943427,-7.395902669920864e-05,0.0,0.0,121.4728354796394,122.51734904779107,0.002,0.0
132,SEGMENTTYPE_2,400,0.3022979358662674,-7.395902669920864e-05,0.0,0.0,137.1872809852284,138.33739970894854,0.002,0.0
133,SEGMENTTYPE_3,10,7.395902669920864e-05,-7.395902669920864e-05,1.9987588191255807,1.998758773290629,0.0007777948468606553,0.0007778235696660576,0.01,0.950061984700602
134,SEGMENTTYPE_3,50,-0.0005343584666260342,-7.395902669920864e-05,1.964087215618285,1.9640861215372256,-0.02250690022826426,-0.022507586015573525,0.292,0.09025308740794558
135,SEGMENTTYPE_3,100,-7.301095057444161e-05,-7.395902669920864e-05,1.9998008090969286,1.9998008111692789,0.00012482438774621203,0.00012482308909320103,0.676,0.9954528518001609
136,SEGMENTTYPE_3,150,-6.637733722939445e-05,-7.395902669920864e-05,1.9976058971318147,1.997606064888354,0.0015002820482591939,0.001500176922319896,0.458,0.7350937677770708
137,SEGMENTTYPE_3,200,-7.672920655564969e-05,-7.395902669920864e-05,1.9988721343863425,1.9988722933882728,-0.0007067850181396251,-0.0007066853784312075,0.878,0.8892058286137448
138,SEGMENTTYPE_3,300,-6.844335275927067e-05,-7.395902669920864e-05,1.9968370238694595,1.9968380232707044,0.0019821026480561334,0.0019814763649718277,0.51,0.6860228425630988
139,SEGMENTTYPE_3,400,-7.250462948490716e-05,-7.395902669920864e-05,1.998947006993728,1.9989475602928635,0.000659865558514088,0.0006595188296245755,0.792,0.8856129279822034
140,elevation_diff,10,0.40738118723899197,-7.395902669920864e-05,0.06430427268940164,0.0573905693709329,2.1425140867605563,2.187647559280513,0.052,0.02245085540958569
141,elevation_diff,50,0.28103451601217644,-7.395902669920864e-05,0.0,0.0,13.742154860190672,14.031543060403095,0.002,0.0
142,elevation_diff,100,0.3014312914002115,-7.395902669920864e-05,0.0,0.0,39.69639916420793,40.530713301182374,0.002,0.0
143,elevation_diff,150,0.29230465690049134,-7.395902669920864e-05,0.0,0.0,57.8565490603223,59.068910937269465,0.002,0.0
144,elevation_diff,200,0.27105985136519245,-7.395902669920864e-05,0.0,0.0,69.17721051596163,70.62157772062558,0.002,0.0
145,elevation_diff,300,0.23949558406854923,-7.395902669920864e-05,0.0,0.0,86.09127931300993,87.87276423481514,0.002,0.0
146,elevation_diff,400,0.2204600293482254,-7.395902669920864e-05,0.0,0.0,100.05711093186531,102.10527194690671,0.002,0.0
147,d_auth_score_SgAsNd,10,0.04245806479319222,-7.395902669920864e-05,1.6460665027756205,1.6459729898399575,0.22364537792126032,0.22370546286530726,0.038,0.6884269530831191
148,d_auth_score_SgAsNd,50,0.1167797347692204,-7.395902669920864e-05,2.2270622679343433e-08,2.207538507548179e-08,5.712462265347046,5.713960044250399,0.008,0.0
149,d_auth_score_SgAsNd,100,0.7889648702629499,-7.395902669920864e-05,0.0,0.0,103.88542248996137,103.90841429044775,0.002,0.0
150,d_auth_score_SgAsNd,150,0.6293874226811218,-7.395902669920864e-05,0.0,0.0,124.55925751227271,124.57938858567448,0.002,0.0
151,d_auth_score_SgAsNd,200,0.5274552361089863,-7.395902669920864e-05,0.0,0.0,134.59405203825676,134.60625499520177,0.002,0.0
152,d_auth_score_SgAsNd,300,0.4015955045829668,-7.395902669920864e-05,0.0,0.0,144.34321465219878,144.33102490418278,0.002,0.0
153,d_auth_score_SgAsNd,400,0.3046962295129743,-7.395902669920864e-05,0.0,0.0,138.275395952105,138.23473177963064,0.002,0.0
154,d_btw_cntr_SgAsNd,10,0.013550191866406495,-7.395902669920864e-05,1.8857774045874849,1.8854262097889607,0.07163962825394372,0.07186027417575334,0.594,0.9755610982776193
155,d_btw_cntr_SgAsNd,50,0.12958952689219166,-7.395902669920864e-05,4.6349413196367095e-10,4.083755555939206e-10,6.338676565916878,6.358157693773319,0.002,2.1936230609753693e-11
156,d_btw_cntr_SgAsNd,100,0.15025344692067438,-7.395902669920864e-05,0.0,0.0,19.792214906232505,19.852234245581425,0.002,0.0
157,d_btw_cntr_SgAsNd,150,0.17127847055592413,-7.395902669920864e-05,0.0,0.0,33.90761057307031,34.008396363604824,0.002,0.0
158,d_btw_cntr_SgAsNd,200,0.21340894469445537,-7.395902669920864e-05,0.0,0.0,54.46813051803267,54.626132926576396,0.002,0.0
159,d_btw_cntr_SgAsNd,300,0.1994169912244295,-7.395902669920864e-05,0.0,0.0,71.68870840839502,71.88400486161098,0.002,0.0
160,d_btw_cntr_SgAsNd,400,0.17374532891906924,-7.395902669920864e-05,0.0,0.0,78.86247332778524,79.060640125165,0.002,0.0
161,d_clo_cntr_SgAsNd,10,1.2079776715959696,-7.395902669920864e-05,4.243037032836128e-10,6.969358423702943e-11,6.352276219516403,6.624482324474416,0.002,4.793750729703561e-09
162,d_clo_cntr_SgAsNd,50,0.7746066527175574,-7.395902669920864e-05,0.0,0.0,37.8707220844358,39.493242846880605,0.002,0.0
163,d_clo_cntr_SgAsNd,100,0.7105106146730374,-7.395902669920864e-05,0.0,0.0,93.55607850136333,97.56051027771615,0.002,0.0
164,d_clo_cntr_SgAsNd,150,0.6832670322438232,-7.395902669920864e-05,0.0,0.0,135.22107785138988,140.99993919997476,0.002,0.0
165,d_clo_cntr_SgAsNd,200,0.6676866846531582,-7.395902669920864e-05,0.0,0.0,170.3727711248843,177.6402219142221,0.002,0.0
166,d_clo_cntr_SgAsNd,300,0.6469376584139226,-7.395902669920864e-05,0.0,0.0,232.5089289572038,242.38073491319093,0.002,0.0
167,d_clo_cntr_SgAsNd,400,0.6238294567652009,-7.395902669920864e-05,0.0,0.0,283.0673573024531,295.0184687358614,0.002,0.0
168,d_far_cntr_SgAsNd,10,0.0021468791532519376,-7.395902669920864e-05,1.9813653611589075,1.9813598095303488,0.01167779356468925,0.011681272769261732,0.024,0.7581544354209901
169,d_far_cntr_SgAsNd,50,0.0004199263542729445,-7.395902669920864e-05,1.9614756840982839,1.961464457766919,0.02414388035638195,0.02415091746764679,0.322,0.9869050623210948
170,d_far_cntr_SgAsNd,100,0.2839617637526694,-7.395902669920864e-05,0.0,0.0,37.39634852918555,37.40571965052529,0.002,0.0
171,d_far_cntr_SgAsNd,150,0.24104461945459615,-7.395902669920864e-05,0.0,0.0,47.71309564148221,47.72220333631336,0.002,0.0
172,d_far_cntr_SgAsNd,200,0.19935746864014056,-7.395902669920864e-05,0.0,0.0,50.883030173430285,50.88913231803381,0.002,0.0
173,d_far_cntr_SgAsNd,300,0.12538047427652232,-7.395902669920864e-05,0.0,0.0,45.08307908851722,45.08059027401936,0.002,0.0
174,d_far_cntr_SgAsNd,400,0.09708740316997418,-7.395902669920864e-05,0.0,0.0,44.082480289052256,44.07080482928575,0.002,0.0
175,d_hub_score_SgAsNd,10,0.036462132829473554,-7.395902669920864e-05,1.695300998011946,1.6952236507498921,0.1921170764302581,0.1921664496704193,0.034,0.8200438299918043
176,d_hub_score_SgAsNd,50,0.130174352895681,-7.395902669920864e-05,3.84854370594212e-10,3.8087355491711605e-10,6.367266132649455,6.368861319322736,0.002,0.0
177,d_hub_score_SgAsNd,100,0.7535218164313079,-7.395902669920864e-05,0.0,0.0,99.21896440836177,99.23976598774422,0.002,0.0
178,d_hub_score_SgAsNd,150,0.610296038177322,-7.395902669920864e-05,0.0,0.0,120.78141069310371,120.7995224158522,0.002,0.0
179,d_hub_score_SgAsNd,200,0.5164901643478753,-7.395902669920864e-05,0.0,0.0,131.7964183663638,131.80683073821285,0.002,0.0
180,d_hub_score_SgAsNd,300,0.39116827219215217,-7.395902669920864e-05,0.0,0.0,140.59610320964626,140.58259120996922,0.002,0.0
181,d_hub_score_SgAsNd,400,0.29749684598963,-7.395902669920864e-05,0.0,0.0,135.00900821230837,134.96773204368415,0.002,0.0
182,d_in_deg_SgAsNd,10,0.8562377407291083,-7.395902669920864e-05,1.3417315869901358e-05,6.995114087970933e-08,4.502728450479205,5.514508650665807,0.002,7.043822833230351e-06
183,d_in_deg_SgAsNd,50,0.5312003496661724,-7.395902669920864e-05,0.0,0.0,25.971660307603738,31.807152754054755,0.002,0.0
184,d_in_deg_SgAsNd,100,0.47962802802010956,-7.395902669920864e-05,0.0,0.0,63.15791028750257,77.34611080458194,0.002,0.0
185,d_in_deg_SgAsNd,150,0.4482694674587883,-7.395902669920864e-05,0.0,0.0,88.71922239617624,108.64090023867125,0.002,0.0
186,d_in_deg_SgAsNd,200,0.4103877736034027,-7.395902669920864e-05,0.0,0.0,104.7254034672323,128.2277229468842,0.002,0.0
187,d_in_deg_SgAsNd,300,0.3519796383729818,-7.395902669920864e-05,0.0,0.0,126.51334637657044,154.86464044496736,0.002,0.0
188,d_in_deg_SgAsNd,400,0.3107376085593152,-7.395902669920864e-05,0.0,0.0,141.0163926477867,172.5633750971149,0.002,0.0
189,d_node_ecc_SgAsNd,10,1.4667148055454262,-7.395902669920864e-05,2.4424906541753444e-14,2.6645352591003757e-15,7.712789049788248,7.983820093636275,0.002,2.1582735598713043e-13
190,d_node_ecc_SgAsNd,50,0.7986452221769624,-7.395902669920864e-05,0.0,0.0,39.04586183816578,40.41764849908683,0.002,0.0
191,d_node_ecc_SgAsNd,100,0.7244352632049859,-7.395902669920864e-05,0.0,0.0,95.38940779019946,98.73677017866183,0.002,0.0
192,d_node_ecc_SgAsNd,150,0.6954538564378374,-7.395902669920864e-05,0.0,0.0,137.63263448878118,142.45344621542452,0.002,0.0
193,d_node_ecc_SgAsNd,200,0.6828793192259399,-7.395902669920864e-05,0.0,0.0,174.24902720159537,180.3387130839438,0.002,0.0
194,d_node_ecc_SgAsNd,300,0.6610285768185176,-7.395902669920864e-05,0.0,0.0,237.57261600386863,245.82924265170547,0.002,0.0
195,d_node_ecc_SgAsNd,400,0.6385666890212952,-7.395902669920864e-05,0.0,0.0,289.75369573736964,299.75647322516085,0.002,0.0
196,d_out_deg_SgAsNd,10,0.9967050445984321,-7.395902669920864e-05,3.188204327209121e-07,2.3705171159349447e-10,5.241345154741072,6.441208531722989,0.002,2.464789767842035e-07
197,d_out_deg_SgAsNd,50,0.5204122983888412,-7.395902669920864e-05,0.0,0.0,25.444280009758714,31.268620002028108,0.002,0.0
198,d_out_deg_SgAsNd,100,0.47040056345705417,-7.395902669920864e-05,0.0,0.0,61.94301563459029,76.11962004758011,0.002,0.0
199,d_out_deg_SgAsNd,150,0.43957733677485245,-7.395902669920864e-05,0.0,0.0,86.99920370137845,106.90161209797722,0.002,0.0
200,d_out_deg_SgAsNd,200,0.4012339707589822,-7.395902669920864e-05,0.0,0.0,102.38989781607496,125.79982472243786,0.002,0.0
201,d_out_deg_SgAsNd,300,0.34432698589369476,-7.395902669920864e-05,0.0,0.0,123.76330297135443,152.01976930668323,0.002,0.0
202,d_out_deg_SgAsNd,400,0.3038690767165022,-7.395902669920864e-05,0.0,0.0,137.90011357624957,169.330407009831,0.002,0.0
203,d_page_rank_SgAsNd,10,0.7937454045464967,-7.395902669920864e-05,5.982640415158613e-05,5.671392844242007e-06,4.1741261201051145,4.682375337528784,0.002,2.473341691699993e-05
204,d_page_rank_SgAsNd,50,0.4262399877824375,-7.395902669920864e-05,0.0,0.0,20.840610640785744,23.377961993695706,0.002,0.0
205,d_page_rank_SgAsNd,100,0.344492730371904,-7.395902669920864e-05,0.0,0.0,45.36589933903113,50.887338683143106,0.002,0.0
206,d_page_rank_SgAsNd,150,0.29281912382350755,-7.395902669920864e-05,0.0,0.0,57.958352951407186,65.00781789269509,0.002,0.0
207,d_page_rank_SgAsNd,200,0.24692230952092536,-7.395902669920864e-05,0.0,0.0,63.018746504832784,70.6774373366849,0.002,0.0
208,d_page_rank_SgAsNd,300,0.18282994432368904,-7.395902669920864e-05,0.0,0.0,65.72801712326829,73.69973705482904,0.002,0.0
209,d_page_rank_SgAsNd,400,0.14576522027930996,-7.395902669920864e-05,0.0,0.0,66.16779141193248,74.17325129894216,0.002,0.0
210,ud_art_pt_SgAsNd,10,-0.016794353983198347,-7.395902669920864e-05,1.8598796420609078,1.8592603333668263,-0.08792055287268319,-0.08831015661709629,0.706,0.9306422735514122
211,ud_art_pt_SgAsNd,50,0.2104155106331521,-7.395902669920864e-05,0.0,0.0,10.28990281458094,10.335432542157347,0.002,0.0
212,ud_art_pt_SgAsNd,100,0.08015287321604374,-7.395902669920864e-05,0.0,0.0,10.56272271172237,10.609027411694202,0.002,0.0
213,ud_art_pt_SgAsNd,150,0.07818982127941965,-7.395902669920864e-05,0.0,0.0,15.48701580164417,15.553973620020878,0.002,0.0
214,ud_art_pt_SgAsNd,200,0.07739367498777407,-7.395902669920864e-05,0.0,0.0,19.765129323587118,19.849163838815304,0.002,0.0
215,ud_art_pt_SgAsNd,300,0.06754344355368862,-7.395902669920864e-05,0.0,0.0,24.298867947725633,24.397869966558375,0.002,0.0
216,ud_art_pt_SgAsNd,400,0.0624341505305295,-7.395902669920864e-05,0.0,0.0,28.360167510669143,28.469696530882384,0.002,0.0
217,ud_auth_score_SgAsNd,10,0.001081548245584083,-7.395902669920864e-05,1.990304193343384,1.9903020894154708,0.00607598316259057,0.0060773016282317,0.834,0.8132329850177189
218,ud_auth_score_SgAsNd,50,0.021843407387855854,-7.395902669920864e-05,0.5679401407770883,0.5677374095656322,1.0714434822881258,1.071669054787051,0.016,2.6914747587980514e-05
219,ud_auth_score_SgAsNd,100,0.6882403700137419,-7.395902669920864e-05,0.0,0.0,90.62396199517244,90.63933687163788,0.002,0.0
220,ud_auth_score_SgAsNd,150,0.5658651660034507,-7.395902669920864e-05,0.0,0.0,111.98932811357389,112.00164277605937,0.002,0.0
221,ud_auth_score_SgAsNd,200,0.46588194438242,-7.395902669920864e-05,0.0,0.0,118.88421283460735,118.8888517040919,0.002,0.0
222,ud_auth_score_SgAsNd,300,0.35463501397274605,-7.395902669920864e-05,0.0,0.0,127.46757736723258,127.45023317553539,0.002,0.0
223,ud_auth_score_SgAsNd,400,0.2637217951221141,-7.395902669920864e-05,0.0,0.0,119.68513892448168,119.64376782900906,0.002,0.0
224,ud_bridge_SgAsNd,10,0.00648824070033197,-7.395902669920864e-05,1.944947479867614,1.944790878044226,0.03450589711323137,0.03460409135966844,0.58,0.9932189097515478
225,ud_bridge_SgAsNd,50,0.3259184888573461,-7.395902669920864e-05,0.0,0.0,15.936334546497227,15.981580420188944,0.002,0.0
226,ud_bridge_SgAsNd,100,0.38163557738588816,-7.395902669920864e-05,0.0,0.0,50.25615341943113,50.39678340511625,0.002,0.0
227,ud_bridge_SgAsNd,150,0.24908932208643095,-7.395902669920864e-05,0.0,0.0,49.30499979294847,49.44000628810842,0.002,0.0
228,ud_bridge_SgAsNd,200,0.20776941944675828,-7.395902669920864e-05,0.0,0.0,53.02925933960553,53.17067236381213,0.002,0.0
229,ud_bridge_SgAsNd,300,0.18944381493008033,-7.395902669920864e-05,0.0,0.0,68.10476574647936,68.27436210951319,0.002,0.0
230,ud_bridge_SgAsNd,400,0.1451328267858213,-7.395902669920864e-05,0.0,0.0,65.8808720740252,66.03101210507123,0.002,0.0
231,ud_btw_cntr_SgAsNd,10,0.014759499462017845,-7.395902669920864e-05,1.875658478543583,1.875292540928208,0.07799850869163087,0.07822852676925053,0.576,0.9364519545191401
232,ud_btw_cntr_SgAsNd,50,0.09723569487497226,-7.395902669920864e-05,3.929040011119156e-06,3.6655867439172596e-06,4.757040260431116,4.771037580984868,0.012,2.1628060424827567e-06
233,ud_btw_cntr_SgAsNd,100,0.10329987997287023,-7.395902669920864e-05,0.0,0.0,13.610274349296077,13.649765129417812,0.002,0.0
234,ud_btw_cntr_SgAsNd,150,0.12307902712111811,-7.395902669920864e-05,0.0,0.0,24.36979449537013,24.439040135320198,0.002,0.0
235,ud_btw_cntr_SgAsNd,200,0.12998410561645804,-7.395902669920864e-05,0.0,0.0,33.183077035335664,33.27499214242822,0.002,0.0
236,ud_btw_cntr_SgAsNd,300,0.13789328476811602,-7.395902669920864e-05,0.0,0.0,49.57966011924641,49.708240714071074,0.002,0.0
237,ud_btw_cntr_SgAsNd,400,0.1224935654804604,-7.395902669920864e-05,0.0,0.0,55.609352946574724,55.74181906441739,0.002,0.0
238,ud_clo_cntr_SgAsNd,10,1.2719875085433623,-7.395902669920864e-05,4.498357242255224e-11,5.8477667153056245e-12,6.688857996941318,6.9813397242086195,0.004,6.122327089741475e-10
239,ud_clo_cntr_SgAsNd,50,0.7864137871497195,-7.395902669920864e-05,0.0,0.0,38.44792086792827,40.12881013907634,0.002,0.0
240,ud_clo_cntr_SgAsNd,100,0.7110419808891675,-7.395902669920864e-05,0.0,0.0,93.62603856138884,97.71538047834325,0.002,0.0
241,ud_clo_cntr_SgAsNd,150,0.6842165149294541,-7.395902669920864e-05,0.0,0.0,135.4089636562697,141.3143087062236,0.002,0.0
242,ud_clo_cntr_SgAsNd,200,0.6682480057020543,-7.395902669920864e-05,0.0,0.0,170.51598684670964,177.93867817262029,0.002,0.0
243,ud_clo_cntr_SgAsNd,300,0.6444845534537244,-7.395902669920864e-05,0.0,0.0,231.62738557909339,241.6642263898858,0.002,0.0
244,ud_clo_cntr_SgAsNd,400,0.6233484865544872,-7.395902669920864e-05,0.0,0.0,282.8491392849814,295.0381029142486,0.002,0.0
245,ud_deg_cntr_SgAsNd,10,1.2816807402926809,-7.395902669920864e-05,3.171507501065207e-11,9.592326932761353e-14,6.739827743573522,7.5373254052437275,0.002,2.8770319460136307e-11
246,ud_deg_cntr_SgAsNd,50,0.6284802078450321,-7.395902669920864e-05,0.0,0.0,30.72724398641812,34.36273143843987,0.002,0.0
247,ud_deg_cntr_SgAsNd,100,0.4795662006983793,-7.395902669920864e-05,0.0,0.0,63.149770057641945,70.61871254521633,0.002,0.0
248,ud_deg_cntr_SgAsNd,150,0.44854694119626726,-7.395902669920864e-05,0.0,0.0,88.77412953380835,99.26677790964251,0.002,0.0
249,ud_deg_cntr_SgAsNd,200,0.4166244228765612,-7.395902669920864e-05,0.0,0.0,106.31662515610954,118.87222611626339,0.002,0.0
250,ud_deg_cntr_SgAsNd,300,0.3628094994406441,-7.395902669920864e-05,0.0,0.0,130.40514573491592,145.77360719626182,0.002,0.0
251,ud_deg_cntr_SgAsNd,400,0.32438427359028166,-7.395902669920864e-05,0.0,0.0,147.20793657675267,164.51343609915403,0.002,0.0
252,ud_eig_cntr_SgAsNd,10,0.0011003272475450271,-7.395902669920864e-05,1.9901466216161787,1.9901444834861044,0.006174728451747849,0.00617606835162133,0.366,0.8507495238542135
253,ud_eig_cntr_SgAsNd,50,0.02184915205304635,-7.395902669920864e-05,0.5676877536336744,0.5674850292419404,1.0717243136599186,1.0719499464756488,0.024,0.00021150241172374074
254,ud_eig_cntr_SgAsNd,100,0.6882436253302673,-7.395902669920864e-05,0.0,0.0,90.62439059249873,90.63976564255512,0.002,0.0
255,ud_eig_cntr_SgAsNd,150,0.5658683414315728,-7.395902669920864e-05,0.0,0.0,111.98995647455149,112.00227133077497,0.002,0.0
256,ud_eig_cntr_SgAsNd,200,0.465885754457401,-7.395902669920864e-05,0.0,0.0,118.88518493896667,118.88982397867102,0.002,0.0
257,ud_eig_cntr_SgAsNd,300,0.3546394939685311,-7.395902669920864e-05,0.0,0.0,127.46918729044515,127.45184302145529,0.002,0.0
258,ud_eig_cntr_SgAsNd,400,0.26372699758768314,-7.395902669920864e-05,0.0,0.0,119.6874993029358,119.64612752458721,0.002,0.0
259,ud_far_cntr_SgAsNd,10,1.1722350654937614,-7.395902669920864e-05,1.4156302796664022e-09,2.050040137646647e-10,6.1643315149928295,6.463214079085879,0.002,2.2419643919135979e-10
260,ud_far_cntr_SgAsNd,50,0.893902404782481,-7.395902669920864e-05,0.0,0.0,43.70256581953618,45.82115726429212,0.002,0.0
261,ud_far_cntr_SgAsNd,100,0.8091933210490018,-7.395902669920864e-05,0.0,0.0,106.54871493922938,111.7095386038425,0.002,0.0
262,ud_far_cntr_SgAsNd,150,0.777838612450266,-7.395902669920864e-05,0.0,0.0,153.9351183860397,161.38085566169448,0.002,0.0
263,ud_far_cntr_SgAsNd,200,0.7693647996308257,-7.395902669920864e-05,0.0,0.0,196.31497418141097,205.79459606129535,0.002,0.0
264,ud_far_cntr_SgAsNd,300,0.7486830651479411,-7.395902669920864e-05,0.0,0.0,269.0719749804273,282.0106136877988,0.002,0.0
265,ud_far_cntr_SgAsNd,400,0.7312062066200115,-7.395902669920864e-05,0.0,0.0,331.784597900581,347.65868121844653,0.002,0.0
266,ud_hub_score_SgAsNd,10,0.0010849270169270178,-7.395902669920864e-05,1.990275842583889,1.9902737325022781,0.0060937496953354054,0.006095072017448822,0.714,0.991817728477936
267,ud_hub_score_SgAsNd,50,0.02184446623612226,-7.395902669920864e-05,0.5678936154392753,0.5676908854903688,1.0714952447148844,1.0717208283226092,0.014,0.019089174972486855
268,ud_hub_score_SgAsNd,100,0.6882410524900676,-7.395902669920864e-05,0.0,0.0,90.6240518504987,90.63942676006974,0.002,0.0
269,ud_hub_score_SgAsNd,150,0.5658658249257638,-7.395902669920864e-05,0.0,0.0,111.98945850262785,112.00177320152012,0.002,0.0
270,ud_hub_score_SgAsNd,200,0.4658827340536425,-7.395902669920864e-05,0.0,0.0,118.88441431170207,118.88905321247094,0.002,0.0
271,ud_hub_score_SgAsNd,300,0.3546359440971142,-7.395902669920864e-05,0.0,0.0,127.46791161504947,127.45056740297265,0.002,0.0
272,ud_hub_score_SgAsNd,400,0.26372287797955524,-7.395902669920864e-05,0.0,0.0,119.68563022102926,119.64425897928534,0.002,0.0
273,ud_node_ecc_SgAsNd,10,1.5569104756898133,-7.395902669920864e-05,4.440892098500626e-16,0.0,8.187063324196718,8.55710506134021,0.002,0.0
274,ud_node_ecc_SgAsNd,50,0.9062611514860776,-7.395902669920864e-05,0.0,0.0,44.306730496731376,46.308959773905244,0.002,0.0
275,ud_node_ecc_SgAsNd,100,0.8009838093480637,-7.395902669920864e-05,0.0,0.0,105.46784469580165,110.22960982934033,0.002,0.0
276,ud_node_ecc_SgAsNd,150,0.7790047040873458,-7.395902669920864e-05,0.0,0.0,154.16586726552117,161.11605445344642,0.002,0.0
277,ud_node_ecc_SgAsNd,200,0.7708635576276889,-7.395902669920864e-05,0.0,0.0,196.69736801607007,205.54909904128758,0.002,0.0
278,ud_node_ecc_SgAsNd,300,0.7515126108554231,-7.395902669920864e-05,0.0,0.0,270.08879542715204,282.1893163001559,0.002,0.0
279,ud_node_ecc_SgAsNd,400,0.7354329461164982,-7.395902669920864e-05,0.0,0.0,333.7022857173047,348.5729505925779,0.002,0.0
280,ud_page_rank_SgAsNd,10,1.1003175648188184,-7.395902669920864e-05,1.4401952963538633e-08,2.60063615087347e-09,5.786169011235415,6.067357617118607,0.002,6.743837488443205e-09
281,ud_page_rank_SgAsNd,50,0.28382060281370647,-7.395902669920864e-05,0.0,0.0,13.87835436920677,14.552681123625169,0.002,0.0
282,ud_page_rank_SgAsNd,100,0.22681255163674402,-7.395902669920864e-05,0.0,0.0,29.872041961185307,31.3222446073295,0.002,0.0
283,ud_page_rank_SgAsNd,150,0.20372982562685754,-7.395902669920864e-05,0.0,0.0,40.32915891641067,42.2843236646474,0.002,0.0
284,ud_page_rank_SgAsNd,200,0.18565447569817015,-7.395902669920864e-05,0.0,0.0,47.38684197736836,49.6803010691287,0.002,0.0
285,ud_page_rank_SgAsNd,300,0.15336967604249385,-7.395902669920864e-05,0.0,0.0,55.141228199835695,57.79886600543748,0.002,0.0
286,ud_page_rank_SgAsNd,400,0.13319706959219338,-7.395902669920864e-05,0.0,0.0,60.46557355075037,63.36521428268192,0.002,0.0
287,d_btw_cntr_SgAsEg,10,0.013658027950877219,-7.395902669920864e-05,1.8848748889180595,1.8845199709869647,0.07220666080257418,0.07242965499202857,0.528,0.87681087930191
288,d_btw_cntr_SgAsEg,50,0.1287466324515549,-7.395902669920864e-05,6.05081318383327e-10,5.337996711318738e-10,6.297471170268731,6.316878145827704,0.008,3.628859435167442e-10
289,d_btw_cntr_SgAsEg,100,0.15032515549564365,-7.395902669920864e-05,0.0,0.0,19.801656109035594,19.861869117236015,0.002,0.0
290,d_btw_cntr_SgAsEg,150,0.16976528673862623,-7.395902669920864e-05,0.0,0.0,33.608178299320905,33.708354137602434,0.002,0.0
291,d_btw_cntr_SgAsEg,200,0.21391823843432145,-7.395902669920864e-05,0.0,0.0,54.59807196726121,54.75690620394086,0.002,0.0
292,d_btw_cntr_SgAsEg,300,0.1992229204190136,-7.395902669920864e-05,0.0,0.0,71.61896747346776,71.81467032418387,0.002,0.0
293,d_btw_cntr_SgAsEg,400,0.17361611097822005,-7.395902669920864e-05,0.0,0.0,78.80384665560102,79.00252193524157,0.002,0.0
294,ud_bridge_SgAsEg,10,1.3397490348257544,-7.395902669920864e-05,3.704592188569222e-12,4.516387264175137e-13,7.045167215099414,7.332530195023315,0.002,1.7674750552032492e-12
295,ud_bridge_SgAsEg,50,0.3550248707679697,-7.395902669920864e-05,0.0,0.0,17.359217323618502,18.06713796164133,0.002,0.0
296,ud_bridge_SgAsEg,100,0.19743423468159305,-7.395902669920864e-05,0.0,0.0,26.004071519632422,27.063464214301867,0.002,0.0
297,ud_bridge_SgAsEg,150,0.18249168947475114,-7.395902669920864e-05,0.0,0.0,36.126507972402706,37.59590788260264,0.002,0.0
298,ud_bridge_SgAsEg,200,0.1689298762712267,-7.395902669920864e-05,0.0,0.0,43.11971965248918,44.870120667043274,0.002,0.0
299,ud_bridge_SgAsEg,300,0.14562616313251528,-7.395902669920864e-05,0.0,0.0,52.35853335397285,54.47364680893777,0.002,0.0
300,ud_bridge_SgAsEg,400,0.12461653637026918,-7.395902669920864e-05,0.0,0.0,56.5725529294526,58.84453046134368,0.002,0.0
301,ud_btw_cntr_SgAsEg,10,-0.013359011106609416,-7.395902669920864e-05,1.8886156716865277,1.8882856229371638,-0.06985655104720405,-0.07006388520049063,0.906,0.9274405079190968
302,ud_btw_cntr_SgAsEg,50,0.10458205100166577,-7.395902669920864e-05,6.236000018589039e-07,5.75427066440426e-07,5.1161712454971875,5.131322454516829,0.01,1.902700392797385e-07
303,ud_btw_cntr_SgAsEg,100,0.10104325583856888,-7.395902669920864e-05,0.0,0.0,13.313165584947953,13.352047131906735,0.002,0.0
304,ud_btw_cntr_SgAsEg,150,0.11865267520790934,-7.395902669920864e-05,0.0,0.0,23.493897857674202,23.56110080354696,0.002,0.0
305,ud_btw_cntr_SgAsEg,200,0.123651399444703,-7.395902669920864e-05,0.0,0.0,31.567347343247334,31.655386283766454,0.002,0.0
306,ud_btw_cntr_SgAsEg,300,0.1292496090077189,-7.395902669920864e-05,0.0,0.0,46.47348437351072,46.59489120203833,0.002,0.0
307,ud_btw_cntr_SgAsEg,400,0.1140800055997075,-7.395902669920864e-05,0.0,0.0,51.79208876646477,51.91644397167945,0.002,0.0
308,is_shared,10,0.0037859104743523113,-7.395902669920864e-05,1.967614042529874,1.967552340192619,0.02029628255981771,0.020334956745680446,0.392,0.9821337745727586
309,is_shared,50,0.0009441525753071275,-7.395902669920864e-05,1.9206097681640908,1.9204591344162636,0.049770990710233845,0.049865503624186985,0.112,0.9912784643963839
310,is_shared,100,0.14361966658007477,-7.395902669920864e-05,0.0,0.0,18.91880659246268,18.953958950426713,0.002,0.0
311,is_shared,150,0.20365894496339235,-7.395902669920864e-05,0.0,0.0,40.31513288865143,40.387624626594494,0.002,0.0
312,is_shared,200,0.15740536813397743,-7.395902669920864e-05,0.0,0.0,40.17935111508288,40.24873408684037,0.002,0.0
313,is_shared,300,0.12070352186194731,-7.395902669920864e-05,0.0,0.0,43.40237789647651,43.46968875742819,0.002,0.0
314,is_shared,400,0.09917023387056552,-7.395902669920864e-05,0.0,0.0,45.027468515116816,45.08781380965176,0.002,0.0
315,cycle_lane_both,10,-0.005902983493268867,-7.395902669920864e-05,1.9510962888462742,1.9502389028682805,-0.030650654792696668,-0.03118819867035163,0.978,0.9574412971438364
316,cycle_lane_both,50,0.1736820717520373,-7.395902669920864e-05,0.0,0.0,8.494166824828875,8.643075207419948,0.002,0.0
317,cycle_lane_both,100,0.1984644298022598,-7.395902669920864e-05,0.0,0.0,26.139707753724874,26.596881758534085,0.002,0.0
318,cycle_lane_both,150,0.20629763526356532,-7.395902669920864e-05,0.0,0.0,40.83728295876795,41.54897086081678,0.002,0.0
319,cycle_lane_both,200,0.17679092032528526,-7.395902669920864e-05,0.0,0.0,45.125390205404926,45.90844147536264,0.002,0.0
320,cycle_lane_both,300,0.14532666050559453,-7.395902669920864e-05,0.0,0.0,52.25090462965307,53.14797179035773,0.002,0.0
321,cycle_lane_both,400,0.12154755269701663,-7.395902669920864e-05,0.0,0.0,55.18014334168119,56.11532045568215,0.002,0.0
322,cycle_lane_one,10,0.023386059184136842,-7.395902669920864e-05,1.8036450223106932,1.8012647070664753,0.1233593929369588,0.12486256707884846,0.614,0.9132654240266349
323,cycle_lane_one,50,0.19450028631547,-7.395902669920864e-05,0.0,0.0,9.51187761566791,9.627717297630639,0.002,0.0
324,cycle_lane_one,100,0.2079057685420566,-7.395902669920864e-05,0.0,0.0,27.382761235310355,27.715117894359455,0.002,0.0
325,cycle_lane_one,150,0.22324377900630388,-7.395902669920864e-05,0.0,0.0,44.19062463092082,44.724270730075986,0.002,0.0
326,cycle_lane_one,200,0.21095427158799823,-7.395902669920864e-05,0.0,0.0,53.841844043513625,54.48808254928651,0.002,0.0
327,cycle_lane_one,300,0.18757262957809562,-7.395902669920864e-05,0.0,0.0,67.4323399501832,68.22946369906141,0.002,0.0
328,cycle_lane_one,400,0.1698036781025718,-7.395902669920864e-05,0.0,0.0,77.0741313315825,77.96848665814267,0.002,0.0
329,cycle_lane_right,10,0.0020749962946494736,-7.395902669920864e-05,1.981968490714355,1.9819497169294884,0.01129981321872015,0.011311578695612745,0.2,0.9798881978542494
330,cycle_lane_right,50,0.514415845296202,-7.395902669920864e-05,0.0,0.0,25.151139836736466,25.17716411033399,0.002,0.0
331,cycle_lane_right,100,0.2643567346882632,-7.395902669920864e-05,0.0,0.0,34.815136234326275,34.849736630802255,0.002,0.0
332,cycle_lane_right,150,0.19782584681571252,-7.395902669920864e-05,0.0,0.0,39.16086608947158,39.19744312210972,0.002,0.0
333,cycle_lane_right,200,0.16993697737207045,-7.395902669920864e-05,0.0,0.0,43.3766719107237,43.4141018637713,0.002,0.0
334,cycle_lane_right,300,0.12896217052446177,-7.395902669920864e-05,0.0,0.0,46.37019099811885,46.40206516020148,0.002,0.0
335,cycle_lane_right,400,0.10545227090903035,-7.395902669920864e-05,0.0,0.0,47.877652658919445,47.90050296527022,0.002,0.0
336,cycle_way_both,10,0.015775240384615384,-7.395902669920864e-05,1.8671630891767617,1.8660883731601992,0.08333956096476947,0.08401540131944578,0.902,0.9611794229092794
337,cycle_way_both,50,0.33429719415091086,-7.395902669920864e-05,0.0,0.0,16.345932534093095,16.478379182943808,0.002,0.0
338,cycle_way_both,100,0.21860132444499483,-7.395902669920864e-05,0.0,0.0,28.790945854997627,29.023052134304372,0.002,0.0
339,cycle_way_both,150,0.2288551681980446,-7.395902669920864e-05,0.0,0.0,45.30101915494907,45.66346989935236,0.002,0.0
340,cycle_way_both,200,0.1942362600614624,-7.395902669920864e-05,0.0,0.0,49.576402558706356,49.96946102118754,0.002,0.0
341,cycle_way_both,300,0.1671692871556113,-7.395902669920864e-05,0.0,0.0,60.10023158315798,60.56595284556447,0.002,0.0
342,cycle_way_both,400,0.14031620887023502,-7.395902669920864e-05,0.0,0.0,63.69555417066014,64.17546497920816,0.002,0.0
343,cycle_way_one,10,0.00490487514863258,-7.395902669920864e-05,1.958227353656743,1.9581240512269535,0.026180114434822745,0.02624487187610059,0.46,0.6106505245798322
344,cycle_way_one,50,0.12234295422936992,-7.395902669920864e-05,4.343151172037096e-09,3.966155848189601e-09,5.984423554781768,5.99918706564051,0.016,9.180396309815819e-08
345,cycle_way_one,100,0.16049658564230992,-7.395902669920864e-05,0.0,0.0,21.140833952874843,21.192123576022915,0.002,0.0
346,cycle_way_one,150,0.17788277012722262,-7.395902669920864e-05,0.0,0.0,35.21448447335257,35.297804528892364,0.002,0.0
347,cycle_way_one,200,0.16360905567825915,-7.395902669920864e-05,0.0,0.0,41.762162932634276,41.857992845912776,0.002,0.0
348,cycle_way_one,300,0.1249863550241649,-7.395902669920864e-05,0.0,0.0,44.941449104175476,45.036652372191405,0.002,0.0
349,cycle_way_one,400,0.10113866841929517,-7.395902669920864e-05,0.0,0.0,45.920554771143344,46.008141609092704,0.002,0.0
350,cycle_way_right,10,0.0006660253089617404,-7.395902669920864e-05,1.9937908040384689,1.9937887342597542,0.003891046358516033,0.0038923434098003676,0.07,0.8554489862111414
351,cycle_way_right,50,5.734767799521884e-05,-7.395902669920864e-05,1.9897568183101417,1.9897534701313178,0.006419006292295544,0.006421104495463301,0.32,0.9814629026006099
352,cycle_way_right,100,0.04051685913546718,-7.395902669920864e-05,1.816180050795424e-07,1.8009192892520787e-07,5.34421645356303,5.345744882150752,0.01,0.0
353,cycle_way_right,150,0.21165643385574257,-7.395902669920864e-05,0.0,0.0,41.89769427739153,41.907175182311505,0.002,0.0
354,cycle_way_right,200,0.16450017167057654,-7.395902669920864e-05,0.0,0.0,41.98952269461151,41.996044507086644,0.002,0.0
355,cycle_way_right,300,0.11762231527176328,-7.395902669920864e-05,0.0,0.0,42.295121048425685,42.29428239526764,0.002,0.0
356,cycle_way_right,400,0.09586581744396556,-7.395902669920864e-05,0.0,0.0,43.52824218996963,43.51825242351406,0.002,0.0
357,side_walk_both,10,0.061839438299253154,-7.395902669920864e-05,1.4895174256662624,1.3623052722870947,0.3255581065690072,0.4108907626259498,0.684,0.7330219612795856
358,side_walk_both,50,0.33776933929937075,-7.395902669920864e-05,0.0,0.0,16.515670413111494,20.844308593624735,0.002,0.0
359,side_walk_both,100,0.5405796213714067,-7.395902669920864e-05,0.0,0.0,71.18284111687169,89.83651282246949,0.002,0.0
360,side_walk_both,150,0.5346687909727927,-7.395902669920864e-05,0.0,0.0,105.81611809018783,133.5342228690494,0.002,0.0
361,side_walk_both,200,0.5127756198138469,-7.395902669920864e-05,0.0,0.0,130.8486876911301,165.10552530320192,0.002,0.0
362,side_walk_both,300,0.48143981877954106,-7.395902669920864e-05,0.0,0.0,173.03592352596436,218.2767543322932,0.002,0.0
363,side_walk_both,400,0.45740432315227725,-7.395902669920864e-05,0.0,0.0,207.5596399729633,261.7391486693145,0.002,0.0
364,side_walk_left,10,0.009255112703388569,-7.395902669920864e-05,1.921751104470534,1.9213833770078175,0.049054890535311306,0.04928560828586373,0.808,0.9096673967215747
365,side_walk_left,50,0.11721900150234614,-7.395902669920864e-05,1.9625264968681222e-08,1.6736665831018627e-08,5.733936080644536,5.760866260280378,0.004,3.212028421017976e-10
366,side_walk_left,100,0.14829405487827857,-7.395902669920864e-05,0.0,0.0,19.53423993390952,19.625185751236558,0.002,0.0
367,side_walk_left,150,0.15457933226577728,-7.395902669920864e-05,0.0,0.0,30.603146904668566,30.743779690160235,0.002,0.0
368,side_walk_left,200,0.15295305213195,-7.395902669920864e-05,0.0,0.0,39.043385073405304,39.2199973211155,0.002,0.0
369,side_walk_left,300,0.12742102159398286,-7.395902669920864e-05,0.0,0.0,45.81636649554402,46.01548602241154,0.002,0.0
370,side_walk_left,400,0.11285854108342315,-7.395902669920864e-05,0.0,0.0,51.23790566069595,51.449701994794815,0.002,0.0
371,side_walk_no,10,-0.016869221831763963,-7.395902669920864e-05,1.8592538598568658,1.8576725649892722,-0.0883142291378314,-0.08930907448448827,0.942,0.9366881745074284
372,side_walk_no,50,0.15063886958933514,-7.395902669920864e-05,3.4727776210274897e-13,1.8562928971732617e-13,7.367686192927825,7.450631389698666,0.002,3.241851231905457e-14
373,side_walk_no,100,0.4147769528064882,-7.395902669920864e-05,0.0,0.0,54.61957085804694,55.23223834925249,0.002,0.0
374,side_walk_no,150,0.41472022090239136,-7.395902669920864e-05,0.0,0.0,82.08042077529984,82.99608471176103,0.002,0.0
375,side_walk_no,200,0.3752986997198719,-7.395902669920864e-05,0.0,0.0,95.77276031534109,96.83415420116206,0.002,0.0
376,side_walk_no,300,0.33414257522941726,-7.395902669920864e-05,0.0,0.0,120.1034515068963,121.41275572602088,0.002,0.0
377,side_walk_no,400,0.30495336254369815,-7.395902669920864e-05,0.0,0.0,138.3920581880214,139.870750862917,0.002,0.0
378,side_walk_right,10,0.010763940798325608,-7.395902669920864e-05,1.9091083386594447,1.9086103797112353,0.05698873424186434,0.057301293661133866,0.892,0.977222342979515
379,side_walk_right,50,0.3058578845202138,-7.395902669920864e-05,0.0,0.0,14.955659981805569,15.037586010762318,0.002,0.0
380,side_walk_right,100,0.18472669039992778,-7.395902669920864e-05,0.0,0.0,24.330987055970265,24.463274717001077,0.002,0.0
381,side_walk_right,150,0.1666935109824778,-7.395902669920864e-05,0.0,0.0,33.00032828890097,33.177756093933375,0.002,0.0
382,side_walk_right,200,0.15819784610794582,-7.395902669920864e-05,0.0,0.0,40.38154432571654,40.595748189626654,0.002,0.0
383,side_walk_right,300,0.12444400900879043,-7.395902669920864e-05,0.0,0.0,44.746552617374,44.97595176505746,0.002,0.0
384,side_walk_right,400,0.10671912840285333,-7.395902669920864e-05,0.0,0.0,48.452430731580115,48.69051076230173,0.002,0.0
385,bikable_no,10,0.0012587930396149574,-7.395902669920864e-05,1.9888169634206143,1.9888099101291519,0.0070079862836617095,0.007012406387220639,0.142,0.7904230259229155
386,bikable_no,50,0.17775448563451454,-7.395902669920864e-05,0.0,0.0,8.693249197639064,8.698675907184906,0.008,0.0
387,bikable_no,100,0.10327577473104792,-7.395902669920864e-05,0.0,0.0,13.60710063573728,13.615038535428923,0.002,0.0
388,bikable_no,150,0.08197486907729333,-7.395902669920864e-05,0.0,0.0,16.236009714618564,16.244511081625472,0.002,0.0
389,bikable_no,200,0.10122021694964528,-7.395902669920864e-05,0.0,0.0,25.844244675454906,25.855941334144024,0.002,0.0
390,bikable_no,300,0.07739158025838831,-7.395902669920864e-05,0.0,0.0,27.837876608020657,27.845595438727614,0.002,0.0
391,bikable_no,400,0.06104338943764381,-7.395902669920864e-05,0.0,0.0,27.729173902944552,27.73104333920146,0.002,0.0
392,bikable_yes,10,-0.010411485940536088,-7.395902669920864e-05,1.9133004668308118,1.9098432894139075,-0.054357632338553286,-0.05652742970886316,0.72,0.9967047137532091
393,bikable_yes,50,0.4977327621015129,-7.395902669920864e-05,0.0,0.0,24.335577400295673,25.306788724098432,0.002,0.0
394,bikable_yes,100,0.48557254916975745,-7.395902669920864e-05,0.0,0.0,63.940570238075146,66.48974870977986,0.002,0.0
395,bikable_yes,150,0.48431533612772365,-7.395902669920864e-05,0.0,0.0,95.85206130935288,99.6671946194817,0.002,0.0
396,bikable_yes,200,0.4548597679393466,-7.395902669920864e-05,0.0,0.0,116.0720094467507,120.68270913146736,0.002,0.0
397,bikable_yes,300,0.3985828836000475,-7.395902669920864e-05,0.0,0.0,143.2606046043864,148.92312270091438,0.002,0.0
398,bikable_yes,400,0.35695939552501765,-7.395902669920864e-05,0.0,0.0,161.98739353511382,168.35192434410155,0.002,0.0
399,bkdc_total,10,-0.019518191847116995,-7.395902669920864e-05,1.8371271812359902,1.8273078838162928,-0.10224326065287176,-0.10843083578539764,0.792,0.9552273681386052
400,bkdc_total,50,0.2536809814735719,-7.395902669920864e-05,0.0,0.0,12.404961068537489,13.155577639781566,0.002,0.0
401,bkdc_total,100,0.2620336149576325,-7.395902669920864e-05,0.0,0.0,34.509272611710124,36.59598308061017,0.002,0.0
402,bkdc_total,150,0.28145114407677013,-7.395902669920864e-05,0.0,0.0,55.70883112557827,59.07360226316128,0.002,0.0
403,bkdc_total,200,0.25942437519217637,-7.395902669920864e-05,0.0,0.0,66.20852954064989,70.20189372796332,0.002,0.0
404,bkdc_total,300,0.23105145405921293,-7.395902669920864e-05,0.0,0.0,83.05681196880286,88.04904775557767,0.002,0.0
405,bkdc_total,400,0.207883792979266,-7.395902669920864e-05,0.0,0.0,94.35122456601837,99.99873065231215,0.002,0.0
406,poi_total,10,0.23210386238961553,-7.395902669920864e-05,0.4442807341676147,0.4190527121609495,1.2208564735944218,1.254868898383548,0.164,0.2070283378070501
407,poi_total,50,0.522124241812307,-7.395902669920864e-05,0.0,0.0,25.527969381393273,26.238974149140873,0.002,0.0
408,poi_total,100,0.6809453550751481,-7.395902669920864e-05,0.0,0.0,89.66349505636707,92.15711646280445,0.002,0.0
409,poi_total,150,0.716898149112034,-7.395902669920864e-05,0.0,0.0,141.87608015676918,145.81273093492516,0.002,0.0
410,poi_total,200,0.687642222348078,-7.395902669920864e-05,0.0,0.0,175.46423659016645,180.31937365106407,0.002,0.0
411,poi_total,300,0.6417814047594422,-7.395902669920864e-05,0.0,0.0,230.6559869352703,236.9944689839761,0.002,0.0
412,poi_total,400,0.6109571187115737,-7.395902669920864e-05,0.0,0.0,277.2271284738945,284.78230956009105,0.002,0.0
413,crash_total,10,0.1586718392382015,-7.395902669920864e-05,0.8077392862211328,0.798758950363994,0.8347301834661791,0.8427299817008899,0.2,0.3433976814702686
414,crash_total,50,0.325663454512968,-7.395902669920864e-05,0.0,0.0,15.923867041009794,16.076368158141566,0.002,0.0
415,crash_total,100,0.325126407030165,-7.395902669920864e-05,0.0,0.0,42.81611521212701,43.22440663949455,0.002,0.0
416,crash_total,150,0.352226203629824,-7.395902669920864e-05,0.0,0.0,69.71396174121193,70.37449265407912,0.002,0.0
417,crash_total,200,0.34739511729032757,-7.395902669920864e-05,0.0,0.0,88.653426901747,89.48694264134029,0.002,0.0
418,crash_total,300,0.28509086443875786,-7.395902669920864e-05,0.0,0.0,102.47631710617374,103.42134434474208,0.002,0.0
419,crash_total,400,0.2454073639609692,-7.395902669920864e-05,0.0,0.0,111.37581171443135,112.37889923648287,0.002,0.0
420,311_total,10,0.11297947376322098,-7.395902669920864e-05,1.10439983242015,1.0993576811184096,0.5944668377095358,0.5982414456570982,0.17,0.5027991008018193
421,311_total,50,0.3134654746041587,-7.395902669920864e-05,0.0,0.0,15.327561544118709,15.424782467942958,0.002,0.0
422,311_total,100,0.4555012855442724,-7.395902669920864e-05,0.0,0.0,59.98136593712465,60.359365523540134,0.002,0.0
423,311_total,150,0.5369718421611083,-7.395902669920864e-05,0.0,0.0,106.2718511253917,106.93513278989262,0.002,0.0
424,311_total,200,0.48234238665731216,-7.395902669920864e-05,0.0,0.0,123.08393797692808,123.84325968277597,0.002,0.0
425,311_total,300,0.4330831335378225,-7.395902669920864e-05,0.0,0.0,155.65855225410394,156.5910733752087,0.002,0.0
426,311_total,400,0.3988456295353799,-7.395902669920864e-05,0.0,0.0,180.9913375247715,182.03698093918734,0.002,0.0
427,311_total_not_parking_meter,10,0.04656102867113643,-7.395902669920864e-05,1.6125723076084064,1.6107686034305289,0.2452199192825149,0.24638489013021297,0.198,0.7765555259494041
428,311_total_not_parking_meter,50,0.2576235242574389,-7.395902669920864e-05,0.0,0.0,12.597694615511962,12.65745922115991,0.002,0.0
429,311_total_not_parking_meter,100,0.42684328822496703,-7.395902669920864e-05,0.0,0.0,56.20823329939063,56.47259033241081,0.002,0.0
430,311_total_not_parking_meter,150,0.5182674150106368,-7.395902669920864e-05,0.0,0.0,102.57057631209973,103.04679332482537,0.002,0.0
431,311_total_not_parking_meter,200,0.4572662436996791,-7.395902669920864e-05,0.0,0.0,116.68599882724686,117.21936234012013,0.002,0.0
432,311_total_not_parking_meter,300,0.4066434600691464,-7.395902669920864e-05,0.0,0.0,146.15723883952026,146.79937372692612,0.002,0.0
433,311_total_not_parking_meter,400,0.3715721463779979,-7.395902669920864e-05,0.0,0.0,168.61725428306647,169.32223867559082,0.002,0.0
434,v0_total,10,0.6421653852367406,-7.395902669920864e-05,0.0014652181026377775,0.0010972116393208609,3.3770756235804735,3.4558277299690214,0.016,0.00014324303904733604
435,v0_total,50,0.629339197497604,-7.395902669920864e-05,0.0,0.0,30.769236206066825,31.486537895071102,0.002,0.0
436,v0_total,100,0.48901474067757317,-7.395902669920864e-05,0.0,0.0,64.39377165961066,65.89229394161832,0.002,0.0
437,v0_total,150,0.48908686558253417,-7.395902669920864e-05,0.0,0.0,96.79626246824941,99.04272312153022,0.002,0.0
438,v0_total,200,0.44392624621694216,-7.395902669920864e-05,0.0,0.0,113.28242546687598,115.90290398057921,0.002,0.0
439,v0_total,300,0.38212216764477913,-7.395902669920864e-05,0.0,0.0,137.34531138018176,140.49666766793624,0.002,0.0
440,v0_total,400,0.3447537797208045,-7.395902669920864e-05,0.0,0.0,156.44965913184512,160.00422999792934,0.002,0.0
441,crime_total,10,0.33326033220547513,-7.395902669920864e-05,0.15928445767878197,0.14483225146561862,1.7527657243027799,1.7964931212579853,0.08,0.06693406595496709
442,crime_total,50,0.6790929820387158,-7.395902669920864e-05,0.0,0.0,33.201479531174556,34.02953371098208,0.002,0.0
443,crime_total,100,0.8177008244405045,-7.395902669920864e-05,0.0,0.0,107.66881898399066,110.34968612921722,0.002,0.0
444,crime_total,150,0.8448863246544467,-7.395902669920864e-05,0.0,0.0,167.20267298548262,171.3552945217463,0.002,0.0
445,crime_total,200,0.8090475417446401,-7.395902669920864e-05,0.0,0.0,206.43964805034005,211.55101650748404,0.002,0.0
446,crime_total,300,0.7421045870114036,-7.395902669920864e-05,0.0,0.0,266.7079449314072,273.26128938765333,0.002,0.0
447,crime_total,400,0.6850623095954999,-7.395902669920864e-05,0.0,0.0,310.8489359763934,318.4167436626894,0.002,0.0
448,moving_total,10,0.026925558453585213,-7.395902669920864e-05,1.7742057006078253,1.774172372989066,0.14197107845467433,0.14199217501498368,0.006,0.07208170156280724
449,moving_total,50,0.07061698921852619,-7.395902669920864e-05,0.0010974506547656304,0.001095452626104887,3.4557690153783738,3.4562602017218125,0.022,0.0020820704312252136
450,moving_total,100,0.04716482401747378,-7.395902669920864e-05,9.975322790012342e-10,9.935363642910033e-10,6.219492314305441,6.220122101217334,0.006,0.0
451,moving_total,150,0.04602580223256878,-7.395902669920864e-05,0.0,0.0,9.122326167759736,9.122705447821726,0.004,6.661338147750939e-16
452,moving_total,200,0.04055655361673098,-7.395902669920864e-05,0.0,0.0,10.36648849674436,10.366184226144174,0.002,0.0
453,moving_total,300,0.03364546625096306,-7.395902669920864e-05,0.0,0.0,12.117351906870864,12.114875083570661,0.004,0.0
454,moving_total,400,0.03014182731797564,-7.395902669920864e-05,0.0,0.0,13.70901741024528,13.703342447360297,0.002,0.0
455,parking_total,10,0.014664677336395301,-7.395902669920864e-05,1.8764517301788048,1.8756013930213369,0.07749990720937003,0.07803439077100255,0.708,0.9691757802209127
456,parking_total,50,0.09361691582593416,-7.395902669920864e-05,9.293558064449314e-06,7.988143855275354e-06,4.580134096040953,4.6116905994470105,0.006,9.977666716620703e-06
457,parking_total,100,0.3521270467928617,-7.395902669920864e-05,0.0,0.0,46.37103895621226,46.68863083080659,0.002,0.0
458,parking_total,150,0.3763945672041944,-7.395902669920864e-05,0.0,0.0,74.49645278767231,75.00215441618991,0.002,0.0
459,parking_total,200,0.3735065081637546,-7.395902669920864e-05,0.0,0.0,95.3154997015384,95.9556308596369,0.002,0.0
460,parking_total,300,0.34896426274866305,-7.395902669920864e-05,0.0,0.0,125.42974642578848,126.24971866454587,0.002,0.0
461,parking_total,400,0.3305280195206934,-7.395902669920864e-05,0.0,0.0,149.99537751783484,150.94386615984226,0.002,0.0
