,column,db_b,I,EI,p_norm,p_rand,z_norm,z_rand,p_sim,p_z_sim
0,SHAPE_Length,10,0.6628190543605786,-7.395902669920864e-05,0.0009749344558191986,0.0009496100259074325,3.4875502959503586,3.494581841503895,0.008,0.002307897883544463
1,SHAPE_Length,50,0.4333019489380179,-7.395902669920864e-05,0.0,0.0,21.31453622721381,21.357369328061754,0.002,0.0
2,SHAPE_Length,100,0.17356764735076208,-7.395902669920864e-05,0.0,0.0,23.216569306621277,23.26224254132281,0.002,0.0
3,SHAPE_Length,150,0.11773038253141462,-7.395902669920864e-05,0.0,0.0,24.353315624769472,24.399561742824773,0.002,0.0
4,SHAPE_Length,200,0.09839094043242262,-7.395902669920864e-05,0.0,0.0,27.110474769315548,27.159491612894985,0.002,0.0
5,SHAPE_Length,300,0.0866011994445025,-7.395902669920864e-05,0.0,0.0,35.614624267155634,35.6699115693017,0.002,0.0
6,SHAPE_Length,400,0.07492436317399358,-7.395902669920864e-05,0.0,0.0,40.75766903451955,40.806783555386865,0.002,0.0
7,DIRECTIONALITY_Bi-direction,10,0.6564441429539798,-7.395902669920864e-05,0.0011046288241374214,0.00014623979628503037,3.4540112123972904,3.965898752921475,0.01,0.0006220551539315444
8,DIRECTIONALITY_Bi-direction,50,0.3566912110106206,-7.395902669920864e-05,0.0,0.0,17.54662407765326,20.146818148122748,0.002,0.0
9,DIRECTIONALITY_Bi-direction,100,0.30088836574854194,-7.395902669920864e-05,0.0,0.0,40.239852749560846,46.20116283056007,0.002,0.0
10,DIRECTIONALITY_Bi-direction,150,0.27547730058207287,-7.395902669920864e-05,0.0,0.0,56.96383263383236,65.39720774700506,0.002,0.0
11,DIRECTIONALITY_Bi-direction,200,0.25354184855981116,-7.395902669920864e-05,0.0,0.0,69.82838544945788,80.15682861790242,0.002,0.0
12,DIRECTIONALITY_Bi-direction,300,0.22123828887401947,-7.395902669920864e-05,0.0,0.0,90.93669620832043,104.35230546586322,0.002,0.0
13,DIRECTIONALITY_Bi-direction,400,0.19525248290113223,-7.395902669920864e-05,0.0,0.0,106.14971428935935,121.75407242746746,0.002,0.0
14,DIRECTIONALITY_one-way,10,0.5368235308355066,-7.395902669920864e-05,0.009465733416738509,0.0029831808639273483,2.8246745128538664,3.1763147055242116,0.026,0.005744406955956904
15,DIRECTIONALITY_one-way,50,0.3318002448740243,-7.395902669920864e-05,0.0,0.0,16.322422663365074,18.35418529253449,0.002,0.0
16,DIRECTIONALITY_one-way,100,0.2871335424436291,-7.395902669920864e-05,0.0,0.0,38.40077849068386,43.179122592687776,0.002,0.0
17,DIRECTIONALITY_one-way,150,0.2673745262790143,-7.395902669920864e-05,0.0,0.0,55.28877195755574,62.163490709123415,0.002,0.0
18,DIRECTIONALITY_one-way,200,0.24475979454350916,-7.395902669920864e-05,0.0,0.0,67.41041056562058,75.78373608748217,0.002,0.0
19,DIRECTIONALITY_one-way,300,0.2102623916748534,-7.395902669920864e-05,0.0,0.0,86.42672516658179,97.1309001628188,0.002,0.0
20,DIRECTIONALITY_one-way,400,0.18625169423748963,-7.395902669920864e-05,0.0,0.0,101.25825599218946,113.74956461500645,0.002,0.0
21,STREETTYPE_AVE,10,-0.4798761092138755,-7.395902669920864e-05,0.023186456858833575,0.007749324039351723,-2.5242898885484313,-2.8881896307950607,0.004,0.013686271603680534
22,STREETTYPE_AVE,50,0.0976118643066129,-7.395902669920864e-05,3.1037234036190853e-06,7.726975859156937e-08,4.804438784106576,5.496980778246857,0.002,1.3431898202576065e-06
23,STREETTYPE_AVE,100,0.16869085506701176,-7.395902669920864e-05,0.0,0.0,22.5645228967098,25.816138388975993,0.002,0.0
24,STREETTYPE_AVE,150,0.18091034575226522,-7.395902669920864e-05,0.0,0.0,37.41430781850519,42.802242614097985,0.002,0.0
25,STREETTYPE_AVE,200,0.15524010056892137,-7.395902669920864e-05,0.0,0.0,42.76283139592408,48.9152344437566,0.002,0.0
26,STREETTYPE_AVE,300,0.11299535948368336,-7.395902669920864e-05,0.0,0.0,46.45992422648512,53.126543413341615,0.002,0.0
27,STREETTYPE_AVE,400,0.08393443767181163,-7.395902669920864e-05,0.0,0.0,45.654173697327074,52.18152196211346,0.002,0.0
28,STREETTYPE_BLVD,10,0.005128967516539064,-7.395902669920864e-05,1.956324231368518,1.9562112457764664,0.027373147158329763,0.02744397697798123,0.522,0.5866133857765234
29,STREETTYPE_BLVD,50,-0.00144349988054293,-7.395902669920864e-05,1.8925941665019352,1.892317379974782,-0.06735752405110139,-0.06753136922518874,0.212,0.9383126536759681
30,STREETTYPE_BLVD,100,0.11599800434627536,-7.395902669920864e-05,0.0,0.0,15.519280421458108,15.558677989707594,0.002,0.0
31,STREETTYPE_BLVD,150,0.18547979444235124,-7.395902669920864e-05,0.0,0.0,38.35893536541066,38.45369040553524,0.002,0.0
32,STREETTYPE_BLVD,200,0.19270609074202558,-7.395902669920864e-05,0.0,0.0,53.07839345788553,53.204674507756835,0.002,0.0
33,STREETTYPE_BLVD,300,0.19554495051312565,-7.395902669920864e-05,0.0,0.0,80.37936227282881,80.55001083314815,0.002,0.0
34,STREETTYPE_BLVD,400,0.15898006678613769,-7.395902669920864e-05,0.0,0.0,86.43755156735563,86.59098710127162,0.002,0.0
35,STREETTYPE_CIR,10,0.010839500635419004,-7.395902669920864e-05,1.9084262557137683,1.907920979209515,0.05741686623000565,0.057734026571422244,0.856,0.949012338061024
36,STREETTYPE_CIR,50,2.0974348043267197,-7.395902669920864e-05,0.0,0.0,103.16084881911503,103.7299947412794,0.002,0.0
37,STREETTYPE_CIR,100,0.5240711638768382,-7.395902669920864e-05,0.0,0.0,70.0802752663144,70.46394538474624,0.002,0.0
38,STREETTYPE_CIR,150,0.3332895510848454,-7.395902669920864e-05,0.0,0.0,68.91517470536135,69.28771792701617,0.002,0.0
39,STREETTYPE_CIR,200,0.2532126295884449,-7.395902669920864e-05,0.0,0.0,69.73774114203633,70.10832427008683,0.002,0.0
40,STREETTYPE_CIR,300,0.13387879539412012,-7.395902669920864e-05,0.0,0.0,55.04088025213285,55.31914437887688,0.002,0.0
41,STREETTYPE_CIR,400,0.08092243866426974,-7.395902669920864e-05,0.0,0.0,44.01730963051252,44.22439214663506,0.002,0.0
42,STREETTYPE_CRES,10,0.0025207591933570582,-7.395902669920864e-05,1.9782166932143719,1.9781891196799029,0.013651087149078547,0.013668367911479427,0.286,0.6913926160678179
43,STREETTYPE_CRES,50,3.0179537167235635,-7.395902669920864e-05,0.0,0.0,148.43432467581945,148.62124875932633,0.002,0.0
44,STREETTYPE_CRES,100,1.0112114529837408,-7.395902669920864e-05,0.0,0.0,135.2128579464867,135.37741356636982,0.002,0.0
45,STREETTYPE_CRES,150,0.8566668337773335,-7.395902669920864e-05,0.0,0.0,177.11129029552123,177.3147621334244,0.002,0.0
46,STREETTYPE_CRES,200,0.8114607316745063,-7.395902669920864e-05,0.0,0.0,223.44095081123993,223.67737633798896,0.002,0.0
47,STREETTYPE_CRES,300,0.6932888670218351,-7.395902669920864e-05,0.0,0.0,284.9011985220242,285.1299805838631,0.002,0.0
48,STREETTYPE_CRES,400,0.558383318633879,-7.395902669920864e-05,0.0,0.0,303.492347894129,303.6308823379224,0.002,0.0
49,STREETTYPE_CT,10,0.005577452219825981,-7.395902669920864e-05,1.9525605088640585,1.9524269564735328,0.02973267264447892,0.029816401299529505,0.538,0.969721707509045
50,STREETTYPE_CT,50,1.3203427858809407,-7.395902669920864e-05,0.0,0.0,64.94147465771205,65.12392162964667,0.002,0.0
51,STREETTYPE_CT,100,0.44195155780845063,-7.395902669920864e-05,0.0,0.0,59.10055925530989,59.26409594349978,0.002,0.0
52,STREETTYPE_CT,150,0.3507001897261157,-7.395902669920864e-05,0.0,0.0,72.51442047552253,72.71011174807764,0.002,0.0
53,STREETTYPE_CT,200,0.30721093424842216,-7.395902669920864e-05,0.0,0.0,84.60516785055474,84.82577695247932,0.002,0.0
54,STREETTYPE_CT,300,0.2497951053910145,-7.395902669920864e-05,0.0,0.0,102.67062676533,102.91202954438323,0.002,0.0
55,STREETTYPE_CT,400,0.2038124075433431,-7.395902669920864e-05,0.0,0.0,110.80158602849055,111.02352814745826,0.002,0.0
56,STREETTYPE_DR,10,-0.017092019258452648,-7.395902669920864e-05,1.857315360633743,1.8557301709876306,-0.08953381586340281,-0.09053122042846036,0.804,0.9264517255057321
57,STREETTYPE_DR,50,0.2275604160418145,-7.395902669920864e-05,0.0,0.0,11.195641116146279,11.320282357842522,0.002,0.0
58,STREETTYPE_DR,100,0.2179795130207889,-7.395902669920864e-05,0.0,0.0,29.15461133972221,29.47795329254652,0.002,0.0
59,STREETTYPE_DR,150,0.23274985077277585,-7.395902669920864e-05,0.0,0.0,48.13092327510561,48.6613611155972,0.002,0.0
60,STREETTYPE_DR,200,0.2257068610131771,-7.395902669920864e-05,0.0,0.0,62.16454044750854,62.843833180208904,0.002,0.0
61,STREETTYPE_DR,300,0.19648308225603892,-7.395902669920864e-05,0.0,0.0,80.7648384591579,81.62616393607136,0.002,0.0
62,STREETTYPE_DR,400,0.16608567463456236,-7.395902669920864e-05,0.0,0.0,90.29907812524579,91.22984869092157,0.002,0.0
63,STREETTYPE_LN,10,0.006925310894333161,-7.395902669920864e-05,1.9412508354139222,1.941045019776746,0.036823899772001074,0.036952963378164366,0.626,0.5518600719966764
64,STREETTYPE_LN,50,0.10996904889474639,-7.395902669920864e-05,1.2451246123035276e-07,1.1199677230067095e-07,5.412196746027208,5.431129791136795,0.006,1.999224030768687e-08
65,STREETTYPE_LN,100,0.13098646866148145,-7.395902669920864e-05,0.0,0.0,17.523297360908458,17.58385603824506,0.002,0.0
66,STREETTYPE_LN,150,0.1366621804626413,-7.395902669920864e-05,0.0,0.0,28.26702580102881,28.362775799658138,0.002,0.0
67,STREETTYPE_LN,200,0.10881523452143194,-7.395902669920864e-05,0.0,0.0,29.98060984730177,30.07942635644099,0.002,0.0
68,STREETTYPE_LN,300,0.09232749750288753,-7.395902669920864e-05,0.0,0.0,37.96754703520441,38.08293824294172,0.002,0.0
69,STREETTYPE_LN,400,0.07348503857757875,-7.395902669920864e-05,0.0,0.0,39.97547132912372,40.08301766830159,0.002,0.0
70,STREETTYPE_OTHER,10,0.0013329383886255927,-7.395902669920864e-05,1.9881884862167225,1.9881805966889337,0.007401836190904668,0.0074067803547887235,0.124,0.9657747118597577
71,STREETTYPE_OTHER,50,0.22544175330305755,-7.395902669920864e-05,0.0,0.0,11.091439860680643,11.098775771307247,0.012,1.7763568394002505e-15
72,STREETTYPE_OTHER,100,0.05071329481014477,-7.395902669920864e-05,2.2355894913062002e-11,2.1713741915618812e-11,6.790456637638568,6.794660728716993,0.012,8.893108471852429e-12
73,STREETTYPE_OTHER,150,0.08034832162125861,-7.395902669920864e-05,0.0,0.0,16.625441456394363,16.63460279595932,0.002,0.0
74,STREETTYPE_OTHER,200,0.048115559753579555,-7.395902669920864e-05,0.0,0.0,13.268085787063443,13.274195464779897,0.002,0.0
75,STREETTYPE_OTHER,300,0.02160537572290131,-7.395902669920864e-05,0.0,0.0,8.907989037313937,8.909822723253155,0.002,0.0
76,STREETTYPE_OTHER,400,0.015888704758195475,-7.395902669920864e-05,0.0,0.0,8.674873628680173,8.673658422495102,0.002,0.0
77,STREETTYPE_PKWY,10,0.003711401425178145,-7.395902669920864e-05,1.9682220682307707,1.9681627233533052,0.01991518193375639,0.01995237821005084,0.334,0.6779258378432811
78,STREETTYPE_PKWY,50,-0.0011728389710514305,-7.395902669920864e-05,1.9137974637826463,1.9136371864214394,-0.05404572786072137,-0.05414631387090654,0.27,0.9403358729489084
79,STREETTYPE_PKWY,100,0.07872938302367885,-7.395902669920864e-05,0.0,0.0,10.536318400147328,10.555482135021315,0.002,0.0
80,STREETTYPE_PKWY,150,0.11621022763423841,-7.395902669920864e-05,0.0,0.0,24.0390588535858,24.08114039867637,0.002,0.0
81,STREETTYPE_PKWY,200,0.10052969062974226,-7.395902669920864e-05,0.0,0.0,27.699339771776394,27.745311351039167,0.002,0.0
82,STREETTYPE_PKWY,300,0.0790935707790357,-7.395902669920864e-05,0.0,0.0,32.529756829079176,32.575432277456656,0.002,0.0
83,STREETTYPE_PKWY,400,0.06108785146630849,-7.395902669920864e-05,0.0,0.0,33.238247956472094,33.27337843036914,0.002,0.0
84,STREETTYPE_PL,10,0.08592997108898166,-7.395902669920864e-05,1.3018525341035914,1.269326242474039,0.4524757779466941,0.47517377003714806,0.346,0.6354701017468365
85,STREETTYPE_PL,50,0.11801566403160742,-7.395902669920864e-05,1.2648488922906154e-08,2.131342657918367e-09,5.807949870944882,6.099250226529771,0.002,3.3826283996063466e-09
86,STREETTYPE_PL,100,0.13587732821223136,-7.395902669920864e-05,0.0,0.0,18.17722462003611,19.088132789328334,0.002,0.0
87,STREETTYPE_PL,150,0.12760614935243197,-7.395902669920864e-05,0.0,0.0,26.39490138678672,27.71559062344221,0.002,0.0
88,STREETTYPE_PL,200,0.12767365955896434,-7.395902669920864e-05,0.0,0.0,35.17292567738397,36.92915590782303,0.002,0.0
89,STREETTYPE_PL,300,0.09798587267406304,-7.395902669920864e-05,0.0,0.0,40.292560444334484,42.29255905209318,0.002,0.0
90,STREETTYPE_PL,400,0.07952951112900006,-7.395902669920864e-05,0.0,0.0,43.26032630334329,45.39032500848962,0.002,0.0
91,STREETTYPE_RD,10,0.19984462331848088,-7.395902669920864e-05,0.5857892291045181,0.5420543344497668,1.0517928186649526,1.1007001815406001,0.27,0.26952171719242424
92,STREETTYPE_RD,50,0.22361319466930557,-7.395902669920864e-05,0.0,0.0,11.001506667518774,11.512973972419209,0.002,0.0
93,STREETTYPE_RD,100,0.24751882585371143,-7.395902669920864e-05,0.0,0.0,33.104134256278975,34.641750150081855,0.002,0.0
94,STREETTYPE_RD,150,0.25606549597458395,-7.395902669920864e-05,0.0,0.0,52.950892209057564,55.40631441252445,0.002,0.0
95,STREETTYPE_RD,200,0.24023250976191868,-7.395902669920864e-05,0.0,0.0,66.16390708550715,69.2251986213353,0.002,0.0
96,STREETTYPE_RD,300,0.2008979962025021,-7.395902669920864e-05,0.0,0.0,82.57891649660797,86.37564632262863,0.002,0.0
97,STREETTYPE_RD,400,0.16611699348189288,-7.395902669920864e-05,0.0,0.0,90.31609828218508,94.43279926188706,0.002,0.0
98,STREETTYPE_ST,10,-0.49996374227961704,-7.395902669920864e-05,0.0170783273513536,9.09984346122133e-13,-2.6299730519376348,-7.238106480951924,0.008,0.007207827885502377
99,STREETTYPE_ST,50,0.13283851736678862,-7.395902669920864e-05,1.2555068096276045e-10,0.0,6.536975731858957,17.988849354032553,0.002,1.3452572389383022e-11
100,STREETTYPE_ST,100,0.2266833182536752,-7.395902669920864e-05,0.0,0.0,30.318344511951526,83.4362394897487,0.002,0.0
101,STREETTYPE_ST,150,0.2588881332751579,-7.395902669920864e-05,0.0,0.0,53.534407011364024,147.26792581954678,0.002,0.0
102,STREETTYPE_ST,200,0.2359488862237806,-7.395902669920864e-05,0.0,0.0,64.98449118715291,178.64613762525164,0.002,0.0
103,STREETTYPE_ST,300,0.19605249579440553,-7.395902669920864e-05,0.0,0.0,80.58791146743292,221.11486244972477,0.002,0.0
104,STREETTYPE_ST,400,0.16562645478122726,-7.395902669920864e-05,0.0,0.0,90.0495161317624,246.42880075732705,0.002,0.0
105,STREETTYPE_TER,10,0.00963189725976256,-7.395902669920864e-05,1.9185497825376334,1.918151190005588,0.05106353707264919,0.05131364536232065,0.834,0.8972029297945354
106,STREETTYPE_TER,50,0.06617601565000246,-7.395902669920864e-05,0.0022412949669869953,0.0021186265048580566,3.258343298154726,3.2742807037297417,0.022,0.0005017225521506408
107,STREETTYPE_TER,100,0.17542420822761817,-7.395902669920864e-05,0.0,0.0,23.46479883621797,23.57857774558905,0.002,0.0
108,STREETTYPE_TER,150,0.15766373175211784,-7.395902669920864e-05,0.0,0.0,32.608609484598745,32.76448272624722,0.002,0.0
109,STREETTYPE_TER,200,0.1277225768718794,-7.395902669920864e-05,0.0,0.0,35.18639414772063,35.35136292407286,0.002,0.0
110,STREETTYPE_TER,300,0.10640293804463916,-7.395902669920864e-05,0.0,0.0,43.751113343372516,43.94495459886225,0.002,0.0
111,STREETTYPE_TER,400,0.07972126468703798,-7.395902669920864e-05,0.0,0.0,43.364534341941635,43.54146958595038,0.002,0.0
112,STREETTYPE_WAY,10,0.001778041191287598,-7.395902669920864e-05,1.9844517592501831,1.9844378948743535,0.009743569139967007,0.009752257761877839,0.16,0.7745941021955511
113,STREETTYPE_WAY,50,0.7525551133610412,-7.395902669920864e-05,0.0,0.0,37.01622386994539,37.0489891080096,0.002,0.0
114,STREETTYPE_WAY,100,0.28191633859311055,-7.395902669920864e-05,0.0,0.0,37.703217708396274,37.73499663876283,0.002,0.0
115,STREETTYPE_WAY,150,0.22507613985600183,-7.395902669920864e-05,0.0,0.0,46.54456150356388,46.58062229336822,0.002,0.0
116,STREETTYPE_WAY,200,0.20354011337657643,-7.395902669920864e-05,0.0,0.0,56.061339653916754,56.09969314301886,0.002,0.0
117,STREETTYPE_WAY,300,0.14248188544911025,-7.395902669920864e-05,0.0,0.0,58.575870268295084,58.60101872459913,0.002,0.0
118,STREETTYPE_WAY,400,0.12845393253799892,-7.395902669920864e-05,0.0,0.0,69.84819276464019,69.85400183622994,0.002,0.0
119,SEGMENTTYPE_1,10,7.395902669920864e-05,-7.395902669920864e-05,1.9987581525955003,1.9987581067360267,0.0007782125327736208,0.000778241270945466,0.01,0.9497791797525512
120,SEGMENTTYPE_1,50,-0.0005343584666260342,-7.395902669920864e-05,1.9638690937307715,1.9638679958793928,-0.022643622686354323,-0.022644310839083356,0.24,0.08562771581409061
121,SEGMENTTYPE_1,100,-0.0001053250136139235,-7.395902669920864e-05,1.9933077525487903,1.9933078320941287,-0.0041937564634887846,-0.004193706615401833,0.538,0.596865314802945
122,SEGMENTTYPE_1,150,-8.11932606074748e-05,-7.395902669920864e-05,1.9976135120638578,1.9976137026333531,-0.0014955100919137655,-0.0014953906700589123,0.72,0.7551659426021196
123,SEGMENTTYPE_1,200,-8.554382106615641e-05,-7.395902669920864e-05,1.9949100521643663,1.9949109187205067,-0.0031896571988400155,-0.0031891141625473175,0.36,0.5266278461163367
124,SEGMENTTYPE_1,300,-6.585986138844342e-05,-7.395902669920864e-05,1.9946894042762082,1.994691658077611,0.0033279284919487365,0.0033265161235505915,0.35,0.5157172808913213
125,SEGMENTTYPE_1,400,-7.20620782011893e-05,-7.395902669920864e-05,1.9983549340596696,1.9983562002199378,0.001030892382511019,0.0010300989338077997,0.706,0.7930482980613514
126,SEGMENTTYPE_2,10,2.187924195463699,-7.395902669920864e-05,0.0,0.0,11.511289841840227,11.614430313363497,0.006,0.0
127,SEGMENTTYPE_2,50,0.6717188283314475,-7.395902669920864e-05,0.0,0.0,33.0404885000943,33.336302091306024,0.002,0.0
128,SEGMENTTYPE_2,100,0.4425353110765904,-7.395902669920864e-05,0.0,0.0,59.17860937526946,59.705930418451615,0.002,0.0
129,SEGMENTTYPE_2,150,0.37467120951574684,-7.395902669920864e-05,0.0,0.0,77.46987290675997,78.15479800362274,0.002,0.0
130,SEGMENTTYPE_2,200,0.3439413862943161,-7.395902669920864e-05,0.0,0.0,94.7182131989549,95.54684412357678,0.002,0.0
131,SEGMENTTYPE_2,300,0.2910861487454792,-7.395902669920864e-05,0.0,0.0,119.63702198867071,120.65242372192692,0.002,0.0
132,SEGMENTTYPE_2,400,0.25024199361611293,-7.395902669920864e-05,0.0,0.0,136.03363985363882,137.13996100221692,0.002,0.0
133,SEGMENTTYPE_3,10,7.395902669920864e-05,-7.395902669920864e-05,1.9987581525955003,1.9987581067360267,0.0007782125327736208,0.000778241270945466,0.012,0.9437701269617327
134,SEGMENTTYPE_3,50,-0.0005343584666260342,-7.395902669920864e-05,1.9638690937307715,1.9638679958793928,-0.022643622686354323,-0.022644310839083356,0.226,0.07312952100321671
135,SEGMENTTYPE_3,100,-6.395177354166227e-05,-7.395902669920864e-05,1.9978648466905748,1.9978648720695507,0.0013380093132519936,0.0013379934093231008,0.536,0.8610443227095512
136,SEGMENTTYPE_3,150,-5.719295482694442e-05,-7.395902669920864e-05,1.99446908082178,1.994469522483783,0.0034659965387727055,0.0034657197664942616,0.254,0.5144783427049862
137,SEGMENTTYPE_3,200,-7.790234784247608e-05,-7.395902669920864e-05,1.9982674419266095,1.99826773689296,-0.00108571997685574,-0.0010855351339982208,0.822,0.8185943511374242
138,SEGMENTTYPE_3,300,-5.960476454857734e-05,-7.395902669920864e-05,1.9905879953055465,1.9905919897014526,0.005898133469197444,0.005895630309246716,0.166,0.21549881163318618
139,SEGMENTTYPE_3,400,-6.833796067557064e-05,-7.395902669920864e-05,1.995125322838292,1.9951290747277435,0.003054755651727158,0.0030524044927200352,0.426,0.5872260319508675
140,elevation_diff,10,0.4072403719083163,-7.395902669920864e-05,0.0642384350507541,0.057329604859977845,2.1429238002352107,2.188065899316767,0.056,0.03624496782736686
141,elevation_diff,50,0.27901923408388957,-7.395902669920864e-05,0.0,0.0,13.726517478236783,14.015574719604265,0.002,0.0
142,elevation_diff,100,0.29434943872186503,-7.395902669920864e-05,0.0,0.0,39.36557235286965,40.192870062619065,0.002,0.0
143,elevation_diff,150,0.27394956411082544,-7.395902669920864e-05,0.0,0.0,56.648008548033225,57.834454257351645,0.002,0.0
144,elevation_diff,200,0.2499368602069862,-7.395902669920864e-05,0.0,0.0,68.83581910023298,70.27091121370884,0.002,0.0
145,elevation_diff,300,0.2161788811368507,-7.395902669920864e-05,0.0,0.0,88.85779714713814,90.68626765986028,0.002,0.0
146,elevation_diff,400,0.19669844844646475,-7.395902669920864e-05,0.0,0.0,106.93552100346525,109.0966717130016,0.002,0.0
147,d_auth_score_SgAsNd,10,0.04243996777473694,-7.395902669920864e-05,1.6460277649688444,1.645934242179833,0.22367026805838128,0.22373035966811974,0.028,0.14149421779527094
148,d_auth_score_SgAsNd,50,0.11656344791918577,-7.395902669920864e-05,1.9327625278009464e-08,1.915685343689688e-08,5.736526166098615,5.738029795748918,0.01,3.5083047578154947e-14
149,d_auth_score_SgAsNd,100,0.7934704789088672,-7.395902669920864e-05,0.0,0.0,106.10002882123914,106.1233533269447,0.002,0.0
150,d_auth_score_SgAsNd,150,0.61189253209683,-7.395902669920864e-05,0.0,0.0,126.50987996704704,126.52908777177261,0.002,0.0
151,d_auth_score_SgAsNd,200,0.4925340308745968,-7.395902669920864e-05,0.0,0.0,135.6304282515076,135.6387520359749,0.002,0.0
152,d_auth_score_SgAsNd,300,0.3308238474396972,-7.395902669920864e-05,0.0,0.0,135.96515144581195,135.93891621789686,0.002,0.0
153,d_auth_score_SgAsNd,400,0.2224708068807875,-7.395902669920864e-05,0.0,0.0,120.94145106273038,120.87632771659439,0.002,0.0
154,d_btw_cntr_SgAsNd,10,0.013519296899044747,-7.395902669920864e-05,1.8859748855846798,1.885624295925322,0.07151555796992676,0.07173582173750744,0.596,0.9827739320479496
155,d_btw_cntr_SgAsNd,50,0.12605983186800557,-7.395902669920864e-05,1.1038405745011914e-09,9.776663922878015e-10,6.203582631362786,6.222648035413248,0.004,2.6712920764282444e-10
156,d_btw_cntr_SgAsNd,100,0.14897328504819313,-7.395902669920864e-05,0.0,0.0,19.9282058270269,19.988607656947732,0.002,0.0
157,d_btw_cntr_SgAsNd,150,0.16301234786004973,-7.395902669920864e-05,0.0,0.0,33.714311825525925,33.81419007114761,0.002,0.0
158,d_btw_cntr_SgAsNd,200,0.2040192509214973,-7.395902669920864e-05,0.0,0.0,56.193261246219826,56.354607679915595,0.002,0.0
159,d_btw_cntr_SgAsNd,300,0.18659836251164383,-7.395902669920864e-05,0.0,0.0,76.70322973651872,76.90379305654854,0.002,0.0
160,d_btw_cntr_SgAsNd,400,0.15284044434032729,-7.395902669920864e-05,0.0,0.0,83.10098759764944,83.28932300205041,0.002,0.0
161,d_clo_cntr_SgAsNd,10,1.2077733723678103,-7.395902669920864e-05,4.179048218588832e-10,6.855316314613447e-11,6.354612634311733,6.626918832293397,0.002,1.0676792783215205e-11
162,d_clo_cntr_SgAsNd,50,0.7657913041378467,-7.395902669920864e-05,0.0,0.0,37.66721360573269,39.28100904692904,0.002,0.0
163,d_clo_cntr_SgAsNd,100,0.7038569174155904,-7.395902669920864e-05,0.0,0.0,94.1183413407674,98.14667510592889,0.002,0.0
164,d_clo_cntr_SgAsNd,150,0.6703226789818965,-7.395902669920864e-05,0.0,0.0,138.58895778602286,144.51020350685155,0.002,0.0
165,d_clo_cntr_SgAsNd,200,0.6495491012086907,-7.395902669920864e-05,0.0,0.0,178.86160124896716,186.48520324456115,0.002,0.0
166,d_clo_cntr_SgAsNd,300,0.6234276575781544,-7.395902669920864e-05,0.0,0.0,256.1953874329976,267.04132632728874,0.002,0.0
167,d_clo_cntr_SgAsNd,400,0.5954447339963976,-7.395902669920864e-05,0.0,0.0,323.63329047754104,337.2073860018414,0.002,0.0
168,d_far_cntr_SgAsNd,10,0.002146808093043087,-7.395902669920864e-05,1.9813559511175836,1.9813503966876693,0.011683690835898484,0.011687171796319857,0.016,0.8231094715807277
169,d_far_cntr_SgAsNd,50,0.00041000318867410616,-7.395902669920864e-05,1.9620202913555769,1.9620092267056126,0.023802500283465207,0.023809435989615272,0.318,0.9841595302574768
170,d_far_cntr_SgAsNd,100,0.2712629685780148,-7.395902669920864e-05,0.0,0.0,36.27882001671116,36.287857261539806,0.002,0.0
171,d_far_cntr_SgAsNd,150,0.23225894273084796,-7.395902669920864e-05,0.0,0.0,48.0294394220516,48.03813725296056,0.002,0.0
172,d_far_cntr_SgAsNd,200,0.17574172554752185,-7.395902669920864e-05,0.0,0.0,48.407571702017265,48.411958807332574,0.002,0.0
173,d_far_cntr_SgAsNd,300,0.07878354629904223,-7.395902669920864e-05,0.0,0.0,32.402368479714276,32.3970635485248,0.002,0.0
174,d_far_cntr_SgAsNd,400,0.04921796050040572,-7.395902669920864e-05,0.0,0.0,26.78758248465665,26.773940493693026,0.004,0.0
175,d_hub_score_SgAsNd,10,0.03646137007803608,-7.395902669920864e-05,1.6951456619891192,1.6950682763095535,0.19221623287410064,0.19226563157889653,0.026,0.18720355234730057
176,d_hub_score_SgAsNd,50,0.1241809880088212,-7.395902669920864e-05,1.9779888837945236e-09,1.9591044342348596e-09,6.11117628212677,6.1127068222840535,0.01,9.25504117788023e-12
177,d_hub_score_SgAsNd,100,0.7578303682130281,-7.395902669920864e-05,0.0,0.0,101.3348051094352,101.35589993030443,0.002,0.0
178,d_hub_score_SgAsNd,150,0.5934528662280439,-7.395902669920864e-05,0.0,0.0,122.69790668169654,122.71510462963877,0.002,0.0
179,d_hub_score_SgAsNd,200,0.48176043337400254,-7.395902669920864e-05,0.0,0.0,132.66411898984143,132.67071381048868,0.002,0.0
180,d_hub_score_SgAsNd,300,0.31953168829299783,-7.395902669920864e-05,0.0,0.0,131.32522909357021,131.29835902885463,0.002,0.0
181,d_hub_score_SgAsNd,400,0.21645058376001078,-7.395902669920864e-05,0.0,0.0,117.66977438689786,117.60504314218625,0.002,0.0
182,d_in_deg_SgAsNd,10,0.8466876216451947,-7.395902669920864e-05,1.6786282427183608e-05,9.743127193928558e-08,4.454902286843643,5.455935643859999,0.002,5.891410991498702e-06
183,d_in_deg_SgAsNd,50,0.5276109085836576,-7.395902669920864e-05,0.0,0.0,25.95289221326342,31.78415063333184,0.002,0.0
184,d_in_deg_SgAsNd,100,0.47398871747986326,-7.395902669920864e-05,0.0,0.0,63.384054170012476,77.62285726739987,0.002,0.0
185,d_in_deg_SgAsNd,150,0.42994377188868577,-7.395902669920864e-05,0.0,0.0,88.89619335517835,108.8559727531678,0.002,0.0
186,d_in_deg_SgAsNd,200,0.3792959325114542,-7.395902669920864e-05,0.0,0.0,104.45242852304854,127.88782343452837,0.002,0.0
187,d_in_deg_SgAsNd,300,0.30442333393154786,-7.395902669920864e-05,0.0,0.0,125.11724086062269,153.1306302577912,0.002,0.0
188,d_in_deg_SgAsNd,400,0.25532997081595865,-7.395902669920864e-05,0.0,0.0,138.79868958650573,169.7870685764348,0.002,0.0
189,d_node_ecc_SgAsNd,10,1.4666676466545845,-7.395902669920864e-05,2.398081733190338e-14,2.6645352591003757e-15,7.7166828095500914,7.987850655829825,0.002,1.354472090042691e-14
190,d_node_ecc_SgAsNd,50,0.7883549408743764,-7.395902669920864e-05,0.0,0.0,38.776951004142965,40.13928428194762,0.002,0.0
191,d_node_ecc_SgAsNd,100,0.7159934422412351,-7.395902669920864e-05,0.0,0.0,95.74104269463302,99.10058211819421,0.002,0.0
192,d_node_ecc_SgAsNd,150,0.6804723118451059,-7.395902669920864e-05,0.0,0.0,140.6871590010548,145.6134265661757,0.002,0.0
193,d_node_ecc_SgAsNd,200,0.663507389085019,-7.395902669920864e-05,0.0,0.0,182.70475564584078,189.08401208684452,0.002,0.0
194,d_node_ecc_SgAsNd,300,0.636636321580585,-7.395902669920864e-05,0.0,0.0,261.62279724470244,270.6837735579467,0.002,0.0
195,d_node_ecc_SgAsNd,400,0.6099732366590306,-7.395902669920864e-05,0.0,0.0,331.5287724792072,342.88383283307826,0.002,0.0
196,d_out_deg_SgAsNd,10,0.9901771076641417,-7.395902669920864e-05,3.7805669927948315e-07,3.0578428678040837e-10,5.209815657968256,6.402461067871808,0.002,1.1039965364112447e-07
197,d_out_deg_SgAsNd,50,0.5166540376421158,-7.395902669920864e-05,0.0,0.0,25.4140052600934,31.231398110340553,0.002,0.0
198,d_out_deg_SgAsNd,100,0.46459626940125726,-7.395902669920864e-05,0.0,0.0,62.12824672659491,76.34704581877207,0.002,0.0
199,d_out_deg_SgAsNd,150,0.4215073945068703,-7.395902669920864e-05,0.0,0.0,87.15216797893476,107.08794741859731,0.002,0.0
200,d_out_deg_SgAsNd,200,0.36990568561626375,-7.395902669920864e-05,0.0,0.0,101.86699906617501,125.15179128812709,0.002,0.0
201,d_out_deg_SgAsNd,300,0.2978265906343652,-7.395902669920864e-05,0.0,0.0,122.40665413589119,150.32862885039341,0.002,0.0
202,d_out_deg_SgAsNd,400,0.24953238980222883,-7.395902669920864e-05,0.0,0.0,135.64800726155858,166.50330358472272,0.002,0.0
203,d_page_rank_SgAsNd,10,0.786117677336707,-7.395902669920864e-05,7.060938976088948e-05,6.972461638721228e-06,4.136237399851764,4.63987316357124,0.002,2.7235335908315506e-05
204,d_page_rank_SgAsNd,50,0.42278142178405864,-7.395902669920864e-05,0.0,0.0,20.797109778185852,23.329157511563935,0.002,0.0
205,d_page_rank_SgAsNd,100,0.3370621313754425,-7.395902669920864e-05,0.0,0.0,45.07642823558112,50.56253284547082,0.002,0.0
206,d_page_rank_SgAsNd,150,0.26889927246280426,-7.395902669920864e-05,0.0,0.0,55.603977870770585,62.36630110011028,0.002,0.0
207,d_page_rank_SgAsNd,200,0.20684250394745546,-7.395902669920864e-05,0.0,0.0,56.97059134403207,63.89188148975703,0.002,0.0
208,d_page_rank_SgAsNd,300,0.1277627462413012,-7.395902669920864e-05,0.0,0.0,52.52780965129313,58.89049929491117,0.002,0.0
209,d_page_rank_SgAsNd,400,0.08847181378550993,-7.395902669920864e-05,0.0,0.0,48.12000051185735,53.925283691570485,0.002,0.0
210,ud_art_pt_SgAsNd,10,-0.01982082157460255,-7.395902669920864e-05,1.8345127564813575,1.8337820823216737,-0.10389033363185703,-0.10435070447086267,0.698,0.9107895001953173
211,ud_art_pt_SgAsNd,50,0.2224506935488557,-7.395902669920864e-05,0.0,0.0,10.944331887401502,10.9927563041745,0.002,0.0
212,ud_art_pt_SgAsNd,100,0.08151754608908453,-7.395902669920864e-05,0.0,0.0,10.909106825666955,10.956913545117787,0.002,0.0
213,ud_art_pt_SgAsNd,150,0.07875616444557414,-7.395902669920864e-05,0.0,0.0,16.296299883928988,16.366594987392283,0.002,0.0
214,ud_art_pt_SgAsNd,200,0.07646121223960835,-7.395902669920864e-05,0.0,0.0,21.072532861742086,21.16150083879964,0.002,0.0
215,ud_art_pt_SgAsNd,300,0.060459073057825205,-7.395902669920864e-05,0.0,0.0,24.87288435888249,24.97149208612452,0.002,0.0
216,ud_art_pt_SgAsNd,400,0.053222873109130125,-7.395902669920864e-05,0.0,0.0,28.96404320842809,29.068736529315522,0.002,0.0
217,ud_auth_score_SgAsNd,10,0.0010815292668285967,-7.395902669920864e-05,1.990299145967069,1.9902970409448146,0.006079146195052374,0.006080465346508015,0.852,0.9007066788280937
218,ud_auth_score_SgAsNd,50,0.019732317622899766,-7.395902669920864e-05,0.6599905713792866,0.659787036801545,0.9741233728397892,0.9743283786059342,0.022,0.01229357430508049
219,ud_auth_score_SgAsNd,100,0.6954121979234718,-7.395902669920864e-05,0.0,0.0,92.98924895643665,93.00488717018509,0.002,0.0
220,ud_auth_score_SgAsNd,150,0.5681431239832847,-7.395902669920864e-05,0.0,0.0,117.46570442908158,117.47747149313759,0.002,0.0
221,ud_auth_score_SgAsNd,200,0.44520989943994443,-7.395902669920864e-05,0.0,0.0,122.60061074002422,122.60180374752545,0.002,0.0
222,ud_auth_score_SgAsNd,300,0.29438794732827667,-7.395902669920864e-05,0.0,0.0,120.9937234704595,120.96413369609382,0.002,0.0
223,ud_auth_score_SgAsNd,400,0.19326348654397008,-7.395902669920864e-05,0.0,0.0,105.06879870541938,105.0068063354547,0.002,0.0
224,ud_bridge_SgAsNd,10,0.00648824070033197,-7.395902669920864e-05,1.9449179276919049,1.9447612418898204,0.03452442722717671,0.0346226741939006,0.554,0.9951479411383275
225,ud_bridge_SgAsNd,50,0.3259667353129495,-7.395902669920864e-05,0.0,0.0,16.035515734331423,16.081041838183946,0.002,0.0
226,ud_bridge_SgAsNd,100,0.3682487077153337,-7.395902669920864e-05,0.0,0.0,49.24619679587302,49.38392684061941,0.002,0.0
227,ud_bridge_SgAsNd,150,0.21672433538342845,-7.395902669920864e-05,0.0,0.0,44.818019614981566,44.940297567780185,0.002,0.0
228,ud_bridge_SgAsNd,200,0.16576826079076723,-7.395902669920864e-05,0.0,0.0,45.661564077615985,45.78198153734058,0.002,0.0
229,ud_bridge_SgAsNd,300,0.14891437919158723,-7.395902669920864e-05,0.0,0.0,61.21896722686902,61.36472177092649,0.002,0.0
230,ud_bridge_SgAsNd,400,0.10488684586169851,-7.395902669920864e-05,0.0,0.0,57.04071266808391,57.15665733940673,0.002,0.0
231,ud_btw_cntr_SgAsNd,10,0.014752062932420243,-7.395902669920864e-05,1.8756540846697582,1.8752881342177634,0.07800127053245227,0.07823129672850843,0.542,0.8936229644491134
232,ud_btw_cntr_SgAsNd,50,0.09964379012915633,-7.395902669920864e-05,1.8745143028908728e-06,1.7414874458054896e-06,4.904374096060141,4.918804520655173,0.006,1.901798962755663e-08
233,ud_btw_cntr_SgAsNd,100,0.10263914722610554,-7.395902669920864e-05,0.0,0.0,13.733148407029043,13.772975118247087,0.002,0.0
234,ud_btw_cntr_SgAsNd,150,0.1203661619414985,-7.395902669920864e-05,0.0,0.0,24.898201891625572,24.968703162400494,0.002,0.0
235,ud_btw_cntr_SgAsNd,200,0.12614700323527198,-7.395902669920864e-05,0.0,0.0,34.75258931414968,34.84782549137287,0.002,0.0
236,ud_btw_cntr_SgAsNd,300,0.13181624442811496,-7.395902669920864e-05,0.0,0.0,54.1933827801722,54.32800048946002,0.002,0.0
237,ud_btw_cntr_SgAsNd,400,0.11072385151079123,-7.395902669920864e-05,0.0,0.0,60.21282022219322,60.341417315866444,0.002,0.0
238,ud_clo_cntr_SgAsNd,10,1.2717585064539914,-7.395902669920864e-05,4.425571020760799e-11,5.74473801862041e-12,6.691245196146133,6.983831279356374,0.002,4.611644399687975e-12
239,ud_clo_cntr_SgAsNd,50,0.7798473573197596,-7.395902669920864e-05,0.0,0.0,38.35852627275321,40.0355008790333,0.002,0.0
240,ud_clo_cntr_SgAsNd,100,0.7047042066873457,-7.395902669920864e-05,0.0,0.0,94.23162726636349,98.34725474260375,0.002,0.0
241,ud_clo_cntr_SgAsNd,150,0.6723045594150567,-7.395902669920864e-05,0.0,0.0,138.99866560392613,145.05900647032394,0.002,0.0
242,ud_clo_cntr_SgAsNd,200,0.6516225283195548,-7.395902669920864e-05,0.0,0.0,179.43248075713578,187.23732980017294,0.002,0.0
243,ud_clo_cntr_SgAsNd,300,0.6211588066543259,-7.395902669920864e-05,0.0,0.0,255.2631217804671,266.29263660880173,0.002,0.0
244,ud_clo_cntr_SgAsNd,400,0.595505782865878,-7.395902669920864e-05,0.0,0.0,323.6664673479589,337.5244456671725,0.002,0.0
245,ud_deg_cntr_SgAsNd,10,1.267652927336834,-7.395902669920864e-05,5.128431013190493e-11,1.745270594710746e-13,6.669645309926296,7.458838472420654,0.002,3.217626165508136e-11
246,ud_deg_cntr_SgAsNd,50,0.6196463048155219,-7.395902669920864e-05,0.0,0.0,30.479428532236092,34.08558521566154,0.002,0.0
247,ud_deg_cntr_SgAsNd,100,0.4696219004070027,-7.395902669920864e-05,0.0,0.0,62.800193462106904,70.22764775516394,0.002,0.0
248,ud_deg_cntr_SgAsNd,150,0.4275584155316721,-7.395902669920864e-05,0.0,0.0,88.40307624700075,98.85064057495732,0.002,0.0
249,ud_deg_cntr_SgAsNd,200,0.3835428582632993,-7.395902669920864e-05,0.0,0.0,105.62174036996058,118.09093182124869,0.002,0.0
250,ud_deg_cntr_SgAsNd,300,0.31636945526451127,-7.395902669920864e-05,0.0,0.0,130.025874778664,145.32986205845157,0.002,0.0
251,ud_deg_cntr_SgAsNd,400,0.2723768829748081,-7.395902669920864e-05,0.0,0.0,148.0627955483921,165.4181109455347,0.002,0.0
252,ud_eig_cntr_SgAsNd,10,0.0011003265137506128,-7.395902669920864e-05,1.990141336452051,1.990139197176048,0.00617804050038069,0.006179381118399345,0.37,0.8231535721770571
253,ud_eig_cntr_SgAsNd,50,0.019738419652539738,-7.395902669920864e-05,0.6596926254616884,0.6594890866355501,0.9744234862734859,0.9746285562836364,0.008,0.016841001045429627
254,ud_eig_cntr_SgAsNd,100,0.6954156819186923,-7.395902669920864e-05,0.0,0.0,92.98971478037245,93.0053531759688,0.002,0.0
255,ud_eig_cntr_SgAsNd,150,0.5681465514263103,-7.395902669920864e-05,0.0,0.0,117.46641297344154,117.47818023920837,0.002,0.0
256,ud_eig_cntr_SgAsNd,200,0.4452141675691247,-7.395902669920864e-05,0.0,0.0,122.60178588983993,122.60297904518801,0.002,0.0
257,ud_eig_cntr_SgAsNd,300,0.2943930112243858,-7.395902669920864e-05,0.0,0.0,120.99580421378246,120.9662140650798,0.002,0.0
258,ud_eig_cntr_SgAsNd,400,0.19326944969510723,-7.395902669920864e-05,0.0,0.0,105.07203936645445,105.01004520114098,0.002,0.0
259,ud_far_cntr_SgAsNd,10,1.1718258811089628,-7.395902669920864e-05,1.4053123109647458e-09,2.0336576866952782e-10,6.165489078554444,6.464427738865651,0.002,3.2344926736982416e-10
260,ud_far_cntr_SgAsNd,50,0.8878752698850753,-7.395902669920864e-05,0.0,0.0,43.67161547223674,45.78869871723587,0.002,0.0
261,ud_far_cntr_SgAsNd,100,0.8025555855648309,-7.395902669920864e-05,0.0,0.0,107.314743501301,112.51247955076852,0.002,0.0
262,ud_far_cntr_SgAsNd,150,0.7662224946768652,-7.395902669920864e-05,0.0,0.0,158.41402067493757,166.0746013757761,0.002,0.0
263,ud_far_cntr_SgAsNd,200,0.7539996427174679,-7.395902669920864e-05,0.0,0.0,207.6201109896961,217.63861247939303,0.002,0.0
264,ud_far_cntr_SgAsNd,300,0.7274665421890895,-7.395902669920864e-05,0.0,0.0,298.94472703557267,313.2824226724389,0.002,0.0
265,ud_far_cntr_SgAsNd,400,0.7057805775943283,-7.395902669920864e-05,0.0,0.0,383.5950558084384,401.83991041204956,0.002,0.0
266,ud_hub_score_SgAsNd,10,0.001084911695535106,-7.395902669920864e-05,1.9902707492785328,1.9902686380926164,0.006096941510432363,0.0060982645246050295,0.778,0.8757876432821734
267,ud_hub_score_SgAsNd,50,0.019733457585133674,-7.395902669920864e-05,0.6599349034306687,0.6597313680669048,0.974179439099786,0.9743844568571646,0.012,6.567991950956475e-05
268,ud_hub_score_SgAsNd,100,0.6954129334832916,-7.395902669920864e-05,0.0,0.0,92.98934730369278,93.00498555230767,0.002,0.0
269,ud_hub_score_SgAsNd,150,0.5681438399949886,-7.395902669920864e-05,0.0,0.0,117.4658524478964,117.47761954992741,0.002,0.0
270,ud_hub_score_SgAsNd,200,0.445210789413364,-7.395902669920864e-05,0.0,0.0,122.600855777617,122.6020488116554,0.002,0.0
271,ud_hub_score_SgAsNd,300,0.2943890030196884,-7.395902669920864e-05,0.0,0.0,120.99415725164472,120.96456739501313,0.002,0.0
272,ud_hub_score_SgAsNd,400,0.19326473357542573,-7.395902669920864e-05,0.0,0.0,105.06947640185116,105.00748365269573,0.002,0.0
273,ud_node_ecc_SgAsNd,10,1.5569309860961116,-7.395902669920864e-05,4.440892098500626e-16,0.0,8.191567790724049,8.561813086300637,0.002,6.661338147750939e-16
274,ud_node_ecc_SgAsNd,50,0.899842655337661,-7.395902669920864e-05,0.0,0.0,44.260202115117075,46.26032117342983,0.002,0.0
275,ud_node_ecc_SgAsNd,100,0.7939848133617976,-7.395902669920864e-05,0.0,0.0,106.16879737114118,110.96202291215796,0.002,0.0
276,ud_node_ecc_SgAsNd,150,0.766853275649483,-7.395902669920864e-05,0.0,0.0,158.5444200126282,165.69022153855244,0.002,0.0
277,ud_node_ecc_SgAsNd,200,0.75526212969595,-7.395902669920864e-05,0.0,0.0,207.96771324760462,217.31966425715993,0.002,0.0
278,ud_node_ecc_SgAsNd,300,0.7307266431001107,-7.395902669920864e-05,0.0,0.0,300.28429503945017,313.7004138577793,0.002,0.0
279,ud_node_ecc_SgAsNd,400,0.7121691990769903,-7.395902669920864e-05,0.0,0.0,387.0669377430819,404.207648719581,0.002,0.0
280,ud_page_rank_SgAsNd,10,1.0835511740096522,-7.395902669920864e-05,2.3812034566361717e-08,4.514566054325542e-09,5.701066502585505,5.978119382011232,0.004,8.790458583263216e-09
281,ud_page_rank_SgAsNd,50,0.27648216655990177,-7.395902669920864e-05,0.0,0.0,13.601738004673319,14.262621984173665,0.002,0.0
282,ud_page_rank_SgAsNd,100,0.22066376513122374,-7.395902669920864e-05,0.0,0.0,29.51350645972522,30.946250625073407,0.002,0.0
283,ud_page_rank_SgAsNd,150,0.18975673693853004,-7.395902669920864e-05,0.0,0.0,39.243094040216796,41.145160604299974,0.002,0.0
284,ud_page_rank_SgAsNd,200,0.16271699525318803,-7.395902669920864e-05,0.0,0.0,44.821454984676066,46.98923666382785,0.002,0.0
285,ud_page_rank_SgAsNd,300,0.1234331520296616,-7.395902669920864e-05,0.0,0.0,50.74878929763518,53.18837245138876,0.002,0.0
286,ud_page_rank_SgAsNd,400,0.10265736626180717,-7.395902669920864e-05,0.0,0.0,55.8291070083143,58.490670227434464,0.002,0.0
287,d_btw_cntr_SgAsEg,10,0.013623999401164386,-7.395902669920864e-05,1.8850981169909602,1.8847438848861184,0.07206640891401532,0.07228896994159138,0.588,0.9145528141695669
288,d_btw_cntr_SgAsEg,50,0.12464666116491825,-7.395902669920864e-05,1.713075903353456e-09,1.5207866077560084e-09,6.134079279670601,6.152982205220165,0.008,9.671086154128261e-11
289,d_btw_cntr_SgAsEg,100,0.14875800648430038,-7.395902669920864e-05,0.0,0.0,19.899422231878734,19.959902672064963,0.002,0.0
290,d_btw_cntr_SgAsEg,150,0.1610753561044636,-7.395902669920864e-05,0.0,0.0,33.31388370070088,33.41285329143533,0.002,0.0
291,d_btw_cntr_SgAsEg,200,0.20468141023132344,-7.395902669920864e-05,0.0,0.0,56.375574470129244,56.53791403388941,0.002,0.0
292,d_btw_cntr_SgAsEg,300,0.18641424102007687,-7.395902669920864e-05,0.0,0.0,76.6275746369801,76.8285780187776,0.002,0.0
293,d_btw_cntr_SgAsEg,400,0.1527602882564322,-7.395902669920864e-05,0.0,0.0,83.0574269546559,83.24635431972834,0.002,0.0
294,ud_bridge_SgAsEg,10,1.3397490348257544,-7.395902669920864e-05,3.6055602947726584e-12,4.3876013933186186e-13,7.048950561199108,7.336467830927573,0.002,8.449085875383844e-11
295,ud_bridge_SgAsEg,50,0.3575637377889732,-7.395902669920864e-05,0.0,0.0,17.58953717753865,18.306847564720886,0.002,0.0
296,ud_bridge_SgAsEg,100,0.19494232398815736,-7.395902669920864e-05,0.0,0.0,26.07444808297841,27.136662723665665,0.002,0.0
297,ud_bridge_SgAsEg,150,0.17911267400991984,-7.395902669920864e-05,0.0,0.0,37.04268087545684,38.54893411438722,0.002,0.0
298,ud_bridge_SgAsEg,200,0.15714223426312032,-7.395902669920864e-05,0.0,0.0,43.28654845456846,45.04229045275593,0.002,0.0
299,ud_bridge_SgAsEg,300,0.12226681818188112,-7.395902669920864e-05,0.0,0.0,50.269545388637084,52.29411876500313,0.002,0.0
300,ud_bridge_SgAsEg,400,0.09480010105451378,-7.395902669920864e-05,0.0,0.0,51.559093954177584,53.61552198514692,0.002,0.0
301,ud_btw_cntr_SgAsEg,10,-0.013370769891306707,-7.395902669920864e-05,1.8884574742276854,1.88812695829088,-0.06995592913115445,-0.0701635582148043,0.844,0.9439775759731563
302,ud_btw_cntr_SgAsEg,50,0.10612981376757838,-7.395902669920864e-05,3.5138531684353325e-07,3.2317535270109943e-07,5.223373337298459,5.238841573618651,0.014,1.4408311528324447e-06
303,ud_btw_cntr_SgAsEg,100,0.10036961647286287,-7.395902669920864e-05,0.0,0.0,13.429703172183496,13.468904931476917,0.002,0.0
304,ud_btw_cntr_SgAsEg,150,0.11682335486366106,-7.395902669920864e-05,0.0,0.0,24.16580868927759,24.234694999768664,0.002,0.0
305,ud_btw_cntr_SgAsEg,200,0.12040249644139432,-7.395902669920864e-05,0.0,0.0,33.170946440871404,33.2624779699462,0.002,0.0
306,ud_btw_cntr_SgAsEg,300,0.12312322665232674,-7.395902669920864e-05,0.0,0.0,50.621441669325904,50.748146811815346,0.002,0.0
307,ud_btw_cntr_SgAsEg,400,0.1024258593427536,-7.395902669920864e-05,0.0,0.0,55.70329509533927,55.823316664651344,0.002,0.0
308,is_shared,10,0.0037859104743523113,-7.395902669920864e-05,1.967596653240888,1.9675349177902186,0.02030718192659163,0.02034587687607073,0.388,0.6470628544384942
309,is_shared,50,0.0008856774605121824,-7.395902669920864e-05,1.9247118340277178,1.924568977805793,0.04719737829378522,0.047287000109384754,0.076,0.9382284081646299
310,is_shared,100,0.14949680285397254,-7.395902669920864e-05,0.0,0.0,19.99820222751347,20.035330307001107,0.002,0.0
311,is_shared,150,0.20708086702388742,-7.395902669920864e-05,0.0,0.0,42.82445617265693,42.901038580211605,0.002,0.0
312,is_shared,200,0.14202879560718706,-7.395902669920864e-05,0.0,0.0,39.12534482149737,39.1917558379401,0.002,0.0
313,is_shared,300,0.09697687081574491,-7.395902669920864e-05,0.0,0.0,39.87796388976572,39.935460405790565,0.002,0.0
314,is_shared,400,0.07313393794544394,-7.395902669920864e-05,0.0,0.0,39.78466648252905,39.82821432578987,0.002,0.0
315,cycle_lane_both,10,-0.005902983493268867,-7.395902669920864e-05,1.9510700351492203,1.9502121892667075,-0.03066711459155205,-0.031204947085622253,0.976,0.9635926739476921
316,cycle_lane_both,50,0.17747491757609193,-7.395902669920864e-05,0.0,0.0,8.732308125350169,8.88539028908258,0.002,0.0
317,cycle_lane_both,100,0.21062983581223566,-7.395902669920864e-05,0.0,0.0,28.171930438217835,28.6646025755472,0.002,0.0
318,cycle_lane_both,150,0.20988979522145063,-7.395902669920864e-05,0.0,0.0,43.405136935842776,44.1611274283153,0.002,0.0
319,cycle_lane_both,200,0.16454954236410788,-7.395902669920864e-05,0.0,0.0,45.326012674645575,46.11114635592996,0.002,0.0
320,cycle_lane_both,300,0.12273907684216266,-7.395902669920864e-05,0.0,0.0,50.46359539142336,51.32421012775157,0.002,0.0
321,cycle_lane_both,400,0.09362697948767836,-7.395902669920864e-05,0.0,0.0,50.92156368476186,51.77146219335835,0.002,0.0
322,cycle_lane_one,10,0.023386059184136842,-7.395902669920864e-05,1.8035401113592053,1.8011585377916481,0.12342563852970051,0.12492961974965885,0.638,0.891589736906008
323,cycle_lane_one,50,0.20218318260111706,-7.395902669920864e-05,0.0,0.0,9.947523831411925,10.068667971776655,0.002,0.0
324,cycle_lane_one,100,0.2142380166766366,-7.395902669920864e-05,0.0,0.0,28.6543584856012,29.00210453885648,0.002,0.0
325,cycle_lane_one,150,0.22822341671903534,-7.395902669920864e-05,0.0,0.0,47.195188006715114,47.7646376395192,0.002,0.0
326,cycle_lane_one,200,0.20848310104615686,-7.395902669920864e-05,0.0,0.0,57.42229917591202,58.109768203866736,0.002,0.0
327,cycle_lane_one,300,0.1735261725228395,-7.395902669920864e-05,0.0,0.0,71.33189678470389,72.16709480405551,0.002,0.0
328,cycle_lane_one,400,0.15068335266122207,-7.395902669920864e-05,0.0,0.0,81.9287209901536,82.85865598080693,0.002,0.0
329,cycle_lane_right,10,0.0020749962946494736,-7.395902669920864e-05,1.9819588079726396,1.9819400241102674,0.011305881364863893,0.011317653158108116,0.196,0.7532688653009745
330,cycle_lane_right,50,0.5124840899821386,-7.395902669920864e-05,0.0,0.0,25.208916562658455,25.234998565748423,0.002,0.0
331,cycle_lane_right,100,0.2451891567224038,-7.395902669920864e-05,0.0,0.0,32.79264828251456,32.825189860273724,0.002,0.0
332,cycle_lane_right,150,0.1747165466385285,-7.395902669920864e-05,0.0,0.0,36.13388349170874,36.16727865225299,0.002,0.0
333,cycle_lane_right,200,0.14434474690877208,-7.395902669920864e-05,0.0,0.0,39.76299884514923,39.79614298303389,0.002,0.0
334,cycle_lane_right,300,0.09608670228968008,-7.395902669920864e-05,0.0,0.0,39.51219567947995,39.535058415077316,0.002,0.0
335,cycle_lane_right,400,0.07021775174271955,-7.395902669920864e-05,0.0,0.0,38.19987166837819,38.20874567242309,0.002,0.0
336,cycle_way_both,10,0.015775240384615384,-7.395902669920864e-05,1.867091919166271,1.8660166301645131,0.08338431538908611,0.084060518611565,0.922,0.8869053954606068
337,cycle_way_both,50,0.33645959897207334,-7.395902669920864e-05,0.0,0.0,16.55158162188837,16.68569301486983,0.002,0.0
338,cycle_way_both,100,0.22023820011426282,-7.395902669920864e-05,0.0,0.0,29.45660673438365,29.694034354106318,0.002,0.0
339,cycle_way_both,150,0.22464646454720238,-7.395902669920864e-05,0.0,0.0,46.45573609804008,46.82695954947489,0.002,0.0
340,cycle_way_both,200,0.1762028092753886,-7.395902669920864e-05,0.0,0.0,48.534522512301315,48.91786455779416,0.002,0.0
341,cycle_way_both,300,0.14376117053620777,-7.395902669920864e-05,0.0,0.0,59.10152558304932,59.55294138645514,0.002,0.0
342,cycle_way_both,400,0.1101708714830923,-7.395902669920864e-05,0.0,0.0,59.91230447343633,60.348719000752425,0.002,0.0
343,cycle_way_one,10,0.00490487514863258,-7.395902669920864e-05,1.958204926333,1.9581015684788823,0.026194173495567855,0.026258965704740227,0.466,0.9884108065921451
344,cycle_way_one,50,0.12244662681630263,-7.395902669920864e-05,3.363922917998252e-09,3.0681568397028514e-09,6.025875960190045,6.040741226380861,0.006,3.12150305603609e-12
345,cycle_way_one,100,0.16761995400711244,-7.395902669920864e-05,0.0,0.0,22.421339190935733,22.47570188004209,0.002,0.0
346,cycle_way_one,150,0.18299865148060268,-7.395902669920864e-05,0.0,0.0,37.84601659808467,37.935189964030826,0.002,0.0
347,cycle_way_one,200,0.1570110484732516,-7.395902669920864e-05,0.0,0.0,43.25042889251269,43.34839835629859,0.002,0.0
348,cycle_way_one,300,0.10670414118382857,-7.395902669920864e-05,0.0,0.0,43.874877023987914,43.963028329684484,0.002,0.0
349,cycle_way_one,400,0.07758738640489596,-7.395902669920864e-05,0.0,0.0,42.20488300266554,42.27499944425171,0.002,0.0
350,cycle_way_right,10,0.0006660253089617404,-7.395902669920864e-05,1.993787469636608,1.9937853987470406,0.003893135900838417,0.003894433648262192,0.072,0.8509717497802063
351,cycle_way_right,50,5.734767799521884e-05,-7.395902669920864e-05,1.9896945950117435,1.9896912273198883,0.006457999770290177,0.006460110202218818,0.334,0.9704799363179142
352,cycle_way_right,100,0.055657986574689906,-7.395902669920864e-05,1.8429702208777599e-13,1.816324868286756e-13,7.451581476589278,7.453701545430977,0.014,1.532107773982716e-14
353,cycle_way_right,150,0.24077514538808037,-7.395902669920864e-05,0.0,0.0,49.78996682276519,49.80074610615089,0.002,0.0
354,cycle_way_right,200,0.16607582922066308,-7.395902669920864e-05,0.0,0.0,45.74624731199019,45.75201227143691,0.002,0.0
355,cycle_way_right,300,0.10462346213211945,-7.395902669920864e-05,0.0,0.0,43.01993076309607,43.01440891183082,0.002,0.0
356,cycle_way_right,400,0.07850838051380563,-7.395902669920864e-05,0.0,0.0,42.70539517376763,42.685155483062694,0.002,0.0
357,side_walk_both,10,0.06274492799184787,-7.395902669920864e-05,1.4820492012790316,1.3531754936077807,0.3304968125901969,0.41712395120638396,0.688,0.7335166455747895
358,side_walk_both,50,0.33890568474863875,-7.395902669920864e-05,0.0,0.0,16.671886380277755,21.041454538885382,0.002,0.0
359,side_walk_both,100,0.5457817590458276,-7.395902669920864e-05,0.0,0.0,72.98306767848058,92.10823816477935,0.002,0.0
360,side_walk_both,150,0.5362225184903454,-7.395902669920864e-05,0.0,0.0,110.86685951197964,139.9057451190362,0.002,0.0
361,side_walk_both,200,0.5056873878044703,-7.395902669920864e-05,0.0,0.0,139.2519599154604,175.70054374993683,0.002,0.0
362,side_walk_both,300,0.4633646333263076,-7.395902669920864e-05,0.0,0.0,190.42585705840716,240.17161020164195,0.002,0.0
363,side_walk_both,400,0.4319021126337576,-7.395902669920864e-05,0.0,0.0,234.75642178307507,295.9194415505917,0.002,0.0
364,side_walk_left,10,0.009255112703388569,-7.395902669920864e-05,1.9217091175217842,1.9213411931012288,0.04908123364727889,0.0493120752719393,0.748,0.9198666877148212
365,side_walk_left,50,0.1098847297449455,-7.395902669920864e-05,1.2742948163335654e-07,1.1055026849504657e-07,5.408049714454735,5.433448847614968,0.004,2.1028309316051264e-08
366,side_walk_left,100,0.15469933451870968,-7.395902669920864e-05,0.0,0.0,20.69380128055206,20.79011443785511,0.002,0.0
367,side_walk_left,150,0.15484572478250117,-7.395902669920864e-05,0.0,0.0,32.02605189583602,32.17290552654374,0.002,0.0
368,side_walk_left,200,0.1466517990914506,-7.395902669920864e-05,0.0,0.0,40.398202662281705,40.57974390993881,0.002,0.0
369,side_walk_left,300,0.11063745529504461,-7.395902669920864e-05,0.0,0.0,45.49106679123482,45.68376989157027,0.002,0.0
370,side_walk_left,400,0.0923280778348446,-7.395902669920864e-05,0.0,0.0,50.21567851131861,50.41081202346141,0.002,0.0
371,side_walk_no,10,-0.016869221831763963,-7.395902669920864e-05,1.85917847380864,1.8575963366226054,-0.08836165502342855,-0.08935703451799902,0.936,0.9386124747551415
372,side_walk_no,50,0.15033596482699496,-7.395902669920864e-05,2.7755575615628914e-13,1.4788170688007085e-13,7.397544976526572,7.4808255730218045,0.002,2.1249668691325496e-13
373,side_walk_no,100,0.4207837883468787,-7.395902669920864e-05,0.0,0.0,56.27034478641774,56.90144184118594,0.002,0.0
374,side_walk_no,150,0.41140821255041593,-7.395902669920864e-05,0.0,0.0,85.06439631887092,86.01248664308058,0.002,0.0
375,side_walk_no,200,0.36228135943222634,-7.395902669920864e-05,0.0,0.0,99.76778296195108,100.8704296518266,0.002,0.0
376,side_walk_no,300,0.308639350103455,-7.395902669920864e-05,0.0,0.0,126.84959225766818,128.21821175602284,0.002,0.0
377,side_walk_no,400,0.2692672802650006,-7.395902669920864e-05,0.0,0.0,146.37288896973521,147.8998814956178,0.002,0.0
378,side_walk_right,10,0.010763940798325608,-7.395902669920864e-05,1.9090595815193354,1.9085613560861177,0.05701933793072476,0.057332065166156826,0.898,0.9900599588935082
379,side_walk_right,50,0.2890856581763946,-7.395902669920864e-05,0.0,0.0,14.22160997658504,14.29951365231984,0.002,0.0
380,side_walk_right,100,0.18155780553886203,-7.395902669920864e-05,0.0,0.0,24.284885047387014,24.416885272243164,0.002,0.0
381,side_walk_right,150,0.15664160682871223,-7.395902669920864e-05,0.0,0.0,32.39730886071333,32.571172100548026,0.002,0.0
382,side_walk_right,200,0.14167616740178726,-7.395902669920864e-05,0.0,0.0,39.028255217811655,39.23411898569336,0.002,0.0
383,side_walk_right,300,0.0946231769347382,-7.395902669920864e-05,0.0,0.0,38.910836460286504,39.10602890822805,0.002,0.0
384,side_walk_right,400,0.07561635684773539,-7.395902669920864e-05,0.0,0.0,41.1337314356607,41.32563775792475,0.002,0.0
385,bikable_no,10,0.0012587930396149574,-7.395902669920864e-05,1.9888109580834303,1.988803901005876,0.007011749663119358,0.007016172139434772,0.12,0.8063761506015246
386,bikable_no,50,0.2409392067329215,-7.395902669920864e-05,0.0,0.0,11.853644280653352,11.861042892171685,0.006,0.0
387,bikable_no,100,0.10255375462862286,-7.395902669920864e-05,0.0,0.0,13.721731079125387,13.729715461048311,0.002,0.0
388,bikable_no,150,0.07380827441892214,-7.395902669920864e-05,0.0,0.0,15.273438367095478,15.281286023692696,0.004,0.0
389,bikable_no,200,0.09723596517178516,-7.395902669920864e-05,0.0,0.0,26.792473858994253,26.803813948296078,0.002,0.0
390,bikable_no,300,0.05909205174773546,-7.395902669920864e-05,0.0,0.0,24.311178430877558,24.31527858742635,0.002,0.0
391,bikable_no,400,0.036409293295045476,-7.395902669920864e-05,0.0,0.0,19.826741183002106,19.823227114860106,0.002,0.0
392,bikable_yes,10,-0.010411485940536088,-7.395902669920864e-05,1.9132539539332667,1.9097949260140294,-0.05438682309159261,-0.05655778546117763,0.812,0.9122721011655625
393,bikable_yes,50,0.49775092297102635,-7.395902669920864e-05,0.0,0.0,24.48430170468276,25.461444561494996,0.002,0.0
394,bikable_yes,100,0.4847539915171615,-7.395902669920864e-05,0.0,0.0,64.82341387190559,67.4076775863938,0.002,0.0
395,bikable_yes,150,0.47503969863840373,-7.395902669920864e-05,0.0,0.0,98.21873039415155,102.1269761061894,0.002,0.0
396,bikable_yes,200,0.43281540199024143,-7.395902669920864e-05,0.0,0.0,119.18801688948137,123.9185620861521,0.002,0.0
397,bikable_yes,300,0.35808254547784957,-7.395902669920864e-05,0.0,0.0,147.1656880904978,152.96459454534536,0.002,0.0
398,bikable_yes,400,0.30685997601158005,-7.395902669920864e-05,0.0,0.0,166.80255467951457,173.31042900245694,0.002,0.0
399,bkdc_total,10,-0.019518191847116995,-7.395902669920864e-05,1.8370400210181062,1.827215510053772,-0.10229816660891239,-0.10848906393660479,0.812,0.912327348673159
400,bkdc_total,50,0.25583195832900574,-7.395902669920864e-05,0.0,0.0,12.586107916918701,13.347682987404474,0.002,0.0
401,bkdc_total,100,0.2697271637801178,-7.395902669920864e-05,0.0,0.0,36.07347684305779,38.254704657661016,0.002,0.0
402,bkdc_total,150,0.28627285345489134,-7.395902669920864e-05,0.0,0.0,59.19556283136452,62.77023358282097,0.002,0.0
403,bkdc_total,200,0.25188639375571453,-7.395902669920864e-05,0.0,0.0,69.37258682533157,73.55436212965324,0.002,0.0
404,bkdc_total,300,0.2124741238515279,-7.395902669920864e-05,0.0,0.0,87.33552085661809,92.57362088985835,0.002,0.0
405,bkdc_total,400,0.18237624572720806,-7.395902669920864e-05,0.0,0.0,99.15215224069888,105.05810849635031,0.002,0.0
406,poi_total,10,0.23209894976211076,-7.395902669920864e-05,0.4438039420423401,0.41858285459617983,1.2214862434898155,1.255516210077566,0.178,0.23680781923636118
407,poi_total,50,0.5191202143262986,-7.395902669920864e-05,0.0,0.0,25.535298140735037,26.246503585428652,0.002,0.0
408,poi_total,100,0.6794701336951,-7.395902669920864e-05,0.0,0.0,90.85773193830889,93.38441618410693,0.002,0.0
409,poi_total,150,0.7125245866590092,-7.395902669920864e-05,0.0,0.0,147.3132234967319,151.39916826628536,0.002,0.0
410,poi_total,200,0.6747067610942583,-7.395902669920864e-05,0.0,0.0,185.78829398241024,190.92318675974442,0.002,0.0
411,poi_total,300,0.6174465663142372,-7.395902669920864e-05,0.0,0.0,253.73777071986808,260.6806477937311,0.002,0.0
412,poi_total,400,0.5806304430982442,-7.395902669920864e-05,0.0,0.0,315.5824975039023,324.0992301337028,0.002,0.0
413,crash_total,10,0.15822743642887158,-7.395902669920864e-05,0.8098694996184843,0.8008952306774972,0.8328403941827187,0.8408220804718411,0.216,0.35869891477156957
414,crash_total,50,0.3274029526847007,-7.395902669920864e-05,0.0,0.0,16.106152580168356,16.260397847076145,0.002,0.0
415,crash_total,100,0.32356997160484285,-7.395902669920864e-05,0.0,0.0,43.27247312974542,43.685049762120734,0.002,0.0
416,crash_total,150,0.3433280343338001,-7.395902669920864e-05,0.0,0.0,70.99039831530918,71.66230773739834,0.002,0.0
417,crash_total,200,0.32870628028788573,-7.395902669920864e-05,0.0,0.0,90.52351072869392,91.3718810699838,0.002,0.0
418,crash_total,300,0.2524604755695951,-7.395902669920864e-05,0.0,0.0,103.76582127223789,104.71116025076589,0.002,0.0
419,crash_total,400,0.20596006618726637,-7.395902669920864e-05,0.0,0.0,111.96872627429383,112.94901233964934,0.002,0.0
420,311_total,10,0.11298138362205698,-7.395902669920864e-05,1.103959520124909,1.0989155704092726,0.5947961220751131,0.5985728204525516,0.17,0.6974311578862034
421,311_total,50,0.31287015718819183,-7.395902669920864e-05,0.0,0.0,15.391392506061406,15.489016890878784,0.002,0.0
422,311_total,100,0.4525162151989688,-7.395902669920864e-05,0.0,0.0,60.51309571834223,60.89435428211092,0.002,0.0
423,311_total,150,0.5326810298933019,-7.395902669920864e-05,0.0,0.0,110.13473887495901,110.82103126114777,0.002,0.0
424,311_total,200,0.4676841752929203,-7.395902669920864e-05,0.0,0.0,128.78848369594684,129.57915440153604,0.002,0.0
425,311_total,300,0.40910846641907145,-7.395902669920864e-05,0.0,0.0,168.1321222368052,169.12078867959312,0.002,0.0
426,311_total,400,0.36763206462118064,-7.395902669920864e-05,0.0,0.0,199.82900915750176,200.933744738,0.002,0.0
427,311_total_not_parking_meter,10,0.04653919416712387,-7.395902669920864e-05,1.6125462732211542,1.6107424530408045,0.24523673192090553,0.24640178251817485,0.196,0.6940602665124063
428,311_total_not_parking_meter,50,0.2579682046600436,-7.395902669920864e-05,0.0,0.0,12.691173978451745,12.751380934374229,0.002,0.0
429,311_total_not_parking_meter,100,0.4248404933258747,-7.395902669920864e-05,0.0,0.0,56.81274228127069,57.07985662851558,0.002,0.0
430,311_total_not_parking_meter,150,0.5155607462128923,-7.395902669920864e-05,0.0,0.0,106.59551725935388,107.08936300483703,0.002,0.0
431,311_total_not_parking_meter,200,0.44310705868045985,-7.395902669920864e-05,0.0,0.0,122.0216327319518,122.57576147513298,0.002,0.0
432,311_total_not_parking_meter,300,0.38283990546322333,-7.395902669920864e-05,0.0,0.0,157.3384306533944,158.01238455691774,0.002,0.0
433,311_total_not_parking_meter,400,0.3402223711527437,-7.395902669920864e-05,0.0,0.0,184.93327306710336,185.6606637282655,0.002,0.0
434,v0_total,10,0.6521098541640397,-7.395902669920864e-05,0.0012017990569250792,0.0008921017577865342,3.4312080603850985,3.511222506746453,0.028,0.0005018049928970925
435,v0_total,50,0.6268764806867646,-7.395902669920864e-05,0.0,0.0,30.835027084680952,31.553858639693104,0.002,0.0
436,v0_total,100,0.47966497939603825,-7.395902669920864e-05,0.0,0.0,64.14299283067507,65.6355751243024,0.002,0.0
437,v0_total,150,0.4725997163467875,-7.395902669920864e-05,0.0,0.0,97.71432064082114,99.98106003446206,0.002,0.0
438,v0_total,200,0.41259366647600926,-7.395902669920864e-05,0.0,0.0,113.6203389305153,116.24506623688055,0.002,0.0
439,v0_total,300,0.3387712504828632,-7.395902669920864e-05,0.0,0.0,139.2307211692991,142.4091506772865,0.002,0.0
440,v0_total,400,0.29685363222295064,-7.395902669920864e-05,0.0,0.0,161.3646297177904,164.98862303485254,0.002,0.0
441,crime_total,10,0.3332240478345767,-7.395902669920864e-05,0.1590269215260678,0.14458800860351628,1.753516086297337,1.7972621988363102,0.09,0.06969283958889627
442,crime_total,50,0.6773533147466483,-7.395902669920864e-05,0.0,0.0,33.31760696148399,34.14855309850475,0.002,0.0
443,crime_total,100,0.8183868093852688,-7.395902669920864e-05,0.0,0.0,109.43144071865372,112.15601710416107,0.002,0.0
444,crime_total,150,0.8409229944259214,-7.395902669920864e-05,0.0,0.0,173.85661662391072,178.17265691655925,0.002,0.0
445,crime_total,200,0.7952748380943243,-7.395902669920864e-05,0.0,0.0,218.9844667043677,224.39953021025107,0.002,0.0
446,crime_total,300,0.7063317475537637,-7.395902669920864e-05,0.0,0.0,290.26048828508095,297.3586391008752,0.002,0.0
447,crime_total,400,0.632407240624124,-7.395902669920864e-05,0.0,0.0,343.7204813321278,351.99814441237504,0.002,0.0
448,moving_total,10,0.02693111527796755,-7.395902669920864e-05,1.7740390752837158,1.77400572342337,0.1420765538048881,0.14209766602655677,0.012,0.26447258574626353
449,moving_total,50,0.06848175749154425,-7.395902669920864e-05,0.001493868257782971,0.0014912725419709005,3.371745582658613,3.372224557489442,0.008,5.7311710932594906e-11
450,moving_total,100,0.04873265723218777,-7.395902669920864e-05,1.354258927221963e-10,1.348388067867745e-10,6.525637562537534,6.526288671763087,0.006,0.0
451,moving_total,150,0.044931969935472056,-7.395902669920864e-05,0.0,0.0,9.303932083530412,9.304227863644106,0.002,0.0
452,moving_total,200,0.037112487605036916,-7.395902669920864e-05,0.0,0.0,10.238594958284768,10.237994623663838,0.002,0.0
453,moving_total,300,0.02763030829497601,-7.395902669920864e-05,0.0,0.0,11.38362004363834,11.380058458029422,0.006,0.0
454,moving_total,400,0.02395906532692622,-7.395902669920864e-05,0.0,0.0,13.060692876334306,13.052095561399282,0.002,0.0
455,parking_total,10,0.014664738344049197,-7.395902669920864e-05,1.8763850053362678,1.8755342108860051,0.07754184663166172,0.07807661937756451,0.666,0.9336235846757877
456,parking_total,50,0.0854354123327055,-7.395902669920864e-05,5.2085058916517823e-05,4.5802958229756996e-05,4.205569714675269,4.234545130130184,0.004,2.7484194669469275e-05
457,parking_total,100,0.35079870141847724,-7.395902669920864e-05,0.0,0.0,46.91306196117633,47.234294669199315,0.002,0.0
458,parking_total,150,0.3759181156729812,-7.395902669920864e-05,0.0,0.0,77.72764183785338,78.25450069957674,0.002,0.0
459,parking_total,200,0.37323494975917265,-7.395902669920864e-05,0.0,0.0,102.78364989344965,103.47086432712713,0.002,0.0
460,parking_total,300,0.34106643531065417,-7.395902669920864e-05,0.0,0.0,140.1738073627049,141.0746488460577,0.002,0.0
461,parking_total,400,0.3181444841005058,-7.395902669920864e-05,0.0,0.0,172.93509514722044,173.98552640497618,0.002,0.0
