kind,model_name,best_model,best_params,grid_cv_time,mean_fit_time,mean_test,mean_train,score
reg,ols,"LinearRegression(copy_X=True, fit_intercept=True, n_jobs=1, normalize=False)",{},0 days 00:00:02.224605000,0.0038024425506591798,-0.5307020166569746,-0.4964005595413724,neg_mean_squared_error
reg,lasso,"Lasso(alpha=1.0, copy_X=True, fit_intercept=True, max_iter=1000,
   normalize=False, positive=False, precompute=False, random_state=None,
   selection='cyclic', tol=0.0001, warm_start=False)",{'alpha': 1.0},0 days 00:00:02.220742000,0.0018011093139648437,-0.6731885882035575,-0.6698311968162751,neg_mean_squared_error
reg,ridge,"Ridge(alpha=1.0, copy_X=True, fit_intercept=True, max_iter=None,
   normalize=False, random_state=None, solver='auto', tol=0.001)",{'alpha': 1.0},0 days 00:00:02.248327000,0.011007881164550782,-0.52459747860718,-0.5007263078155649,neg_mean_squared_error
reg,DTreg,"DecisionTreeRegressor(criterion='mse', max_depth=3, max_features=1.0,
           max_leaf_nodes=None, min_impurity_split=1e-07,
           min_samples_leaf=1, min_samples_split=2,
           min_weight_fraction_leaf=0.0, presort=False, random_state=None,
           splitter='best')","{'max_depth': 3, 'max_features': 1.0}",0 days 00:00:02.235579000,0.0008002758026123047,-0.5810316523997986,-0.4365286824959484,neg_mean_squared_error
reg,linearSVR,"LinearSVR(C=100.0, dual=True, epsilon=0, fit_intercept=True,
     intercept_scaling=1.0, loss='squared_epsilon_insensitive',
     max_iter=1000, random_state=None, tol=0.0001, verbose=0)","{'C': 100.0, 'epsilon': 0, 'loss': 'squared_epsilon_insensitive'}",0 days 00:00:02.423256000,0.009006309509277343,-0.5314665063435152,-0.49882492420978386,neg_mean_squared_error
cls,logistics,"LogisticRegression(C=100.0, class_weight=None, dual=False, fit_intercept=True,
          intercept_scaling=1, max_iter=100, multi_class='ovr', n_jobs=1,
          penalty='l1', random_state=None, solver='liblinear', tol=0.0001,
          verbose=0, warm_start=False)","{'C': 100.0, 'penalty': 'l1'}",0 days 00:00:02.336643000,0.029820585250854494,0.5215067673539668,0.535202386392951,f1_weighted
cls,DTcls,"DecisionTreeClassifier(class_weight=None, criterion='entropy', max_depth=30,
            max_features=0.5, max_leaf_nodes=None,
            min_impurity_split=1e-07, min_samples_leaf=1,
            min_samples_split=2, min_weight_fraction_leaf=0.0,
            presort=False, random_state=None, splitter='best')","{'criterion': 'entropy', 'max_depth': 30, 'max_features': 0.5}",0 days 00:00:02.318679000,0.0010008811950683594,0.4922031321197257,0.9970116857931629,f1_weighted
cls,linearSVM,"LinearSVC(C=100.0, class_weight=None, dual=True, fit_intercept=True,
     intercept_scaling=1, loss='squared_hinge', max_iter=1000,
     multi_class='ovr', penalty='l2', random_state=None, tol=0.0001,
     verbose=0)","{'C': 100.0, 'loss': 'squared_hinge'}",0 days 00:00:02.360581000,0.03882675170898438,0.4757523172131367,0.5101585895127619,f1_weighted
reg,ADAreg,"AdaBoostRegressor(base_estimator=None, learning_rate=0.031622776601683791,
         loss='linear', n_estimators=256, random_state=None)","{'learning_rate': 0.031622776601683791, 'n_estimators': 256}",0 days 00:00:08.994577000,0.3316338539123535,-0.5308685241140557,-0.3813759843534509,neg_mean_squared_error
reg,RFreg,"RandomForestRegressor(bootstrap=True, criterion='mse', max_depth=None,
           max_features='log2', max_leaf_nodes=None,
           min_impurity_split=1e-07, min_samples_leaf=1,
           min_samples_split=2, min_weight_fraction_leaf=0.0,
           n_estimators=500, n_jobs=1, oob_score=False, random_state=None,
           verbose=0, warm_start=False)","{'max_features': 'log2', 'min_samples_leaf': 1, 'n_estimators': 500}",0 days 00:00:07.031996000,0.600023889541626,-0.5319203411973523,-0.07906902446917569,neg_mean_squared_error
reg,MLPreg,"MLPRegressor(activation='relu', alpha=0.0001, batch_size='auto', beta_1=0.9,
       beta_2=0.999, early_stopping=False, epsilon=1e-08,
       hidden_layer_sizes=(100,), learning_rate='adaptive',
       learning_rate_init=0.001, max_iter=10000, momentum=0.9,
       nesterovs_momentum=True, power_t=0.5, random_state=None,
       shuffle=True, solver='adam', tol=0.0001, validation_fraction=0.1,
       verbose=False, warm_start=False)","{'hidden_layer_sizes': (100,), 'learning_rate': 'adaptive', 'max_iter': 10000}",0 days 00:00:08.736128000,0.20234293937683107,-0.6587510351665985,-0.6265317968058691,neg_mean_squared_error
cls,ADAcls,"AdaBoostClassifier(algorithm='SAMME.R', base_estimator=None,
          learning_rate=0.56234132519034907, n_estimators=10,
          random_state=None)","{'learning_rate': 0.56234132519034907, 'n_estimators': 10}",0 days 00:00:12.209523000,0.014209842681884766,0.45497033760394473,0.4747881257374222,f1_weighted
cls,RFcls,"RandomForestClassifier(bootstrap=True, class_weight=None, criterion='gini',
            max_depth=None, max_features='log2', max_leaf_nodes=None,
            min_impurity_split=1e-07, min_samples_leaf=2,
            min_samples_split=2, min_weight_fraction_leaf=0.0,
            n_estimators=100, n_jobs=1, oob_score=False, random_state=None,
            verbose=0, warm_start=False)","{'max_features': 'log2', 'min_samples_leaf': 2, 'n_estimators': 100}",0 days 00:00:07.561599000,0.1475041389465332,0.5183178107894538,0.8827235288596134,f1_weighted
cls,MLPcls,"MLPClassifier(activation='relu', alpha=0.0001, batch_size='auto', beta_1=0.9,
       beta_2=0.999, early_stopping=False, epsilon=1e-08,
       hidden_layer_sizes=(100, 20), learning_rate='adaptive',
       learning_rate_init=0.001, max_iter=10000, momentum=0.9,
       nesterovs_momentum=True, power_t=0.5, random_state=None,
       shuffle=True, solver='adam', tol=0.0001, validation_fraction=0.1,
       verbose=False, warm_start=False)","{'hidden_layer_sizes': (100, 20), 'learning_rate': 'adaptive', 'max_iter': 10000}",0 days 00:00:11.460125000,1.2254652500152587,0.4581924833833649,0.555675412842936,f1_weighted
reg,BAGreg,"BaggingRegressor(base_estimator=None, bootstrap=True,
         bootstrap_features=False, max_features=0.7, max_samples=1.0,
         n_estimators=500, n_jobs=1, oob_score=False, random_state=None,
         verbose=0, warm_start=False)","{'max_features': 0.7, 'n_estimators': 500}",0 days 00:00:07.867550000,0.6442546844482422,-0.5265069964372541,-0.08299717370964024,neg_mean_squared_error
cls,BAGcls,"BaggingClassifier(base_estimator=None, bootstrap=True,
         bootstrap_features=False, max_features=0.7, max_samples=1.0,
         n_estimators=256, n_jobs=1, oob_score=False, random_state=None,
         verbose=0, warm_start=False)","{'max_features': 0.7, 'n_estimators': 256}",0 days 00:00:08.460199000,0.36225552558898927,0.5092518388074092,0.9970156049506269,f1_weighted
reg,SVR,"SVR(C=100.0, cache_size=200, coef0=0.0, degree=3, epsilon=0.1, gamma=0.1,
  kernel='poly', max_iter=-1, shrinking=True, tol=0.001, verbose=False)","{'C': 100.0, 'degree': 3, 'gamma': 0.1, 'kernel': 'poly'}",0 days 00:00:02.428181000,0.0014010906219482423,-0.53244729584381,-0.5081517772966985,neg_mean_squared_error
reg,GDBreg,"GradientBoostingRegressor(alpha=0.9, criterion='friedman_mse', init=None,
             learning_rate=0.031622776601683791, loss='ls', max_depth=3,
             max_features='sqrt', max_leaf_nodes=None,
             min_impurity_split=1e-07, min_samples_leaf=1,
             min_samples_split=2, min_weight_fraction_leaf=0.0,
             n_estimators=100, presort='auto', random_state=None,
             subsample=1.0, verbose=0, warm_start=False)","{'learning_rate': 0.031622776601683791, 'max_depth': 3, 'max_features': 'sqrt', 'n_estimators': 100}",0 days 00:00:03.653590000,0.020815420150756835,-0.5247708076371819,-0.3242632946807368,neg_mean_squared_error
cls,SVM,"SVC(C=100.0, cache_size=200, class_weight=None, coef0=0.0,
  decision_function_shape=None, degree=3, gamma=0.1, kernel='sigmoid',
  max_iter=-1, probability=False, random_state=None, shrinking=True,
  tol=0.001, verbose=False)","{'C': 100.0, 'gamma': 0.1, 'kernel': 'sigmoid'}",0 days 00:00:02.418665000,0.002001237869262695,0.4673730256929863,0.47274185228690124,f1_weighted
cls,GDBcls,"GradientBoostingClassifier(criterion='friedman_mse', init=None,
              learning_rate=0.031622776601683791, loss='deviance',
              max_depth=10, max_features='sqrt', max_leaf_nodes=None,
              min_impurity_split=1e-07, min_samples_leaf=1,
              min_samples_split=2, min_weight_fraction_leaf=0.0,
              n_estimators=100, presort='auto', random_state=None,
              subsample=1.0, verbose=0, warm_start=False)","{'learning_rate': 0.031622776601683791, 'max_depth': 10, 'max_features': 'sqrt', 'n_estimators': 100}",0 days 00:00:29.159759000,1.769451904296875,0.5231266197940421,0.9970116857931629,f1_weighted
