,best_params,feature_selection,ftr_combo_name,grid_cv_time,kind,mean_fit_time,mean_test,mean_train,model_name,score
0,"{'C': 100.0, 'degree': 3, 'gamma': 0.1, 'kernel': 'poly'}",None,Segment_NO_TOTAL_~2014,0 days 00:00:03.406544000,SVM,0.0316103458404541,0.6830359682764685,0.9701064807451548,SVM,f1_weighted
1,"{'max_features': 'log2', 'min_samples_leaf': 1, 'n_estimators': 500, 'random_state': 0}",None,Segment_NO_TOTAL_~2014,0 days 00:00:10.459479000,cls,0.929853105545044,0.7129214917243304,1.0,RFcls,f1_weighted
2,"{'learning_rate': 0.031622776601683791, 'max_depth': 50, 'max_features': 'sqrt', 'n_estimators': 100, 'random_state': 0}",None,Segment_NO_TOTAL_~2014,0 days 00:00:45.432953000,cls,1.672114372253418,0.730099587058273,1.0,GDBcls,f1_weighted
3,"{'C': 100.0, 'gamma': 0.1, 'kernel': 'rbf'}",rfecv_linsvc,Segment_NO_TOTAL_~2014,0 days 00:00:02.201318000,SVM,0.025045108795166016,0.675518035367447,0.9742797776407424,SVM,f1_weighted
4,"{'max_features': 'sqrt', 'min_samples_leaf': 1, 'n_estimators': 500, 'random_state': 0}",rfecv_linsvc,Segment_NO_TOTAL_~2014,0 days 00:00:08.606483000,cls,1.02930645942688,0.6989795913051979,1.0,RFcls,f1_weighted
5,"{'learning_rate': 0.031622776601683791, 'max_depth': 50, 'max_features': 'sqrt', 'n_estimators': 100, 'random_state': 0}",rfecv_linsvc,Segment_NO_TOTAL_~2014,0 days 00:00:45.155385000,cls,1.6235951423645019,0.6934553220232358,1.0,GDBcls,f1_weighted
6,"{'C': 100.0, 'degree': 3, 'gamma': 0.1, 'kernel': 'poly'}",mrmr,Segment_NO_TOTAL_~2014,0 days 00:00:03.386816000,SVM,0.03375434875488281,0.6830359682764685,0.9701064807451548,SVM,f1_weighted
7,"{'max_features': 'log2', 'min_samples_leaf': 1, 'n_estimators': 500, 'random_state': 0}",mrmr,Segment_NO_TOTAL_~2014,0 days 00:00:11.599638000,cls,0.9240987777709961,0.7129214917243304,1.0,RFcls,f1_weighted
8,"{'learning_rate': 0.031622776601683791, 'max_depth': 50, 'max_features': 'sqrt', 'n_estimators': 100, 'random_state': 0}",mrmr,Segment_NO_TOTAL_~2014,0 days 00:00:48.835251000,cls,1.6762409687042237,0.730099587058273,1.0,GDBcls,f1_weighted
9,"{'C': 100.0, 'gamma': 0.1, 'kernel': 'rbf'}",None,Segment_TOTAL_~2014,0 days 00:00:01.074366000,SVM,0.02068486213684082,0.48356895782124454,0.5709650053593894,SVM,f1_weighted
10,"{'max_features': 'sqrt', 'min_samples_leaf': 1, 'n_estimators': 500, 'random_state': 0}",None,Segment_TOTAL_~2014,0 days 00:00:09.380446000,cls,0.8382791519165039,0.6507450282438746,1.0,RFcls,f1_weighted
11,"{'learning_rate': 0.031622776601683791, 'max_depth': 10, 'max_features': 'sqrt', 'n_estimators': 50, 'random_state': 0}",None,Segment_TOTAL_~2014,0 days 00:00:41.737179000,cls,1.6564617156982422,0.6331289491327378,1.0,GDBcls,f1_weighted
12,"{'C': 100.0, 'gamma': 0.1, 'kernel': 'rbf'}",rfecv_linsvc,Segment_TOTAL_~2014,0 days 00:00:01.079675000,SVM,0.020105266571044923,0.48018211082300505,0.5547223776051874,SVM,f1_weighted
13,"{'max_features': 'sqrt', 'min_samples_leaf': 1, 'n_estimators': 500, 'random_state': 0}",rfecv_linsvc,Segment_TOTAL_~2014,0 days 00:00:07.485104000,cls,0.8604650974273682,0.6446639819470781,1.0,RFcls,f1_weighted
14,"{'learning_rate': 0.031622776601683791, 'max_depth': 10, 'max_features': 'sqrt', 'n_estimators': 100, 'random_state': 0}",rfecv_linsvc,Segment_TOTAL_~2014,0 days 00:00:46.856872000,cls,3.1577776432037354,0.6295759808378419,1.0,GDBcls,f1_weighted
15,"{'C': 100.0, 'gamma': 0.1, 'kernel': 'sigmoid'}",mrmr,Segment_TOTAL_~2014,0 days 00:00:01.071962000,SVM,0.009073352813720703,0.46839989253685266,0.5298757149037214,SVM,f1_weighted
16,"{'max_features': 'sqrt', 'min_samples_leaf': 1, 'n_estimators': 100, 'random_state': 0}",mrmr,Segment_TOTAL_~2014,0 days 00:00:08.993074000,cls,0.21161551475524903,0.62358691720015,1.0,RFcls,f1_weighted
17,"{'learning_rate': 0.031622776601683791, 'max_depth': 10, 'max_features': 'sqrt', 'n_estimators': 100, 'random_state': 0}",mrmr,Segment_TOTAL_~2014,0 days 00:00:44.015124000,cls,3.1611058712005615,0.612288296089444,1.0,GDBcls,f1_weighted
