kind,model_name,best_model,best_params,grid_cv_time,mean_fit_time,mean_test,mean_train,score
reg,ols,"LinearRegression(copy_X=True, fit_intercept=True, n_jobs=1, normalize=False)",{},0 days 00:00:02.143497000,0.004603052139282226,-0.8902262647070797,-0.39832566312985485,neg_mean_squared_error
reg,lasso,"Lasso(alpha=1.0, copy_X=True, fit_intercept=True, max_iter=1000,
   normalize=False, positive=False, precompute=False, random_state=None,
   selection='cyclic', tol=0.0001, warm_start=False)",{'alpha': 1.0},0 days 00:00:02.320699000,0.0014008522033691407,-0.6731885882035575,-0.6698311968162751,neg_mean_squared_error
reg,ridge,"Ridge(alpha=4.6415888336127784, copy_X=True, fit_intercept=True,
   max_iter=None, normalize=False, random_state=None, solver='auto',
   tol=0.001)",{'alpha': 4.6415888336127784},0 days 00:00:02.138510000,0.0010006427764892578,-0.5263346367626731,-0.47627717538120995,neg_mean_squared_error
reg,DTreg,"DecisionTreeRegressor(criterion='mse', max_depth=3, max_features=1.0,
           max_leaf_nodes=None, min_impurity_split=1e-07,
           min_samples_leaf=1, min_samples_split=2,
           min_weight_fraction_leaf=0.0, presort=False, random_state=None,
           splitter='best')","{'max_depth': 3, 'max_features': 1.0}",0 days 00:00:02.319637000,0.001601266860961914,-0.6005006878963334,-0.4173458425893196,neg_mean_squared_error
reg,linearSVR,"LinearSVR(C=0.10000000000000001, dual=True, epsilon=0, fit_intercept=True,
     intercept_scaling=1.0, loss='squared_epsilon_insensitive',
     max_iter=1000, random_state=None, tol=0.0001, verbose=0)","{'C': 0.10000000000000001, 'epsilon': 0, 'loss': 'squared_epsilon_insensitive'}",0 days 00:00:02.510024000,0.0012011528015136719,-0.5699921595210014,-0.5157376387617882,neg_mean_squared_error
cls,logistics,"LogisticRegression(C=100.0, class_weight=None, dual=False, fit_intercept=True,
          intercept_scaling=1, max_iter=100, multi_class='ovr', n_jobs=1,
          penalty='l1', random_state=None, solver='liblinear', tol=0.0001,
          verbose=0, warm_start=False)","{'C': 100.0, 'penalty': 'l1'}",0 days 00:00:04.798304000,0.8257827281951904,0.5043698968962096,0.6703343173369822,f1_weighted
cls,DTcls,"DecisionTreeClassifier(class_weight=None, criterion='entropy', max_depth=50,
            max_features=0.3, max_leaf_nodes=None,
            min_impurity_split=1e-07, min_samples_leaf=1,
            min_samples_split=2, min_weight_fraction_leaf=0.0,
            presort=False, random_state=None, splitter='best')","{'criterion': 'entropy', 'max_depth': 50, 'max_features': 0.3}",0 days 00:00:02.420759000,0.0014007091522216797,0.46513575377391303,1.0,f1_weighted
cls,linearSVM,"LinearSVC(C=100.0, class_weight=None, dual=True, fit_intercept=True,
     intercept_scaling=1, loss='hinge', max_iter=1000, multi_class='ovr',
     penalty='l2', random_state=None, tol=0.0001, verbose=0)","{'C': 100.0, 'loss': 'hinge'}",0 days 00:00:02.464616000,0.042230987548828126,0.48790236375440593,0.6416480308208499,f1_weighted
reg,ADAreg,"AdaBoostRegressor(base_estimator=None, learning_rate=0.56234132519034907,
         loss='linear', n_estimators=100, random_state=None)","{'learning_rate': 0.56234132519034907, 'n_estimators': 100}",0 days 00:00:11.280526000,0.15611028671264648,-0.4926104766737349,-0.23901016866679797,neg_mean_squared_error
reg,RFreg,"RandomForestRegressor(bootstrap=True, criterion='mse', max_depth=None,
           max_features='log2', max_leaf_nodes=None,
           min_impurity_split=1e-07, min_samples_leaf=1,
           min_samples_split=2, min_weight_fraction_leaf=0.0,
           n_estimators=500, n_jobs=1, oob_score=False, random_state=None,
           verbose=0, warm_start=False)","{'max_features': 'log2', 'min_samples_leaf': 1, 'n_estimators': 500}",0 days 00:00:07.497148000,0.655663251876831,-0.490361378140415,-0.0646243480579328,neg_mean_squared_error
reg,MLPreg,"MLPRegressor(activation='relu', alpha=0.0001, batch_size='auto', beta_1=0.9,
       beta_2=0.999, early_stopping=False, epsilon=1e-08,
       hidden_layer_sizes=(5, 2), learning_rate='constant',
       learning_rate_init=0.001, max_iter=10000, momentum=0.9,
       nesterovs_momentum=True, power_t=0.5, random_state=None,
       shuffle=True, solver='adam', tol=0.0001, validation_fraction=0.1,
       verbose=False, warm_start=False)","{'hidden_layer_sizes': (5, 2), 'learning_rate': 'constant', 'max_iter': 10000}",0 days 00:00:07.807649000,0.5139627933502198,-0.6983151003315706,-0.7054651309690645,neg_mean_squared_error
cls,ADAcls,"AdaBoostClassifier(algorithm='SAMME.R', base_estimator=None,
          learning_rate=0.56234132519034907, n_estimators=30,
          random_state=None)","{'learning_rate': 0.56234132519034907, 'n_estimators': 30}",0 days 00:00:13.344742000,0.06064043045043945,0.4292581818063522,0.4695964940957196,f1_weighted
cls,RFcls,"RandomForestClassifier(bootstrap=True, class_weight=None, criterion='gini',
            max_depth=None, max_features='sqrt', max_leaf_nodes=None,
            min_impurity_split=1e-07, min_samples_leaf=1,
            min_samples_split=2, min_weight_fraction_leaf=0.0,
            n_estimators=500, n_jobs=1, oob_score=False, random_state=None,
            verbose=0, warm_start=False)","{'max_features': 'sqrt', 'min_samples_leaf': 1, 'n_estimators': 500}",0 days 00:00:08.498032000,0.7599370956420899,0.4967979323567279,1.0,f1_weighted
cls,MLPcls,"MLPClassifier(activation='relu', alpha=0.0001, batch_size='auto', beta_1=0.9,
       beta_2=0.999, early_stopping=False, epsilon=1e-08,
       hidden_layer_sizes=(20, 5), learning_rate='adaptive',
       learning_rate_init=0.001, max_iter=10000, momentum=0.9,
       nesterovs_momentum=True, power_t=0.5, random_state=None,
       shuffle=True, solver='adam', tol=0.0001, validation_fraction=0.1,
       verbose=False, warm_start=False)","{'hidden_layer_sizes': (20, 5), 'learning_rate': 'adaptive', 'max_iter': 10000}",0 days 00:00:15.000591000,0.8121737957000732,0.42023274260802723,0.5153107164434209,f1_weighted
reg,BAGreg,"BaggingRegressor(base_estimator=None, bootstrap=True,
         bootstrap_features=False, max_features=1.0, max_samples=1.0,
         n_estimators=100, n_jobs=1, oob_score=False, random_state=None,
         verbose=0, warm_start=False)","{'max_features': 1.0, 'n_estimators': 100}",0 days 00:00:10.180128000,0.28079814910888673,-0.46687355061496283,-0.06559199652791499,neg_mean_squared_error
cls,BAGcls,"BaggingClassifier(base_estimator=None, bootstrap=True,
         bootstrap_features=False, max_features=1.0, max_samples=1.0,
         n_estimators=500, n_jobs=1, oob_score=False, random_state=None,
         verbose=0, warm_start=False)","{'max_features': 1.0, 'n_estimators': 500}",0 days 00:00:11.966288000,1.0953790664672851,0.5062676699095453,1.0,f1_weighted
reg,SVR,"SVR(C=100.0, cache_size=200, coef0=0.0, degree=3, epsilon=0.1, gamma=0.001,
  kernel='rbf', max_iter=-1, shrinking=True, tol=0.001, verbose=False)","{'C': 100.0, 'gamma': 0.001, 'kernel': 'rbf'}",0 days 00:00:02.525845000,0.002601957321166992,-0.5392263179391238,-0.48965835380514366,neg_mean_squared_error
reg,GDBreg,"GradientBoostingRegressor(alpha=0.9, criterion='friedman_mse', init=None,
             learning_rate=0.031622776601683791, loss='ls', max_depth=50,
             max_features='sqrt', max_leaf_nodes=None,
             min_impurity_split=1e-07, min_samples_leaf=1,
             min_samples_split=2, min_weight_fraction_leaf=0.0,
             n_estimators=100, presort='auto', random_state=None,
             subsample=1.0, verbose=0, warm_start=False)","{'learning_rate': 0.031622776601683791, 'max_depth': 50, 'max_features': 'sqrt', 'n_estimators': 100}",0 days 00:00:04.019881000,0.06084284782409668,-0.4679268904552897,-0.0010836239850062078,neg_mean_squared_error
cls,SVM,"SVC(C=100.0, cache_size=200, class_weight=None, coef0=0.0,
  decision_function_shape=None, degree=3, gamma=0.1, kernel='rbf',
  max_iter=-1, probability=False, random_state=None, shrinking=True,
  tol=0.001, verbose=False)","{'C': 100.0, 'gamma': 0.1, 'kernel': 'rbf'}",0 days 00:00:02.460442000,0.004002952575683593,0.49796768476542536,0.6341739446332021,f1_weighted
cls,GDBcls,"GradientBoostingClassifier(criterion='friedman_mse', init=None,
              learning_rate=0.031622776601683791, loss='deviance',
              max_depth=50, max_features='sqrt', max_leaf_nodes=None,
              min_impurity_split=1e-07, min_samples_leaf=1,
              min_samples_split=2, min_weight_fraction_leaf=0.0,
              n_estimators=100, presort='auto', random_state=None,
              subsample=1.0, verbose=0, warm_start=False)","{'learning_rate': 0.031622776601683791, 'max_depth': 50, 'max_features': 'sqrt', 'n_estimators': 100}",0 days 00:00:26.436937000,1.1656230449676515,0.5026847155975366,1.0,f1_weighted
