,best_params,feature_selection,ftr_combo_name,grid_cv_time,kind,mean_fit_time,mean_test,mean_train,model_name,score
0,"{'C': 100.0, 'degree': 3, 'gamma': 0.1, 'kernel': 'poly'}",None,RoadNet,0 days 00:00:01.863612000,SVM,0.015439367294311524,0.6367524661321391,0.8092812390186218,SVM,f1_weighted
1,"{'max_features': 'log2', 'min_samples_leaf': 1, 'n_estimators': 100, 'random_state': 0}",None,RoadNet,0 days 00:00:07.904920000,cls,0.23768577575683594,0.7369312463120102,1.0,RFcls,f1_weighted
2,"{'learning_rate': 0.031622776601683791, 'max_depth': 10, 'max_features': 'sqrt', 'n_estimators': 50, 'random_state': 0}",None,RoadNet,0 days 00:00:47.716285000,cls,1.6981447696685792,0.7535510089593691,1.0,GDBcls,f1_weighted
3,"{'C': 100.0, 'degree': 3, 'gamma': 0.1, 'kernel': 'poly'}",rfecv_linsvc,RoadNet,0 days 00:00:01.561782000,SVM,0.012889766693115234,0.6478661537371786,0.7875524631033993,SVM,f1_weighted
4,"{'max_features': 'sqrt', 'min_samples_leaf': 1, 'n_estimators': 500, 'random_state': 0}",rfecv_linsvc,RoadNet,0 days 00:00:08.173780000,cls,0.9693120956420899,0.729134747619532,1.0,RFcls,f1_weighted
5,"{'learning_rate': 0.031622776601683791, 'max_depth': 10, 'max_features': 'sqrt', 'n_estimators': 50, 'random_state': 0}",rfecv_linsvc,RoadNet,0 days 00:00:42.918739000,cls,1.6612525463104248,0.7539268785018919,1.0,GDBcls,f1_weighted
6,"{'C': 100.0, 'degree': 3, 'gamma': 0.1, 'kernel': 'poly'}",mrmr,RoadNet,0 days 00:00:01.878582000,SVM,0.013993597030639649,0.630530042917482,0.801690993308181,SVM,f1_weighted
7,"{'max_features': 'sqrt', 'min_samples_leaf': 1, 'n_estimators': 100, 'random_state': 0}",mrmr,RoadNet,0 days 00:00:07.456045000,cls,0.22859268188476561,0.7335573487958202,1.0,RFcls,f1_weighted
8,"{'learning_rate': 0.031622776601683791, 'max_depth': 50, 'max_features': 'sqrt', 'n_estimators': 50, 'random_state': 0}",mrmr,RoadNet,0 days 00:00:46.516262000,cls,0.9637053489685059,0.7362953442088244,1.0,GDBcls,f1_weighted
9,"{'C': 100.0, 'degree': 3, 'gamma': 0.1, 'kernel': 'poly'}",None,Segment_NO_TOTAL_~2014,0 days 00:00:03.527241000,SVM,0.03365945816040039,0.6917569390547073,0.9539006948097535,SVM,f1_weighted
10,"{'max_features': 'log2', 'min_samples_leaf': 1, 'n_estimators': 100, 'random_state': 0}",None,Segment_NO_TOTAL_~2014,0 days 00:00:09.654048000,cls,0.31740126609802244,0.721814017544985,1.0,RFcls,f1_weighted
11,"{'learning_rate': 0.031622776601683791, 'max_depth': 10, 'max_features': 'log2', 'n_estimators': 50, 'random_state': 0}",None,Segment_NO_TOTAL_~2014,0 days 00:00:44.769561000,cls,1.6808152675628663,0.7484575367852128,1.0,GDBcls,f1_weighted
12,"{'C': 100.0, 'gamma': 0.1, 'kernel': 'rbf'}",rfecv_linsvc,Segment_NO_TOTAL_~2014,0 days 00:00:02.498902000,SVM,0.03077211380004883,0.6994099204807698,0.9946006815891455,SVM,f1_weighted
13,"{'max_features': 'sqrt', 'min_samples_leaf': 2, 'n_estimators': 100, 'random_state': 0}",rfecv_linsvc,Segment_NO_TOTAL_~2014,0 days 00:00:09.136031000,cls,0.2267784595489502,0.7227198049562457,0.9990207297896114,RFcls,f1_weighted
14,"{'learning_rate': 0.031622776601683791, 'max_depth': 50, 'max_features': 'log2', 'n_estimators': 50, 'random_state': 0}",rfecv_linsvc,Segment_NO_TOTAL_~2014,0 days 00:00:42.600535000,cls,0.9289162158966064,0.720326222875396,1.0,GDBcls,f1_weighted
15,"{'C': 100.0, 'degree': 3, 'gamma': 0.1, 'kernel': 'poly'}",mrmr,Segment_NO_TOTAL_~2014,0 days 00:00:03.415113000,SVM,0.03367185592651367,0.6893184334646468,0.9539333669188499,SVM,f1_weighted
16,"{'max_features': 'sqrt', 'min_samples_leaf': 1, 'n_estimators': 100, 'random_state': 0}",mrmr,Segment_NO_TOTAL_~2014,0 days 00:00:11.004241000,cls,0.2629948616027832,0.7234949548999554,1.0,RFcls,f1_weighted
17,"{'learning_rate': 0.031622776601683791, 'max_depth': 50, 'max_features': 'log2', 'n_estimators': 50, 'random_state': 0}",mrmr,Segment_NO_TOTAL_~2014,0 days 00:00:54.730157000,cls,0.9538193702697754,0.7323618505911546,1.0,GDBcls,f1_weighted
18,"{'C': 100.0, 'gamma': 0.1, 'kernel': 'rbf'}",None,RoadNet+Segment_NO_TOTAL_~2014,0 days 00:00:04.029911000,SVM,0.055656814575195314,0.7156421701908532,1.0,SVM,f1_weighted
19,"{'max_features': 'sqrt', 'min_samples_leaf': 1, 'n_estimators': 100, 'random_state': 0}",None,RoadNet+Segment_NO_TOTAL_~2014,0 days 00:00:10.862437000,cls,0.2890817642211914,0.7449427489422092,1.0,RFcls,f1_weighted
20,"{'learning_rate': 0.031622776601683791, 'max_depth': 10, 'max_features': 'sqrt', 'n_estimators': 100, 'random_state': 0}",None,RoadNet+Segment_NO_TOTAL_~2014,0 days 00:00:47.090946000,cls,3.0845577716827393,0.7673914048864515,1.0,GDBcls,f1_weighted
21,"{'C': 100.0, 'degree': 3, 'gamma': 0.1, 'kernel': 'poly'}",rfecv_linsvc,RoadNet+Segment_NO_TOTAL_~2014,0 days 00:00:02.904267000,SVM,0.028136682510375977,0.7343044712086529,1.0,SVM,f1_weighted
22,"{'max_features': 'log2', 'min_samples_leaf': 1, 'n_estimators': 500, 'random_state': 0}",rfecv_linsvc,RoadNet+Segment_NO_TOTAL_~2014,0 days 00:00:11.729210000,cls,0.9622467994689942,0.7529248839354924,1.0,RFcls,f1_weighted
23,"{'learning_rate': 0.031622776601683791, 'max_depth': 10, 'max_features': 'log2', 'n_estimators': 100, 'random_state': 0}",rfecv_linsvc,RoadNet+Segment_NO_TOTAL_~2014,0 days 00:00:45.005044000,cls,3.0895740509033205,0.7729944510321353,1.0,GDBcls,f1_weighted
24,"{'C': 100.0, 'gamma': 0.1, 'kernel': 'rbf'}",mrmr,RoadNet+Segment_NO_TOTAL_~2014,0 days 00:00:04.304359000,SVM,0.0632504940032959,0.7201462387854574,1.0,SVM,f1_weighted
25,"{'max_features': 'log2', 'min_samples_leaf': 1, 'n_estimators': 500, 'random_state': 0}",mrmr,RoadNet+Segment_NO_TOTAL_~2014,0 days 00:00:08.908595000,cls,0.9562159061431885,0.7581900362139333,1.0,RFcls,f1_weighted
26,"{'learning_rate': 0.031622776601683791, 'max_depth': 50, 'max_features': 'sqrt', 'n_estimators': 50, 'random_state': 0}",mrmr,RoadNet+Segment_NO_TOTAL_~2014,0 days 00:00:47.562537000,cls,0.9203051567077637,0.7666343486949726,1.0,GDBcls,f1_weighted
27,"{'C': 100.0, 'degree': 3, 'gamma': 0.1, 'kernel': 'poly'}",None,RoadNet+Segment_TOTAL_~2014,0 days 00:00:01.983181000,SVM,0.01686887741088867,0.6785353561149308,0.8983385381060289,SVM,f1_weighted
28,"{'max_features': 'log2', 'min_samples_leaf': 1, 'n_estimators': 100, 'random_state': 0}",None,RoadNet+Segment_TOTAL_~2014,0 days 00:00:09.448388000,cls,0.31020174026489256,0.7785441155001935,1.0,RFcls,f1_weighted
29,"{'learning_rate': 0.031622776601683791, 'max_depth': 50, 'max_features': 'sqrt', 'n_estimators': 100, 'random_state': 0}",None,RoadNet+Segment_TOTAL_~2014,0 days 00:00:43.964200000,cls,1.5779799938201904,0.7794451912721357,1.0,GDBcls,f1_weighted
30,"{'C': 100.0, 'degree': 3, 'gamma': 0.1, 'kernel': 'poly'}",rfecv_linsvc,RoadNet+Segment_TOTAL_~2014,0 days 00:00:01.475401000,SVM,0.012360525131225587,0.6740947289550834,0.8315046206283625,SVM,f1_weighted
31,"{'max_features': 'log2', 'min_samples_leaf': 1, 'n_estimators': 500, 'random_state': 0}",rfecv_linsvc,RoadNet+Segment_TOTAL_~2014,0 days 00:00:10.507783000,cls,1.4915459632873536,0.7665574845514288,1.0,RFcls,f1_weighted
32,"{'learning_rate': 0.031622776601683791, 'max_depth': 10, 'max_features': 'log2', 'n_estimators': 100, 'random_state': 0}",rfecv_linsvc,RoadNet+Segment_TOTAL_~2014,0 days 00:00:44.734764000,cls,3.061195135116577,0.7867324101586847,1.0,GDBcls,f1_weighted
33,"{'C': 100.0, 'degree': 3, 'gamma': 0.1, 'kernel': 'poly'}",mrmr,RoadNet+Segment_TOTAL_~2014,0 days 00:00:01.994774000,SVM,0.016268587112426756,0.6740064030437173,0.8909127903272221,SVM,f1_weighted
34,"{'max_features': 'sqrt', 'min_samples_leaf': 1, 'n_estimators': 500, 'random_state': 0}",mrmr,RoadNet+Segment_TOTAL_~2014,0 days 00:00:12.258607000,cls,1.5972184658050537,0.7685986777969895,1.0,RFcls,f1_weighted
35,"{'learning_rate': 0.031622776601683791, 'max_depth': 50, 'max_features': 'sqrt', 'n_estimators': 100, 'random_state': 0}",mrmr,RoadNet+Segment_TOTAL_~2014,0 days 00:00:44.052301000,cls,1.5682661533355713,0.7789360481122567,1.0,GDBcls,f1_weighted
