kind,model_name,best_model,best_params,grid_cv_time,mean_fit_time,mean_test,mean_train,score
reg,ols,"LinearRegression(copy_X=True, fit_intercept=True, n_jobs=1, normalize=False)",{},0 days 00:00:02.116755000,0.007004976272583008,-1.2469251846968856e+22,-0.29061593585236584,neg_mean_squared_error
reg,lasso,"Lasso(alpha=1.0, copy_X=True, fit_intercept=True, max_iter=1000,
   normalize=False, positive=False, precompute=False, random_state=None,
   selection='cyclic', tol=0.0001, warm_start=False)",{'alpha': 1.0},0 days 00:00:02.246586000,0.0016011238098144532,-0.6731885882035575,-0.6698311968162751,neg_mean_squared_error
reg,ridge,"Ridge(alpha=7.7426368268112693, copy_X=True, fit_intercept=True,
   max_iter=None, normalize=False, random_state=None, solver='auto',
   tol=0.001)",{'alpha': 7.7426368268112693},0 days 00:00:02.234578000,0.002401590347290039,-0.5137254490925349,-0.43249706467101756,neg_mean_squared_error
reg,DTreg,"DecisionTreeRegressor(criterion='mse', max_depth=3, max_features=1.0,
           max_leaf_nodes=None, min_impurity_split=1e-07,
           min_samples_leaf=1, min_samples_split=2,
           min_weight_fraction_leaf=0.0, presort=False, random_state=None,
           splitter='best')","{'max_depth': 3, 'max_features': 1.0}",0 days 00:00:02.524845000,0.0016013145446777343,-0.5614569436490067,-0.3645880126832437,neg_mean_squared_error
reg,linearSVR,"LinearSVR(C=0.10000000000000001, dual=True, epsilon=0, fit_intercept=True,
     intercept_scaling=1.0, loss='squared_epsilon_insensitive',
     max_iter=1000, random_state=None, tol=0.0001, verbose=0)","{'C': 0.10000000000000001, 'epsilon': 0, 'loss': 'squared_epsilon_insensitive'}",0 days 00:00:02.820992000,0.0022020816802978517,-0.5693937091715874,-0.46321274008112046,neg_mean_squared_error
cls,logistics,"LogisticRegression(C=100.0, class_weight=None, dual=False, fit_intercept=True,
          intercept_scaling=1, max_iter=100, multi_class='ovr', n_jobs=1,
          penalty='l2', random_state=None, solver='liblinear', tol=0.0001,
          verbose=0, warm_start=False)","{'C': 100.0, 'penalty': 'l2'}",0 days 00:00:05.051567000,0.01661057472229004,0.5176245249210403,0.7196248262924259,f1_weighted
cls,DTcls,"DecisionTreeClassifier(class_weight=None, criterion='entropy', max_depth=30,
            max_features=1.0, max_leaf_nodes=None,
            min_impurity_split=1e-07, min_samples_leaf=1,
            min_samples_split=2, min_weight_fraction_leaf=0.0,
            presort=False, random_state=None, splitter='best')","{'criterion': 'entropy', 'max_depth': 30, 'max_features': 1.0}",0 days 00:00:02.634896000,0.006404352188110351,0.48513493834059784,1.0,f1_weighted
cls,linearSVM,"LinearSVC(C=0.10000000000000001, class_weight=None, dual=True,
     fit_intercept=True, intercept_scaling=1, loss='squared_hinge',
     max_iter=1000, multi_class='ovr', penalty='l2', random_state=None,
     tol=0.0001, verbose=0)","{'C': 0.10000000000000001, 'loss': 'squared_hinge'}",0 days 00:00:02.451584000,0.006804513931274414,0.4705326844197591,0.5481450841734332,f1_weighted
reg,ADAreg,"AdaBoostRegressor(base_estimator=None, learning_rate=0.031622776601683791,
         loss='linear', n_estimators=500, random_state=None)","{'learning_rate': 0.031622776601683791, 'n_estimators': 500}",0 days 00:00:14.926536000,1.071559524536133,-0.4806682865781426,-0.23657865196467848,neg_mean_squared_error
reg,RFreg,"RandomForestRegressor(bootstrap=True, criterion='mse', max_depth=None,
           max_features='log2', max_leaf_nodes=None,
           min_impurity_split=1e-07, min_samples_leaf=1,
           min_samples_split=2, min_weight_fraction_leaf=0.0,
           n_estimators=100, n_jobs=1, oob_score=False, random_state=None,
           verbose=0, warm_start=False)","{'max_features': 'log2', 'min_samples_leaf': 1, 'n_estimators': 100}",0 days 00:00:07.073410000,0.12889409065246582,-0.4539981211892905,-0.06216956864217037,neg_mean_squared_error
reg,MLPreg,"MLPRegressor(activation='relu', alpha=0.0001, batch_size='auto', beta_1=0.9,
       beta_2=0.999, early_stopping=False, epsilon=1e-08,
       hidden_layer_sizes=(5, 2), learning_rate='adaptive',
       learning_rate_init=0.001, max_iter=10000, momentum=0.9,
       nesterovs_momentum=True, power_t=0.5, random_state=None,
       shuffle=True, solver='adam', tol=0.0001, validation_fraction=0.1,
       verbose=False, warm_start=False)","{'hidden_layer_sizes': (5, 2), 'learning_rate': 'adaptive', 'max_iter': 10000}",0 days 00:00:09.625797000,1.9499766826629639,-0.6989598074262192,-0.6872561539466872,neg_mean_squared_error
cls,ADAcls,"AdaBoostClassifier(algorithm='SAMME.R', base_estimator=None,
          learning_rate=0.0001, n_estimators=10, random_state=None)","{'learning_rate': 0.0001, 'n_estimators': 10}",0 days 00:00:14.423058000,0.019412899017333986,0.4508331535364937,0.45297220463810417,f1_weighted
cls,RFcls,"RandomForestClassifier(bootstrap=True, class_weight=None, criterion='gini',
            max_depth=None, max_features='sqrt', max_leaf_nodes=None,
            min_impurity_split=1e-07, min_samples_leaf=1,
            min_samples_split=2, min_weight_fraction_leaf=0.0,
            n_estimators=500, n_jobs=1, oob_score=False, random_state=None,
            verbose=0, warm_start=False)","{'max_features': 'sqrt', 'min_samples_leaf': 1, 'n_estimators': 500}",0 days 00:00:08.423063000,0.8129748821258544,0.5344318786715503,1.0,f1_weighted
cls,MLPcls,"MLPClassifier(activation='relu', alpha=0.0001, batch_size='auto', beta_1=0.9,
       beta_2=0.999, early_stopping=False, epsilon=1e-08,
       hidden_layer_sizes=(100,), learning_rate='adaptive',
       learning_rate_init=0.001, max_iter=10000, momentum=0.9,
       nesterovs_momentum=True, power_t=0.5, random_state=None,
       shuffle=True, solver='adam', tol=0.0001, validation_fraction=0.1,
       verbose=False, warm_start=False)","{'hidden_layer_sizes': (100,), 'learning_rate': 'adaptive', 'max_iter': 10000}",0 days 00:00:14.892604000,1.0025075912475585,0.4364902868737795,0.6588367532855349,f1_weighted
reg,BAGreg,"BaggingRegressor(base_estimator=None, bootstrap=True,
         bootstrap_features=False, max_features=0.7, max_samples=1.0,
         n_estimators=50, n_jobs=1, oob_score=False, random_state=None,
         verbose=0, warm_start=False)","{'max_features': 0.7, 'n_estimators': 50}",0 days 00:00:12.411069000,0.12148542404174804,-0.4482447269590819,-0.06540770044481091,neg_mean_squared_error
cls,BAGcls,"BaggingClassifier(base_estimator=None, bootstrap=True,
         bootstrap_features=False, max_features=1.0, max_samples=1.0,
         n_estimators=50, n_jobs=1, oob_score=False, random_state=None,
         verbose=0, warm_start=False)","{'max_features': 1.0, 'n_estimators': 50}",0 days 00:00:13.348383000,0.15691056251525878,0.5543967072686299,1.0,f1_weighted
reg,SVR,"SVR(C=100.0, cache_size=200, coef0=0.0, degree=3, epsilon=0.1, gamma=0.001,
  kernel='sigmoid', max_iter=-1, shrinking=True, tol=0.001, verbose=False)","{'C': 100.0, 'gamma': 0.001, 'kernel': 'sigmoid'}",0 days 00:00:02.528093000,0.0032021522521972655,-0.5185992551225789,-0.4507684444721689,neg_mean_squared_error
reg,GDBreg,"GradientBoostingRegressor(alpha=0.9, criterion='friedman_mse', init=None,
             learning_rate=0.031622776601683791, loss='ls', max_depth=50,
             max_features='log2', max_leaf_nodes=None,
             min_impurity_split=1e-07, min_samples_leaf=1,
             min_samples_split=2, min_weight_fraction_leaf=0.0,
             n_estimators=100, presort='auto', random_state=None,
             subsample=1.0, verbose=0, warm_start=False)","{'learning_rate': 0.031622776601683791, 'max_depth': 50, 'max_features': 'log2', 'n_estimators': 100}",0 days 00:00:04.509442000,0.062044191360473636,-0.4513046743260059,-0.0010836462837283658,neg_mean_squared_error
cls,SVM,"SVC(C=100.0, cache_size=200, class_weight=None, coef0=0.0,
  decision_function_shape=None, degree=3, gamma=0.1, kernel='rbf',
  max_iter=-1, probability=False, random_state=None, shrinking=True,
  tol=0.001, verbose=False)","{'C': 100.0, 'gamma': 0.1, 'kernel': 'rbf'}",0 days 00:00:02.522507000,0.007805919647216797,0.4990933892100076,0.9212720380293632,f1_weighted
cls,GDBcls,"GradientBoostingClassifier(criterion='friedman_mse', init=None,
              learning_rate=0.031622776601683791, loss='deviance',
              max_depth=50, max_features='sqrt', max_leaf_nodes=None,
              min_impurity_split=1e-07, min_samples_leaf=1,
              min_samples_split=2, min_weight_fraction_leaf=0.0,
              n_estimators=100, presort='auto', random_state=None,
              subsample=1.0, verbose=0, warm_start=False)","{'learning_rate': 0.031622776601683791, 'max_depth': 50, 'max_features': 'sqrt', 'n_estimators': 100}",0 days 00:00:25.753186000,1.1087822437286377,0.5430151178696432,1.0,f1_weighted
